ISO-10303-21;
HEADER;
FILE_DESCRIPTION (( 'STEP AP214' ),
    '1' );
FILE_NAME ('TCST2103.STEP',
    '2026-03-22T13:22:34',
    ( 'LENOVO' ),
    ( '' ),
    'SwSTEP 2.0',
    'SolidWorks 2021',
    '' );
FILE_SCHEMA (( 'AUTOMOTIVE_DESIGN' ));
ENDSEC;

DATA;
#1 = ADVANCED_FACE ( 'NONE', ( #4302 ), #140, .T. ) ;
#2 = EDGE_CURVE ( 'NONE', #261, #4095, #1401, .T. ) ;
#4 = FACE_OUTER_BOUND ( 'NONE', #3661, .T. ) ;
#3 = LINE ( 'NONE', #3110, #1416 ) ;
#5 = CARTESIAN_POINT ( 'NONE',  ( 3.649803556244809677, 11.09999999999999964, -2.649699295179889891 ) ) ;
#6 = CARTESIAN_POINT ( 'NONE',  ( 3.813162939718460098, 10.90000000000000036, -1.252398394000926007 ) ) ;
#7 = CARTESIAN_POINT ( 'NONE',  ( -5.950000000000000178, 3.100000000000000089, 2.499999999999999556 ) ) ;
#8 = CARTESIAN_POINT ( 'NONE',  ( 3.488501682428630346, 11.09999999999999964, -2.446474469422815101 ) ) ;
#10 = ORIENTED_EDGE ( 'NONE', *, *, #3166, .T. ) ;
#9 = LINE ( 'NONE', #2575, #1500 ) ;
#11 = DIRECTION ( 'NONE',  ( 1.000000000000000000, -0.000000000000000000, 6.938893903907228378E-15 ) ) ;
#12 = CARTESIAN_POINT ( 'NONE',  ( 2.299999999999999822, 11.09999999999999964, 1.875000000000000000 ) ) ;
#14 = VERTEX_POINT ( 'NONE', #3118 ) ;
#13 = VECTOR ( 'NONE', #2408, 1000.000000000000000 ) ;
#15 = CARTESIAN_POINT ( 'NONE',  ( 3.492439648125020391, 10.90000000000000036, -0.7181953472586870557 ) ) ;
#16 = EDGE_CURVE ( 'NONE', #557, #360, #2870, .T. ) ;
#17 = DIRECTION ( 'NONE',  ( 0.000000000000000000, 0.000000000000000000, 1.000000000000000000 ) ) ;
#18 = LINE ( 'NONE', #3419, #1437 ) ;
#19 = CARTESIAN_POINT ( 'NONE',  ( -2.407692307692309797, 10.90000000000000036, 2.700000000000000178 ) ) ;
#20 = AXIS2_PLACEMENT_3D ( 'NONE', #198, #4263, #574 ) ;
#21 = EDGE_CURVE ( 'NONE', #1666, #2240, #4266, .T. ) ;
#22 = LINE ( 'NONE', #23, #1433 ) ;
#23 = CARTESIAN_POINT ( 'NONE',  ( -4.100000000000000533, 24.78707656525730130, -1.875000000000000000 ) ) ;
#24 = DIRECTION ( 'NONE',  ( -1.000000000000000000, 0.000000000000000000, 0.000000000000000000 ) ) ;
#25 = DIRECTION ( 'NONE',  ( 1.000000000000000000, 0.000000000000000000, 0.000000000000000000 ) ) ;
#26 = DIRECTION ( 'NONE',  ( 0.000000000000000000, 1.000000000000000000, 0.000000000000000000 ) ) ;
#27 = ADVANCED_FACE ( 'NONE', ( #1357, #4307, #1428 ), #1763, .F. ) ;
#28 = PRODUCT_DEFINITION ( 'UNKNOWN', '', #812, #2221 ) ;
#29 = VECTOR ( 'NONE', #361, 1000.000000000000000 ) ;
#30 = PLANE ( 'NONE',  #3873 ) ;
#31 = CARTESIAN_POINT ( 'NONE',  ( -2.535897435897434882, 24.78707656525730130, 1.546153846153845102 ) ) ;
#32 = DIRECTION ( 'NONE',  ( 1.000000000000000000, 0.000000000000000000, 0.000000000000000000 ) ) ;
#33 = DIRECTION ( 'NONE',  ( 0.000000000000000000, 0.000000000000000000, -1.000000000000000000 ) ) ;
#34 = FACE_OUTER_BOUND ( 'NONE', #3573, .T. ) ;
#35 = CARTESIAN_POINT ( 'NONE',  ( 4.171257627318910366, 11.09999999999999964, -1.673932400105180074 ) ) ;
#36 =( NAMED_UNIT ( * ) PLANE_ANGLE_UNIT ( ) SI_UNIT ( $, .RADIAN. ) );
#37 = AXIS2_PLACEMENT_3D ( 'NONE', #872, #3207, #4214 ) ;
#38 = EDGE_CURVE ( 'NONE', #865, #3017, #1417, .T. ) ;
#39 = CARTESIAN_POINT ( 'NONE',  ( 3.889743589743590135, 10.90000000000000036, -1.715224358974360097 ) ) ;
#40 = SURFACE_STYLE_USAGE ( .BOTH. , #4149 ) ;
#41 = VECTOR ( 'NONE', #1654, 1000.000000000000000 ) ;
#42 = EDGE_CURVE ( 'NONE', #2529, #1302, #2901, .T. ) ;
#43 = VECTOR ( 'NONE', #2100, 1000.000000000000000 ) ;
#44 = PLANE ( 'NONE',  #1232 ) ;
#45 = CARTESIAN_POINT ( 'NONE',  ( 9.500000000000000000, 0.000000000000000000, 1.650000000000000577 ) ) ;
#46 = CARTESIAN_POINT ( 'NONE',  ( 3.233360217782009549, 10.90000000000000036, -2.699915535310169812 ) ) ;
#47 = DIRECTION ( 'NONE',  ( 0.000000000000000000, 0.000000000000000000, 1.000000000000000000 ) ) ;
#48 = CARTESIAN_POINT ( 'NONE',  ( 3.600000000000000089, 0.000000000000000000, 1.044999999999999929 ) ) ;
#49 = LINE ( 'NONE', #2511, #2945 ) ;
#50 = DIRECTION ( 'NONE',  ( 1.000000000000000000, 0.000000000000000000, -5.421010862427539919E-16 ) ) ;
#51 = CARTESIAN_POINT ( 'NONE',  ( 3.858894230769229772, 11.09999999999999964, -2.528125000000000178 ) ) ;
#52 = ADVANCED_FACE ( 'NONE', ( #4 ), #2435, .T. ) ;
#53 = CARTESIAN_POINT ( 'NONE',  ( -2.050000000000000266, 10.90000000000000036, -0.2500000000000000000 ) ) ;
#54 = LINE ( 'NONE', #3193, #1472 ) ;
#55 = DIRECTION ( 'NONE',  ( 0.000000000000000000, 0.000000000000000000, -1.000000000000000000 ) ) ;
#56 = EDGE_CURVE ( 'NONE', #2004, #1906, #2775, .T. ) ;
#57 = CARTESIAN_POINT ( 'NONE',  ( -3.024999999999999911, 11.09999999999999964, -1.875000000000000000 ) ) ;
#58 = CARTESIAN_POINT ( 'NONE',  ( 3.851649458239700063, 10.90000000000000036, -2.051691603631510041 ) ) ;
#59 = ORIENTED_EDGE ( 'NONE', *, *, #1614, .T. ) ;
#60 = AXIS2_PLACEMENT_3D ( 'NONE', #886, #466, #2127 ) ;
#61 = VECTOR ( 'NONE', #1200, 1000.000000000000000 ) ;
#62 = CARTESIAN_POINT ( 'NONE',  ( -10.90000000000000036, 2.600000000000000089, 2.499999999999999556 ) ) ;
#63 = VERTEX_POINT ( 'NONE', #764 ) ;
#64 = VECTOR ( 'NONE', #3150, 1000.000000000000000 ) ;
#65 = PLANE ( 'NONE',  #3731 ) ;
#66 = CARTESIAN_POINT ( 'NONE',  ( 3.520205464316290112, 10.90000000000000036, -2.438428403222760110 ) ) ;
#67 = PRESENTATION_LAYER_ASSIGNMENT (  '', '', ( #4220 ) ) ;
#68 = CARTESIAN_POINT ( 'NONE',  ( -2.458974358974360008, 24.78707656525730130, 0.6999999999999999556 ) ) ;
#69 = ORIENTED_EDGE ( 'NONE', *, *, #1351, .T. ) ;
#70 = CARTESIAN_POINT ( 'NONE',  ( 3.269689446589605364, 10.90000000000000036, -2.699751413951199996 ) ) ;
#71 = CARTESIAN_POINT ( 'NONE',  ( -3.869230769230769695, 24.78707656525730130, 2.700000000000000178 ) ) ;
#72 = DIRECTION ( 'NONE',  ( 0.000000000000000000, 0.000000000000000000, -1.000000000000000000 ) ) ;
#73 = LINE ( 'NONE', #3937, #4276 ) ;
#74 = DIRECTION ( 'NONE',  ( 0.000000000000000000, -1.000000000000000000, 0.000000000000000000 ) ) ;
#75 = CARTESIAN_POINT ( 'NONE',  ( 4.073395557355615537, 10.90000000000000036, -2.236990633932059769 ) ) ;
#76 = ORIENTED_EDGE ( 'NONE', *, *, #2753, .T. ) ;
#77 = CARTESIAN_POINT ( 'NONE',  ( -2.535897435897434882, 10.90000000000000036, 1.546153846153845102 ) ) ;
#78 = EDGE_CURVE ( 'NONE', #3405, #2088, #2784, .T. ) ;
#79 = VECTOR ( 'NONE', #4192, 1000.000000000000000 ) ;
#80 = CARTESIAN_POINT ( 'NONE',  ( 4.159872910394390111, 10.90000000000000036, -1.497756692729726113 ) ) ;
#81 = CARTESIAN_POINT ( 'NONE',  ( -10.89999999999999147, 0.000000000000000000, 2.999999999999999112 ) ) ;
#82 = CARTESIAN_POINT ( 'NONE',  ( 3.375000000000000000, 24.78707656525730130, 1.525000000000000133 ) ) ;
#83 = CARTESIAN_POINT ( 'NONE',  ( 3.548798076923074696, 10.90000000000000036, -2.427964743589744678 ) ) ;
#84 = ADVANCED_FACE ( 'NONE', ( #2812 ), #413, .F. ) ;
#85 = LINE ( 'NONE', #3000, #117 ) ;
#86 = EDGE_CURVE ( 'NONE', #174, #1176, #4257, .T. ) ;
#87 = DIRECTION ( 'NONE',  ( 0.000000000000000000, -1.000000000000000000, 0.000000000000000000 ) ) ;
#88 = VERTEX_POINT ( 'NONE', #1480 ) ;
#89 = VECTOR ( 'NONE', #1821, 1000.000000000000000 ) ;
#90 = CARTESIAN_POINT ( 'NONE',  ( 5.950000000000000178, 3.100000000000000089, 2.499999999999999556 ) ) ;
#91 = DIRECTION ( 'NONE',  ( 0.000000000000000000, 1.000000000000000000, 0.000000000000000000 ) ) ;
#92 = CARTESIAN_POINT ( 'NONE',  ( -3.600000000000000089, -8.300000000000000711, -1.495000000000000107 ) ) ;
#93 = CARTESIAN_POINT ( 'NONE',  ( 10.89999999999999147, 2.600000000000000089, -2.500000000000000888 ) ) ;
#94 = ORIENTED_EDGE ( 'NONE', *, *, #3307, .T. ) ;
#95 = CARTESIAN_POINT ( 'NONE',  ( 3.255141073785395189, 10.90000000000000036, -0.9312192309406670532 ) ) ;
#96 = CARTESIAN_POINT ( 'NONE',  ( -3.869230769230769695, 10.90000000000000036, 2.700000000000000178 ) ) ;
#97 = CARTESIAN_POINT ( 'NONE',  ( 3.375000000000000000, 10.90000000000000036, 0.8000000000000000444 ) ) ;
#98 = LINE ( 'NONE', #2908, #89 ) ;
#99 = DIRECTION ( 'NONE',  ( 0.000000000000000000, 0.000000000000000000, -1.000000000000000000 ) ) ;
#100 = CARTESIAN_POINT ( 'NONE',  ( 3.247115384615384848, 11.09999999999999964, -0.6999999999999999556 ) ) ;
#101 = EDGE_CURVE ( 'NONE', #110, #2396, #3675, .T. ) ;
#102 = EDGE_LOOP ( 'NONE', ( #3789, #884, #1681, #3757 ) ) ;
#103 = CARTESIAN_POINT ( 'NONE',  ( -2.050000000000000266, 7.100000000000000533, -0.2500000000000000000 ) ) ;
#104 = CYLINDRICAL_SURFACE ( 'NONE', #4210, 1.350000000000000089 ) ;
#105 = PLANE ( 'NONE',  #395 ) ;
#106 = DIRECTION ( 'NONE',  ( 0.000000000000000000, -1.000000000000000000, 0.000000000000000000 ) ) ;
#107 =( GEOMETRIC_REPRESENTATION_CONTEXT ( 3 ) GLOBAL_UNCERTAINTY_ASSIGNED_CONTEXT ( ( #1311 ) ) GLOBAL_UNIT_ASSIGNED_CONTEXT ( ( #4010, #3603, #4288 ) ) REPRESENTATION_CONTEXT ( 'NONE', 'WORKASPACE' ) );
#108 = ADVANCED_FACE ( 'NONE', ( #760 ), #3637, .T. ) ;
#109 = DIRECTION ( 'NONE',  ( 0.000000000000000000, 0.000000000000000000, -1.000000000000000000 ) ) ;
#110 = VERTEX_POINT ( 'NONE', #2135 ) ;
#111 = VERTEX_POINT ( 'NONE', #187 ) ;
#112 = AXIS2_PLACEMENT_3D ( 'NONE', #232, #550, #950 ) ;
#113 = DIRECTION ( 'NONE',  ( 0.000000000000000000, -1.000000000000000000, 0.000000000000000000 ) ) ;
#114 = CARTESIAN_POINT ( 'NONE',  ( -4.100000000000000533, 11.09999999999999964, -1.875000000000000000 ) ) ;
#115 = ORIENTED_EDGE ( 'NONE', *, *, #3857, .F. ) ;
#116 = ORIENTED_EDGE ( 'NONE', *, *, #2410, .F. ) ;
#117 = VECTOR ( 'NONE', #372, 1000.000000000000000 ) ;
#118 = STYLED_ITEM ( 'NONE', ( #492 ), #2650 ) ;
#119 = CARTESIAN_POINT ( 'NONE',  ( 3.863240832694839977, 11.09999999999999964, -1.413308757677983918 ) ) ;
#120 = CARTESIAN_POINT ( 'NONE',  ( -4.950000000000000178, 10.90000000000000036, 3.149999999999999911 ) ) ;
#121 = EDGE_CURVE ( 'NONE', #1231, #3463, #3537, .T. ) ;
#122 = CARTESIAN_POINT ( 'NONE',  ( -3.024999999999999911, 11.09999999999999964, -1.875000000000000000 ) ) ;
#123 = DIRECTION ( 'NONE',  ( 1.000000000000000000, 0.000000000000000000, 0.000000000000000000 ) ) ;
#124 = EDGE_LOOP ( 'NONE', ( #935, #220, #76, #840 ) ) ;
#125 = LINE ( 'NONE', #2732, #1583 ) ;
#126 = DIRECTION ( 'NONE',  ( -1.000000000000000000, 0.000000000000000000, 0.000000000000000000 ) ) ;
#127 = CARTESIAN_POINT ( 'NONE',  ( 10.90000000000000036, 0.000000000000000000, -1.650000000000000577 ) ) ;
#128 = DIRECTION ( 'NONE',  ( 1.000000000000000000, 0.000000000000000000, 0.000000000000000000 ) ) ;
#129 = DIRECTION ( 'NONE',  ( 0.000000000000000000, 0.000000000000000000, 1.000000000000000000 ) ) ;
#130 = ORIENTED_EDGE ( 'NONE', *, *, #4129, .F. ) ;
#131 = SURFACE_STYLE_USAGE ( .BOTH. , #750 ) ;
#132 = FACE_OUTER_BOUND ( 'NONE', #647, .T. ) ;
#133 = CARTESIAN_POINT ( 'NONE',  ( -9.500000000000000000, 3.100000000000000089, 0.000000000000000000 ) ) ;
#134 = EDGE_CURVE ( 'NONE', #1258, #3379, #2114, .T. ) ;
#135 = DIRECTION ( 'NONE',  ( -1.000000000000000000, 0.000000000000000000, 0.000000000000000000 ) ) ;
#136 = VERTEX_POINT ( 'NONE', #3147 ) ;
#137 = VECTOR ( 'NONE', #1560, 1000.000000000000000 ) ;
#138 = CARTESIAN_POINT ( 'NONE',  ( 3.568028846153844746, 24.78707656525730130, -2.671153846153844658 ) ) ;
#139 = CARTESIAN_POINT ( 'NONE',  ( 3.584178876948544978, 11.09999999999999964, -2.412554360892305017 ) ) ;
#140 = PLANE ( 'NONE',  #2378 ) ;
#141 = ADVANCED_FACE ( 'NONE', ( #639 ), #3904, .F. ) ;
#142 = DIRECTION ( 'NONE',  ( 0.000000000000000000, -1.000000000000000000, 0.000000000000000000 ) ) ;
#143 = EDGE_LOOP ( 'NONE', ( #383, #1905, #415, #1204 ) ) ;
#144 = VECTOR ( 'NONE', #1959, 1000.000000000000000 ) ;
#145 = EDGE_CURVE ( 'NONE', #1932, #463, #3559, .T. ) ;
#146 = CARTESIAN_POINT ( 'NONE',  ( -3.600000000000000089, -7.799999999999999822, -1.495000000000000107 ) ) ;
#147 = DIRECTION ( 'NONE',  ( 0.000000000000000000, 0.000000000000000000, -1.000000000000000000 ) ) ;
#148 = VERTEX_POINT ( 'NONE', #2799 ) ;
#149 = VECTOR ( 'NONE', #445, 1000.000000000000000 ) ;
#150 = CARTESIAN_POINT ( 'NONE',  ( -2.050000000000000266, 7.100000000000000533, 0.2500000000000000000 ) ) ;
#151 = AXIS2_PLACEMENT_3D ( 'NONE', #2094, #387, #4227 ) ;
#152 = CARTESIAN_POINT ( 'NONE',  ( 10.89999999999999147, 0.000000000000000000, 2.999999999999999112 ) ) ;
#153 = DIRECTION ( 'NONE',  ( 0.000000000000000000, 0.000000000000000000, 1.000000000000000000 ) ) ;
#154 = EDGE_CURVE ( 'NONE', #3976, #1197, #2084, .T. ) ;
#155 = VERTEX_POINT ( 'NONE', #3196 ) ;
#156 = DIRECTION ( 'NONE',  ( -1.000000000000000000, 0.000000000000000000, 0.000000000000000000 ) ) ;
#157 = VERTEX_POINT ( 'NONE', #955 ) ;
#158 = LINE ( 'NONE', #2071, #164 ) ;
#159 = AXIS2_PLACEMENT_3D ( 'NONE', #3228, #1584, #2286 ) ;
#160 = AXIS2_PLACEMENT_3D ( 'NONE', #2965, #3197, #1534 ) ;
#161 = CARTESIAN_POINT ( 'NONE',  ( 3.726299802237354797, 11.09999999999999964, -2.617718567952125319 ) ) ;
#162 = EDGE_CURVE ( 'NONE', #712, #293, #2162, .T. ) ;
#163 = ORIENTED_EDGE ( 'NONE', *, *, #1622, .T. ) ;
#164 = VECTOR ( 'NONE', #2111, 1000.000000000000000 ) ;
#165 = DIRECTION ( 'NONE',  ( 0.000000000000000000, -1.000000000000000000, 0.000000000000000000 ) ) ;
#166 = AXIS2_PLACEMENT_3D ( 'NONE', #3842, #4171, #1158 ) ;
#167 = VERTEX_POINT ( 'NONE', #240 ) ;
#168 = EDGE_LOOP ( 'NONE', ( #491, #2042, #1761, #268, #1408, #1748, #2837, #1137, #3232, #2832, #1723, #482 ) ) ;
#169 = EDGE_CURVE ( 'NONE', #2088, #390, #3528, .T. ) ;
#170 = LINE ( 'NONE', #2047, #1612 ) ;
#171 = DIRECTION ( 'NONE',  ( 0.000000000000000000, 0.000000000000000000, 1.000000000000000000 ) ) ;
#172 = DIRECTION ( 'NONE',  ( -0.7071067811865450192, 0.000000000000000000, 0.7071067811865500152 ) ) ;
#173 = CARTESIAN_POINT ( 'NONE',  ( 3.534926834352094982, 10.90000000000000036, -2.678473068307235305 ) ) ;
#174 = VERTEX_POINT ( 'NONE', #1581 ) ;
#175 = FACE_OUTER_BOUND ( 'NONE', #3306, .T. ) ;
#176 = PLANE ( 'NONE',  #667 ) ;
#177 = CARTESIAN_POINT ( 'NONE',  ( 3.276240613098989840, 10.90000000000000036, -0.7003323698178309797 ) ) ;
#178 = EDGE_LOOP ( 'NONE', ( #2113, #3498, #2294, #3245 ) ) ;
#179 = ADVANCED_FACE ( 'NONE', ( #2172, #3574 ), #3933, .T. ) ;
#180 = EDGE_LOOP ( 'NONE', ( #798, #2092, #719, #3483 ) ) ;
#181 = DIRECTION ( 'NONE',  ( 0.000000000000000000, -0.000000000000000000, 1.000000000000000000 ) ) ;
#182 = VECTOR ( 'NONE', #353, 1000.000000000000000 ) ;
#183 = CARTESIAN_POINT ( 'NONE',  ( 3.780247165281270139, 11.09999999999999964, -1.184271728614434194 ) ) ;
#184 = ORIENTED_EDGE ( 'NONE', *, *, #2664, .F. ) ;
#185 = LINE ( 'NONE', #635, #1545 ) ;
#186 = CARTESIAN_POINT ( 'NONE',  ( 3.218269230769230216, 24.78707656525730130, -2.469230769230769784 ) ) ;
#187 = CARTESIAN_POINT ( 'NONE',  ( 1.550000000000000044, 3.100000000000000089, -2.649999999999999911 ) ) ;
#188 = EDGE_CURVE ( 'NONE', #721, #63, #456, .T. ) ;
#189 = VERTEX_POINT ( 'NONE', #925 ) ;
#190 = ORIENTED_EDGE ( 'NONE', *, *, #1512, .T. ) ;
#191 = CARTESIAN_POINT ( 'NONE',  ( 3.662902481860434989, 11.09999999999999964, -1.039040948922437924 ) ) ;
#192 = LINE ( 'NONE', #2403, #2999 ) ;
#193 = CARTESIAN_POINT ( 'NONE',  ( -4.000000000000000000, 0.000000000000000000, 1.044999999999999929 ) ) ;
#194 = AXIS2_PLACEMENT_3D ( 'NONE', #1477, #4226, #797 ) ;
#195 = DIRECTION ( 'NONE',  ( -1.000000000000000000, 0.000000000000000000, 0.000000000000000000 ) ) ;
#196 = ORIENTED_EDGE ( 'NONE', *, *, #3500, .T. ) ;
#197 = FACE_OUTER_BOUND ( 'NONE', #947, .T. ) ;
#198 = CARTESIAN_POINT ( 'NONE',  ( -10.90000000000000036, 2.600000000000000089, 1.649999999999999245 ) ) ;
#199 = PLANE ( 'NONE',  #1020 ) ;
#200 = DIRECTION ( 'NONE',  ( -0.000000000000000000, 1.000000000000000000, 0.000000000000000000 ) ) ;
#201 = CARTESIAN_POINT ( 'NONE',  ( 3.276240613098989840, 11.09999999999999964, -0.7003323698178309797 ) ) ;
#202 = VERTEX_POINT ( 'NONE', #7 ) ;
#203 = VERTEX_POINT ( 'NONE', #1921 ) ;
#204 = CARTESIAN_POINT ( 'NONE',  ( -11.75000000000000000, 3.100000000000000089, -1.650000000000000577 ) ) ;
#205 = FACE_OUTER_BOUND ( 'NONE', #2743, .T. ) ;
#206 = AXIS2_PLACEMENT_3D ( 'NONE', #4109, #3333, #3726 ) ;
#207 = CARTESIAN_POINT ( 'NONE',  ( 3.710701364758575149, 11.09999999999999964, -2.312229867812420014 ) ) ;
#208 = ORIENTED_EDGE ( 'NONE', *, *, #408, .T. ) ;
#209 = EDGE_CURVE ( 'NONE', #643, #583, #2134, .T. ) ;
#210 = CARTESIAN_POINT ( 'NONE',  ( 3.595612592157414689, 11.09999999999999964, -2.663916927991400119 ) ) ;
#211 = CLOSED_SHELL ( 'NONE', ( #1923, #2577, #84, #1508, #388, #3977 ) ) ;
#212 = VERTEX_POINT ( 'NONE', #2315 ) ;
#213 = VECTOR ( 'NONE', #1468, 1000.000000000000000 ) ;
#214 = CARTESIAN_POINT ( 'NONE',  ( 3.858894230769229772, 10.90000000000000036, -2.528125000000000178 ) ) ;
#215 = CARTESIAN_POINT ( 'NONE',  ( 3.835307874093119906, 10.90000000000000036, -2.105925594649834753 ) ) ;
#216 = CARTESIAN_POINT ( 'NONE',  ( 4.000000000000000000, -7.799999999999999822, -1.495000000000000107 ) ) ;
#217 = EDGE_CURVE ( 'NONE', #1894, #390, #630, .T. ) ;
#218 = DIRECTION ( 'NONE',  ( 0.000000000000000000, 0.000000000000000000, 1.000000000000000000 ) ) ;
#219 = VERTEX_POINT ( 'NONE', #1238 ) ;
#220 = ORIENTED_EDGE ( 'NONE', *, *, #1414, .T. ) ;
#221 = LINE ( 'NONE', #1235, #1717 ) ;
#222 = DIRECTION ( 'NONE',  ( 0.7071067811865500152, 0.000000000000000000, -0.7071067811865450192 ) ) ;
#223 = CARTESIAN_POINT ( 'NONE',  ( -3.869230769230769695, 11.09999999999999964, 2.700000000000000178 ) ) ;
#224 = CARTESIAN_POINT ( 'NONE',  ( -1.550000000000000044, 7.100000000000000533, 0.2500000000000000000 ) ) ;
#225 = ORIENTED_EDGE ( 'NONE', *, *, #658, .F. ) ;
#226 = FACE_BOUND ( 'NONE', #3507, .T. ) ;
#227 = CARTESIAN_POINT ( 'NONE',  ( 4.128068267874875019, 11.09999999999999964, -2.078338223412790065 ) ) ;
#228 = CARTESIAN_POINT ( 'NONE',  ( -10.90000000000000036, 3.100000000000000089, 1.649999999999999245 ) ) ;
#229 = CARTESIAN_POINT ( 'NONE',  ( 2.299999999999999822, 24.78707656525730130, 1.875000000000000000 ) ) ;
#230 = EDGE_CURVE ( 'NONE', #3514, #293, #3684, .T. ) ;
#231 = ORIENTED_EDGE ( 'NONE', *, *, #3928, .F. ) ;
#232 = CARTESIAN_POINT ( 'NONE',  ( 1.550000000000000044, -7.516648189186459383, 2.649999999999999911 ) ) ;
#233 = ADVANCED_FACE ( 'NONE', ( #648 ), #2214, .F. ) ;
#234 = EDGE_LOOP ( 'NONE', ( #409, #3328, #3366, #1918, #3422, #1383, #1940, #3430, #4179, #3582, #2667, #323 ) ) ;
#235 = VECTOR ( 'NONE', #2958, 1000.000000000000000 ) ;
#236 = VERTEX_POINT ( 'NONE', #3965 ) ;
#237 = EDGE_CURVE ( 'NONE', #1229, #3643, #787, .T. ) ;
#238 = CARTESIAN_POINT ( 'NONE',  ( 3.600000000000000089, -8.300000000000000711, -1.495000000000000107 ) ) ;
#239 = DIRECTION ( 'NONE',  ( -0.7071067811865505703, 0.000000000000000000, 0.7071067811865444641 ) ) ;
#240 = CARTESIAN_POINT ( 'NONE',  ( 3.214663461538459721, 10.90000000000000036, -2.700000000000000178 ) ) ;
#241 = ADVANCED_FACE ( 'NONE', ( #2074 ), #2782, .T. ) ;
#242 = ORIENTED_EDGE ( 'NONE', *, *, #2288, .T. ) ;
#243 = CARTESIAN_POINT ( 'NONE',  ( 1.550000000000000044, -7.516648189186459383, 2.649999999999999911 ) ) ;
#244 = FACE_OUTER_BOUND ( 'NONE', #742, .T. ) ;
#245 = AXIS2_PLACEMENT_3D ( 'NONE', #3218, #833, #2484 ) ;
#246 = PLANE ( 'NONE',  #3967 ) ;
#247 = CARTESIAN_POINT ( 'NONE',  ( -4.950000000000000178, 10.90000000000000036, 3.149999999999999911 ) ) ;
#248 = CARTESIAN_POINT ( 'NONE',  ( -4.000000000000000000, -7.799999999999999822, 1.495000000000000107 ) ) ;
#249 = VERTEX_POINT ( 'NONE', #3128 ) ;
#250 = VECTOR ( 'NONE', #3901, 1000.000000000000000 ) ;
#251 = EDGE_LOOP ( 'NONE', ( #3631, #2191, #771, #497 ) ) ;
#252 = CARTESIAN_POINT ( 'NONE',  ( 3.726299802237354797, 10.90000000000000036, -2.617718567952125319 ) ) ;
#253 = CARTESIAN_POINT ( 'NONE',  ( -3.024999999999999911, 11.09999999999999964, -1.525000000000000133 ) ) ;
#254 = ORIENTED_EDGE ( 'NONE', *, *, #2871, .F. ) ;
#255 = DIRECTION ( 'NONE',  ( 0.000000000000000000, -1.000000000000000000, 0.000000000000000000 ) ) ;
#256 = LINE ( 'NONE', #4202, #250 ) ;
#257 = APPLICATION_PROTOCOL_DEFINITION ( 'draft international standard', 'automotive_design', 1998, #1680 ) ;
#258 = ORIENTED_EDGE ( 'NONE', *, *, #836, .F. ) ;
#259 = VECTOR ( 'NONE', #24, 1000.000000000000000 ) ;
#260 = EDGE_CURVE ( 'NONE', #1061, #1093, #2203, .T. ) ;
#261 = VERTEX_POINT ( 'NONE', #311 ) ;
#262 = CARTESIAN_POINT ( 'NONE',  ( 4.100000000000000533, 10.90000000000000036, 1.525000000000000133 ) ) ;
#263 = CARTESIAN_POINT ( 'NONE',  ( 3.851958078210549807, 10.90000000000000036, -0.8704721854539849701 ) ) ;
#264 = ADVANCED_FACE ( 'NONE', ( #3508 ), #665, .T. ) ;
#265 = ORIENTED_EDGE ( 'NONE', *, *, #3046, .T. ) ;
#266 = FACE_OUTER_BOUND ( 'NONE', #3794, .T. ) ;
#267 = CARTESIAN_POINT ( 'NONE',  ( 10.89999999999999503, 2.600000000000000089, 2.499999999999999112 ) ) ;
#268 = ORIENTED_EDGE ( 'NONE', *, *, #3138, .T. ) ;
#269 = CARTESIAN_POINT ( 'NONE',  ( 4.050751250384250213, 11.09999999999999964, -2.285802609063395163 ) ) ;
#270 = EDGE_CURVE ( 'NONE', #3976, #3673, #611, .T. ) ;
#271 = CARTESIAN_POINT ( 'NONE',  ( 4.091912122772559890, 10.90000000000000036, -1.224439025304373985 ) ) ;
#272 = ORIENTED_EDGE ( 'NONE', *, *, #282, .F. ) ;
#273 = VECTOR ( 'NONE', #1749, 1000.000000000000000 ) ;
#274 = CARTESIAN_POINT ( 'NONE',  ( 4.167391212398435130, 11.09999999999999964, -1.840448326642499799 ) ) ;
#275 = DIRECTION ( 'NONE',  ( 0.000000000000000000, -1.000000000000000000, 0.000000000000000000 ) ) ;
#276 = ORIENTED_EDGE ( 'NONE', *, *, #2962, .F. ) ;
#277 = CARTESIAN_POINT ( 'NONE',  ( 3.897544611418270133, 10.90000000000000036, -2.494183693459659956 ) ) ;
#278 = LINE ( 'NONE', #2540, #3108 ) ;
#279 = CARTESIAN_POINT ( 'NONE',  ( 3.617832443443975254, 11.09999999999999964, -2.392712362754049860 ) ) ;
#280 =( NAMED_UNIT ( * ) SI_UNIT ( $, .STERADIAN. ) SOLID_ANGLE_UNIT ( ) );
#281 = CARTESIAN_POINT ( 'NONE',  ( 3.255141073785395189, 11.09999999999999964, -0.9312192309406670532 ) ) ;
#282 = EDGE_CURVE ( 'NONE', #2659, #643, #2093, .T. ) ;
#283 = ORIENTED_EDGE ( 'NONE', *, *, #4096, .T. ) ;
#284 = DIRECTION ( 'NONE',  ( 0.000000000000000000, -1.000000000000000000, 0.000000000000000000 ) ) ;
#285 = CARTESIAN_POINT ( 'NONE',  ( -1.550000000000000044, -7.516648189186459383, -2.649999999999999911 ) ) ;
#286 = CARTESIAN_POINT ( 'NONE',  ( 11.75000000000000000, 3.100000000000000089, 1.649999999999989475 ) ) ;
#287 = DIRECTION ( 'NONE',  ( 0.000000000000000000, 0.000000000000000000, -1.000000000000000000 ) ) ;
#288 = AXIS2_PLACEMENT_3D ( 'NONE', #2301, #2193, #1909 ) ;
#289 = ORIENTED_EDGE ( 'NONE', *, *, #3971, .F. ) ;
#290 = LINE ( 'NONE', #3114, #1690 ) ;
#291 = AXIS2_PLACEMENT_3D ( 'NONE', #1507, #2545, #2879 ) ;
#292 = DIRECTION ( 'NONE',  ( 6.938893903907228378E-15, 0.000000000000000000, -1.000000000000000000 ) ) ;
#293 = VERTEX_POINT ( 'NONE', #1374 ) ;
#294 = ADVANCED_FACE ( 'NONE', ( #3592 ), #3423, .T. ) ;
#295 = DIRECTION ( 'NONE',  ( -0.7071067811865444641, 0.000000000000000000, 0.7071067811865505703 ) ) ;
#296 = ORIENTED_EDGE ( 'NONE', *, *, #3237, .F. ) ;
#297 = CYLINDRICAL_SURFACE ( 'NONE', #1747, 1.650000000000000577 ) ;
#298 = ORIENTED_EDGE ( 'NONE', *, *, #2822, .T. ) ;
#299 = CARTESIAN_POINT ( 'NONE',  ( 4.171140033972500660, 11.09999999999999964, -1.776302160787450068 ) ) ;
#300 = AXIS2_PLACEMENT_3D ( 'NONE', #1595, #1914, #2305 ) ;
#301 = EDGE_CURVE ( 'NONE', #1841, #3064, #3984, .T. ) ;
#302 = ORIENTED_EDGE ( 'NONE', *, *, #1599, .F. ) ;
#303 = CARTESIAN_POINT ( 'NONE',  ( 3.871758280727899848, 10.90000000000000036, -2.516828276509429863 ) ) ;
#304 = LINE ( 'NONE', #410, #3184 ) ;
#305 = ORIENTED_EDGE ( 'NONE', *, *, #2842, .F. ) ;
#306 = CARTESIAN_POINT ( 'NONE',  ( -3.600000000000000089, -7.799999999999999822, -1.495000000000000107 ) ) ;
#307 = ORIENTED_EDGE ( 'NONE', *, *, #2572, .F. ) ;
#308 = DIRECTION ( 'NONE',  ( 7.372574772901422263E-15, -7.372574772901428574E-15, -1.000000000000000000 ) ) ;
#309 = ORIENTED_EDGE ( 'NONE', *, *, #1086, .F. ) ;
#310 = DIRECTION ( 'NONE',  ( 0.000000000000000000, -1.000000000000000000, 0.000000000000000000 ) ) ;
#311 = CARTESIAN_POINT ( 'NONE',  ( -3.587179487179489978, 11.09999999999999964, 2.469230769230769784 ) ) ;
#312 = EDGE_CURVE ( 'NONE', #1131, #249, #718, .T. ) ;
#313 = ORIENTED_EDGE ( 'NONE', *, *, #3186, .T. ) ;
#314 = CARTESIAN_POINT ( 'NONE',  ( -3.869230769230769695, 24.78707656525730130, 2.700000000000000178 ) ) ;
#315 = LINE ( 'NONE', #941, #235 ) ;
#316 = DIRECTION ( 'NONE',  ( 1.000000000000000000, 0.000000000000000000, 0.000000000000000000 ) ) ;
#317 = CARTESIAN_POINT ( 'NONE',  ( 1.550000000000000044, 7.100000000000000533, -2.649999999999999911 ) ) ;
#318 = VERTEX_POINT ( 'NONE', #3330 ) ;
#319 = CARTESIAN_POINT ( 'NONE',  ( -9.500000000000000000, 0.000000000000000000, 0.000000000000000000 ) ) ;
#320 = CARTESIAN_POINT ( 'NONE',  ( 3.942788349660765856, 10.90000000000000036, -0.9614050155283649923 ) ) ;
#321 = ORIENTED_EDGE ( 'NONE', *, *, #3774, .T. ) ;
#322 = VECTOR ( 'NONE', #2525, 1000.000000000000000 ) ;
#323 = ORIENTED_EDGE ( 'NONE', *, *, #1254, .F. ) ;
#324 = CARTESIAN_POINT ( 'NONE',  ( 3.617832443443975254, 10.90000000000000036, -2.392712362754049860 ) ) ;
#325 = EDGE_CURVE ( 'NONE', #167, #3401, #1679, .T. ) ;
#326 = DIRECTION ( 'NONE',  ( 1.000000000000000000, 0.000000000000000000, 0.000000000000000000 ) ) ;
#327 = ADVANCED_FACE ( 'NONE', ( #748 ), #3942, .F. ) ;
#328 = ORIENTED_EDGE ( 'NONE', *, *, #1558, .F. ) ;
#329 = LINE ( 'NONE', #3639, #3156 ) ;
#330 = EDGE_LOOP ( 'NONE', ( #3663, #2675, #1538, #3448 ) ) ;
#331 = UNCERTAINTY_MEASURE_WITH_UNIT (LENGTH_MEASURE( 1.000000000000000082E-05 ), #4232, 'distance_accuracy_value', 'NONE');
#332 = CARTESIAN_POINT ( 'NONE',  ( 3.255141073785395189, 11.09999999999999964, -0.9312192309406670532 ) ) ;
#333 = VECTOR ( 'NONE', #1552, 1000.000000000000000 ) ;
#334 = ORIENTED_EDGE ( 'NONE', *, *, #3444, .T. ) ;
#335 = ORIENTED_EDGE ( 'NONE', *, *, #1729, .T. ) ;
#336 = CARTESIAN_POINT ( 'NONE',  ( 3.742501825154679995, 10.90000000000000036, -1.123724997849969931 ) ) ;
#337 = CARTESIAN_POINT ( 'NONE',  ( 3.322461343529464983, 10.90000000000000036, -2.698705397854765042 ) ) ;
#338 = EDGE_CURVE ( 'NONE', #780, #4188, #3544, .T. ) ;
#339 = VERTEX_POINT ( 'NONE', #3489 ) ;
#340 = CARTESIAN_POINT ( 'NONE',  ( 10.89999999999999503, 3.100000000000000089, 2.499999999999999112 ) ) ;
#341 = AXIS2_PLACEMENT_3D ( 'NONE', #1160, #4196, #3404 ) ;
#342 = ORIENTED_EDGE ( 'NONE', *, *, #465, .T. ) ;
#343 = EDGE_CURVE ( 'NONE', #3369, #189, #3009, .T. ) ;
#344 = LINE ( 'NONE', #138, #1682 ) ;
#345 = DIRECTION ( 'NONE',  ( -1.000000000000000000, 0.000000000000000000, 0.000000000000000000 ) ) ;
#346 = ORIENTED_EDGE ( 'NONE', *, *, #4180, .F. ) ;
#347 = CARTESIAN_POINT ( 'NONE',  ( 3.965818093465095284, 11.09999999999999964, -2.417296721754274902 ) ) ;
#348 = DIRECTION ( 'NONE',  ( 0.000000000000000000, 0.000000000000000000, 1.000000000000000000 ) ) ;
#349 = CARTESIAN_POINT ( 'NONE',  ( 3.694040606428655060, 11.09999999999999964, -0.7745657103940020161 ) ) ;
#350 = AXIS2_PLACEMENT_3D ( 'NONE', #3994, #287, #699 ) ;
#351 = ORIENTED_EDGE ( 'NONE', *, *, #1879, .T. ) ;
#352 = EDGE_CURVE ( 'NONE', #3626, #1061, #2103, .T. ) ;
#353 = DIRECTION ( 'NONE',  ( 0.000000000000000000, 0.000000000000000000, -1.000000000000000000 ) ) ;
#354 = CLOSED_SHELL ( 'NONE', ( #1031, #3233, #1695, #327, #495, #613 ) ) ;
#355 = DIRECTION ( 'NONE',  ( 0.000000000000000000, 0.000000000000000000, -1.000000000000000000 ) ) ;
#356 = FACE_OUTER_BOUND ( 'NONE', #3074, .T. ) ;
#357 = CARTESIAN_POINT ( 'NONE',  ( -3.375000000000000000, 10.90000000000000036, -0.8000000000000000444 ) ) ;
#358 = ORIENTED_EDGE ( 'NONE', *, *, #1120, .T. ) ;
#359 = ADVANCED_FACE ( 'NONE', ( #2223 ), #2609, .F. ) ;
#360 = VERTEX_POINT ( 'NONE', #3206 ) ;
#361 = DIRECTION ( 'NONE',  ( 0.000000000000000000, -1.000000000000000000, 0.000000000000000000 ) ) ;
#362 = VECTOR ( 'NONE', #3694, 1000.000000000000000 ) ;
#363 = CARTESIAN_POINT ( 'NONE',  ( 3.323143657395595252, 10.90000000000000036, -2.467196514113905170 ) ) ;
#364 = CARTESIAN_POINT ( 'NONE',  ( 5.950000000000000178, 2.600000000000000089, -3.000000000000001776 ) ) ;
#365 = CARTESIAN_POINT ( 'NONE',  ( 3.460176467659834998, 10.90000000000000036, -2.689017228444450236 ) ) ;
#366 = CARTESIAN_POINT ( 'NONE',  ( 2.530769230769230216, 11.09999999999999964, -2.700000000000000178 ) ) ;
#367 = PLANE ( 'NONE',  #739 ) ;
#368 = DIRECTION ( 'NONE',  ( 0.000000000000000000, 1.000000000000000000, 0.000000000000000000 ) ) ;
#369 = ORIENTED_EDGE ( 'NONE', *, *, #209, .F. ) ;
#370 = LINE ( 'NONE', #2439, #1816 ) ;
#371 = CARTESIAN_POINT ( 'NONE',  ( 3.858894230769229772, 11.09999999999999964, -2.528125000000000178 ) ) ;
#372 = DIRECTION ( 'NONE',  ( 0.000000000000000000, 0.000000000000000000, -1.000000000000000000 ) ) ;
#373 = ORIENTED_EDGE ( 'NONE', *, *, #2703, .F. ) ;
#374 = DIRECTION ( 'NONE',  ( 0.000000000000000000, 1.000000000000000000, 0.000000000000000000 ) ) ;
#375 = PLANE ( 'NONE',  #963 ) ;
#376 = EDGE_CURVE ( 'NONE', #2186, #3636, #602, .T. ) ;
#377 = CARTESIAN_POINT ( 'NONE',  ( 3.375000000000000000, 10.90000000000000036, 0.8000000000000000444 ) ) ;
#378 = ORIENTED_EDGE ( 'NONE', *, *, #3567, .F. ) ;
#379 = LINE ( 'NONE', #1722, #3446 ) ;
#380 = CARTESIAN_POINT ( 'NONE',  ( -10.90000000000000036, 2.600000000000000089, -2.500000000000000888 ) ) ;
#381 = CARTESIAN_POINT ( 'NONE',  ( 3.765554737200915270, 10.90000000000000036, -2.240882783988970228 ) ) ;
#382 = AXIS2_PLACEMENT_3D ( 'NONE', #1030, #3305, #32 ) ;
#383 = ORIENTED_EDGE ( 'NONE', *, *, #2368, .T. ) ;
#384 = AXIS2_PLACEMENT_3D ( 'NONE', #2056, #722, #1708 ) ;
#385 = CARTESIAN_POINT ( 'NONE',  ( -9.500000000000000000, 3.100000000000000089, 1.650000000000000577 ) ) ;
#386 = LINE ( 'NONE', #238, #3300 ) ;
#387 = DIRECTION ( 'NONE',  ( -1.752245935330111879E-16, 0.000000000000000000, -1.000000000000000000 ) ) ;
#388 = ADVANCED_FACE ( 'NONE', ( #737 ), #4284, .F. ) ;
#389 = CARTESIAN_POINT ( 'NONE',  ( -12.25000000000000000, 0.000000000000000000, -1.649999999999990807 ) ) ;
#390 = VERTEX_POINT ( 'NONE', #1303 ) ;
#391 = DIRECTION ( 'NONE',  ( 0.000000000000000000, 0.000000000000000000, 1.000000000000000000 ) ) ;
#392 = LINE ( 'NONE', #976, #477 ) ;
#393 = DIRECTION ( 'NONE',  ( 9.637352644315590806E-16, 0.000000000000000000, 1.000000000000000000 ) ) ;
#394 = DIRECTION ( 'NONE',  ( 1.000000000000000000, 0.000000000000000000, 0.000000000000000000 ) ) ;
#395 = AXIS2_PLACEMENT_3D ( 'NONE', #2828, #3515, #2175 ) ;
#396 = CARTESIAN_POINT ( 'NONE',  ( 3.392242315915159789, 10.90000000000000036, -0.9386084911663931107 ) ) ;
#397 = DIRECTION ( 'NONE',  ( 0.000000000000000000, -1.000000000000000000, 0.000000000000000000 ) ) ;
#398 = ADVANCED_FACE ( 'NONE', ( #2192 ), #375, .T. ) ;
#399 = CARTESIAN_POINT ( 'NONE',  ( -2.299999999999999822, 11.09999999999999964, -1.525000000000000133 ) ) ;
#400 = CARTESIAN_POINT ( 'NONE',  ( -1.550000000000000044, 3.100000000000000089, -2.649999999999999911 ) ) ;
#401 = ORIENTED_EDGE ( 'NONE', *, *, #990, .T. ) ;
#402 = DIRECTION ( 'NONE',  ( 5.421010862427539919E-16, 0.000000000000000000, 1.000000000000000000 ) ) ;
#403 = CARTESIAN_POINT ( 'NONE',  ( 10.89999999999999147, 2.600000000000000089, -2.500000000000000888 ) ) ;
#404 = VERTEX_POINT ( 'NONE', #1931 ) ;
#405 = LINE ( 'NONE', #3736, #1820 ) ;
#406 = DIRECTION ( 'NONE',  ( 1.000000000000000000, 0.000000000000000000, 0.000000000000000000 ) ) ;
#407 = ORIENTED_EDGE ( 'NONE', *, *, #3015, .F. ) ;
#408 = EDGE_CURVE ( 'NONE', #768, #3322, #2038, .T. ) ;
#409 = ORIENTED_EDGE ( 'NONE', *, *, #2654, .F. ) ;
#410 = CARTESIAN_POINT ( 'NONE',  ( 3.247115384615384848, 11.09999999999999964, -0.6999999999999999556 ) ) ;
#411 = FACE_OUTER_BOUND ( 'NONE', #3271, .T. ) ;
#412 = CARTESIAN_POINT ( 'NONE',  ( 3.680852044684720159, 11.09999999999999964, -2.342270004954174922 ) ) ;
#413 = PLANE ( 'NONE',  #3734 ) ;
#414 = CARTESIAN_POINT ( 'NONE',  ( 9.500000000000000000, 3.100000000000000089, -1.650000000000000577 ) ) ;
#415 = ORIENTED_EDGE ( 'NONE', *, *, #2710, .F. ) ;
#416 = DIRECTION ( 'NONE',  ( 0.7071067811865450192, 0.000000000000000000, 0.7071067811865500152 ) ) ;
#417 = ORIENTED_EDGE ( 'NONE', *, *, #2434, .F. ) ;
#418 = CARTESIAN_POINT ( 'NONE',  ( -5.950000000000000178, 0.000000000000000000, 3.149999999999999911 ) ) ;
#419 = CARTESIAN_POINT ( 'NONE',  ( -2.458974358974360008, 24.78707656525730130, 0.9307692307692310152 ) ) ;
#420 = DIRECTION ( 'NONE',  ( 0.000000000000000000, 1.000000000000000000, 0.000000000000000000 ) ) ;
#421 = PLANE ( 'NONE',  #536 ) ;
#422 = EDGE_LOOP ( 'NONE', ( #877, #2068, #1199, #919 ) ) ;
#423 = VECTOR ( 'NONE', #2946, 1000.000000000000000 ) ;
#425 = VERTEX_POINT ( 'NONE', #1403 ) ;
#424 = CARTESIAN_POINT ( 'NONE',  ( 4.000000000000000000, 0.000000000000000000, -1.495000000000000107 ) ) ;
#426 = CARTESIAN_POINT ( 'NONE',  ( 1.550000000000000044, 10.90000000000000036, 2.649999999999999911 ) ) ;
#427 = EDGE_CURVE ( 'NONE', #2707, #1197, #3517, .T. ) ;
#428 = CARTESIAN_POINT ( 'NONE',  ( 2.812820512820514818, 11.09999999999999964, -2.469230769230769784 ) ) ;
#429 = DIRECTION ( 'NONE',  ( 0.000000000000000000, 0.000000000000000000, -1.000000000000000000 ) ) ;
#430 = VERTEX_POINT ( 'NONE', #2728 ) ;
#431 = FACE_OUTER_BOUND ( 'NONE', #535, .T. ) ;
#432 = ORIENTED_EDGE ( 'NONE', *, *, #2424, .F. ) ;
#433 = AXIS2_PLACEMENT_3D ( 'NONE', #3314, #3710, #109 ) ;
#434 = CARTESIAN_POINT ( 'NONE',  ( -10.90000000000000036, 0.000000000000000000, -1.650000000000000577 ) ) ;
#435 = EDGE_CURVE ( 'NONE', #1776, #14, #769, .T. ) ;
#436 = ORIENTED_EDGE ( 'NONE', *, *, #3649, .T. ) ;
#437 = DIRECTION ( 'NONE',  ( -1.000000000000000000, 0.000000000000000000, 0.000000000000000000 ) ) ;
#438 = EDGE_CURVE ( 'NONE', #551, #1875, #689, .T. ) ;
#439 = LINE ( 'NONE', #428, #3321 ) ;
#440 = ORIENTED_EDGE ( 'NONE', *, *, #1316, .F. ) ;
#441 = DIRECTION ( 'NONE',  ( 1.000000000000000000, 0.000000000000000000, 0.000000000000000000 ) ) ;
#442 = AXIS2_PLACEMENT_3D ( 'NONE', #512, #1541, #1038 ) ;
#443 = DIRECTION ( 'NONE',  ( -1.000000000000000000, 0.000000000000000000, 9.637352644315590806E-16 ) ) ;
#444 = ORIENTED_EDGE ( 'NONE', *, *, #2077, .F. ) ;
#445 = DIRECTION ( 'NONE',  ( 1.000000000000000000, 0.000000000000000000, 0.000000000000000000 ) ) ;
#446 = ORIENTED_EDGE ( 'NONE', *, *, #521, .F. ) ;
#447 = DIRECTION ( 'NONE',  ( 1.000000000000000000, 0.000000000000000000, 0.000000000000000000 ) ) ;
#448 = ORIENTED_EDGE ( 'NONE', *, *, #3151, .F. ) ;
#449 = DIRECTION ( 'NONE',  ( 0.000000000000000000, 1.000000000000000000, 0.000000000000000000 ) ) ;
#450 = ORIENTED_EDGE ( 'NONE', *, *, #1546, .F. ) ;
#451 = CARTESIAN_POINT ( 'NONE',  ( -2.299999999999999822, 10.90000000000000036, -1.525000000000000133 ) ) ;
#452 = LINE ( 'NONE', #1669, #462 ) ;
#453 = ORIENTED_EDGE ( 'NONE', *, *, #1686, .T. ) ;
#455 = ORIENTED_EDGE ( 'NONE', *, *, #529, .F. ) ;
#454 = CARTESIAN_POINT ( 'NONE',  ( 3.247115384615384848, 24.78707656525730130, -0.6999999999999999556 ) ) ;
#456 = B_SPLINE_CURVE_WITH_KNOTS ( 'NONE', 3,
 ( #1891, #2947, #1268, #2687, #2570, #2993, #3621, #2627, #3253, #2925, #4299, #2252, #263, #3658, #3301, #2598, #593, #4025, #3546, #892, #501, #1605, #3697 ),
 .UNSPECIFIED., .F., .F.,
 ( 4, 1, 1, 1, 1, 1, 1, 1, 1, 1, 1, 1, 1, 1, 1, 1, 1, 1, 1, 1, 4 ),
 ( 0.000000000000000000, 0.07053769134858839385, 0.1372646867459542119, 0.2004717800514644876, 0.2605726507386385005, 0.3172033328322664825, 0.3700059665960385158, 0.4198240769487199819, 0.4662405666681539995, 0.5101335732312349824, 0.5520810507302990056, 0.5918629642582050598, 0.6303363934104360133, 0.6687155633051180548, 0.7087060924827750519, 0.7508955766676820298, 0.7952853503774169885, 0.8419800983167449182, 0.8917647923814719935, 0.9442941902680850319, 1.000000000000000000 ),
 .UNSPECIFIED. ) ;
#457 = CARTESIAN_POINT ( 'NONE',  ( 12.25000000000000000, 0.000000000000000000, 1.649999999999989475 ) ) ;
#458 = EDGE_CURVE ( 'NONE', #2588, #3350, #2125, .T. ) ;
#459 = ADVANCED_FACE ( 'NONE', ( #2142 ), #4290, .T. ) ;
#460 = CARTESIAN_POINT ( 'NONE',  ( -3.375000000000000000, 24.78707656525730130, -2.600000000000000089 ) ) ;
#461 = ORIENTED_EDGE ( 'NONE', *, *, #3469, .T. ) ;
#462 = VECTOR ( 'NONE', #2399, 1000.000000000000000 ) ;
#463 = VERTEX_POINT ( 'NONE', #4216 ) ;
#464 = ORIENTED_EDGE ( 'NONE', *, *, #4253, .T. ) ;
#465 = EDGE_CURVE ( 'NONE', #1694, #3844, #2151, .T. ) ;
#466 = DIRECTION ( 'NONE',  ( -1.000000000000000000, 0.000000000000000000, 0.000000000000000000 ) ) ;
#467 = ADVANCED_FACE ( 'NONE', ( #3655 ), #3824, .T. ) ;
#468 = VERTEX_POINT ( 'NONE', #3397 ) ;
#469 = DIRECTION ( 'NONE',  ( 0.000000000000000000, -1.000000000000000000, 0.000000000000000000 ) ) ;
#470 = FACE_OUTER_BOUND ( 'NONE', #1236, .T. ) ;
#471 = VERTEX_POINT ( 'NONE', #2076 ) ;
#472 = DIRECTION ( 'NONE',  ( -1.000000000000000000, 0.000000000000000000, 0.000000000000000000 ) ) ;
#473 = EDGE_CURVE ( 'NONE', #928, #2013, #2266, .T. ) ;
#474 = DIRECTION ( 'NONE',  ( 0.000000000000000000, 1.000000000000000000, 0.000000000000000000 ) ) ;
#475 = ORIENTED_EDGE ( 'NONE', *, *, #561, .T. ) ;
#476 = CARTESIAN_POINT ( 'NONE',  ( -5.950000000000000178, 0.000000000000000000, 3.149999999999999911 ) ) ;
#477 = VECTOR ( 'NONE', #4050, 1000.000000000000000 ) ;
#478 = ORIENTED_EDGE ( 'NONE', *, *, #4114, .T. ) ;
#479 = CARTESIAN_POINT ( 'NONE',  ( -4.000000000000000000, 0.000000000000000000, -1.044999999999999929 ) ) ;
#480 = CARTESIAN_POINT ( 'NONE',  ( -5.950000000000000178, 3.100000000000000089, 2.999999999999999112 ) ) ;
#481 = PLANE ( 'NONE',  #3792 ) ;
#482 = ORIENTED_EDGE ( 'NONE', *, *, #1650, .T. ) ;
#483 = LINE ( 'NONE', #2655, #362 ) ;
#485 = ORIENTED_EDGE ( 'NONE', *, *, #3316, .F. ) ;
#484 = DIRECTION ( 'NONE',  ( 0.000000000000000000, 0.000000000000000000, -1.000000000000000000 ) ) ;
#486 = CARTESIAN_POINT ( 'NONE',  ( 4.100000000000000533, 10.90000000000000036, 1.525000000000000133 ) ) ;
#487 = CARTESIAN_POINT ( 'NONE',  ( 4.100000000000000533, 24.78707656525730130, 1.875000000000000000 ) ) ;
#488 = DIRECTION ( 'NONE',  ( 1.000000000000000000, 0.000000000000000000, 0.000000000000000000 ) ) ;
#489 =( GEOMETRIC_REPRESENTATION_CONTEXT ( 3 ) GLOBAL_UNCERTAINTY_ASSIGNED_CONTEXT ( ( #331 ) ) GLOBAL_UNIT_ASSIGNED_CONTEXT ( ( #4232, #3201, #1868 ) ) REPRESENTATION_CONTEXT ( 'NONE', 'WORKASPACE' ) );
#490 = CARTESIAN_POINT ( 'NONE',  ( 3.813162939718460098, 11.09999999999999964, -1.252398394000926007 ) ) ;
#491 = ORIENTED_EDGE ( 'NONE', *, *, #2962, .T. ) ;
#492 = PRESENTATION_STYLE_ASSIGNMENT (( #131 ) ) ;
#493 = EDGE_LOOP ( 'NONE', ( #759, #2072, #3756, #3049 ) ) ;
#494 = AXIS2_PLACEMENT_3D ( 'NONE', #2705, #3681, #4041 ) ;
#495 = ADVANCED_FACE ( 'NONE', ( #3852 ), #783, .F. ) ;
#496 = CARTESIAN_POINT ( 'NONE',  ( 10.90000000000000036, 3.100000000000000089, -1.650000000000000577 ) ) ;
#497 = ORIENTED_EDGE ( 'NONE', *, *, #3590, .F. ) ;
#498 = ORIENTED_EDGE ( 'NONE', *, *, #230, .F. ) ;
#499 = LINE ( 'NONE', #2405, #3407 ) ;
#500 = ORIENTED_EDGE ( 'NONE', *, *, #3534, .F. ) ;
#501 = CARTESIAN_POINT ( 'NONE',  ( 3.332830314730304888, 10.90000000000000036, -0.7009781573292650503 ) ) ;
#502 = CARTESIAN_POINT ( 'NONE',  ( 10.89999999999999147, 3.100000000000000089, -3.000000000000000888 ) ) ;
#503 = AXIS2_PLACEMENT_3D ( 'NONE', #3380, #2019, #2736 ) ;
#504 = EDGE_CURVE ( 'NONE', #1616, #3436, #3769, .T. ) ;
#505 = CARTESIAN_POINT ( 'NONE',  ( -3.375000000000000000, 11.09999999999999964, -1.875000000000000000 ) ) ;
#506 = ORIENTED_EDGE ( 'NONE', *, *, #3096, .F. ) ;
#507 = VECTOR ( 'NONE', #2798, 1000.000000000000000 ) ;
#508 = VERTEX_POINT ( 'NONE', #3494 ) ;
#509 = CARTESIAN_POINT ( 'NONE',  ( 9.500000000000000000, 3.100000000000000089, 1.650000000000000577 ) ) ;
#510 = CARTESIAN_POINT ( 'NONE',  ( -10.90000000000000036, 2.600000000000000089, -1.650000000000000577 ) ) ;
#511 = ORIENTED_EDGE ( 'NONE', *, *, #521, .T. ) ;
#512 = CARTESIAN_POINT ( 'NONE',  ( -3.869230769230769695, 24.78707656525730130, 0.6999999999999999556 ) ) ;
#513 = LINE ( 'NONE', #2531, #1938 ) ;
#515 = ORIENTED_EDGE ( 'NONE', *, *, #2880, .T. ) ;
#514 = CARTESIAN_POINT ( 'NONE',  ( -3.375000000000000000, 10.90000000000000036, -2.600000000000000089 ) ) ;
#516 = CARTESIAN_POINT ( 'NONE',  ( -4.100000000000000533, 24.78707656525730130, -1.525000000000000133 ) ) ;
#517 = ORIENTED_EDGE ( 'NONE', *, *, #86, .T. ) ;
#518 = DIRECTION ( 'NONE',  ( 1.000000000000000000, 0.000000000000000000, 0.000000000000000000 ) ) ;
#519 = CARTESIAN_POINT ( 'NONE',  ( 3.650086919159340137, 11.09999999999999964, -2.369281844343415155 ) ) ;
#520 = ORIENTED_EDGE ( 'NONE', *, *, #4184, .T. ) ;
#521 = EDGE_CURVE ( 'NONE', #533, #725, #3718, .T. ) ;
#522 = ORIENTED_EDGE ( 'NONE', *, *, #3006, .F. ) ;
#523 = EDGE_LOOP ( 'NONE', ( #2000, #4067 ) ) ;
#524 = CARTESIAN_POINT ( 'NONE',  ( 10.89999999999999147, 3.100000000000000089, -3.000000000000000888 ) ) ;
#525 = LINE ( 'NONE', #19, #1961 ) ;
#526 = EDGE_LOOP ( 'NONE', ( #2284, #2166, #3195, #3682, #2202, #934, #351 ) ) ;
#527 = CARTESIAN_POINT ( 'NONE',  ( 3.876406785409835187, 10.90000000000000036, -1.930197961723175037 ) ) ;
#528 = DIRECTION ( 'NONE',  ( -1.000000000000000000, 0.000000000000000000, 3.854941057726240267E-15 ) ) ;
#529 = EDGE_CURVE ( 'NONE', #3322, #551, #921, .T. ) ;
#530 = CARTESIAN_POINT ( 'NONE',  ( 3.697435897435895402, 11.09999999999999964, -1.072195512820512064 ) ) ;
#531 = DIRECTION ( 'NONE',  ( 1.000000000000000000, 0.000000000000000000, 0.000000000000000000 ) ) ;
#532 = CARTESIAN_POINT ( 'NONE',  ( 3.539630647044699874, 11.09999999999999964, -2.431319626449734983 ) ) ;
#533 = VERTEX_POINT ( 'NONE', #3839 ) ;
#534 = CIRCLE ( 'NONE', #3274, 1.650000000000000577 ) ;
#535 = EDGE_LOOP ( 'NONE', ( #2137, #3728, #3964, #2317 ) ) ;
#536 = AXIS2_PLACEMENT_3D ( 'NONE', #2785, #1718, #2036 ) ;
#537 = DIRECTION ( 'NONE',  ( 0.000000000000000000, -1.000000000000000000, 0.000000000000000000 ) ) ;
#538 = CARTESIAN_POINT ( 'NONE',  ( 3.233360217782009549, 11.09999999999999964, -2.699915535310169812 ) ) ;
#539 = AXIS2_PLACEMENT_3D ( 'NONE', #1998, #1027, #776 ) ;
#540 = CARTESIAN_POINT ( 'NONE',  ( 4.161613426813869587, 11.09999999999999964, -1.902782837035589925 ) ) ;
#541 = ORIENTED_EDGE ( 'NONE', *, *, #3356, .F. ) ;
#542 = FACE_OUTER_BOUND ( 'NONE', #2622, .T. ) ;
#544 = ORIENTED_EDGE ( 'NONE', *, *, #38, .T. ) ;
#543 = DIRECTION ( 'NONE',  ( 0.000000000000000000, -1.000000000000000000, 0.000000000000000000 ) ) ;
#545 = CARTESIAN_POINT ( 'NONE',  ( 3.024999999999999911, 24.78707656525730130, 1.525000000000000133 ) ) ;
#546 = CARTESIAN_POINT ( 'NONE',  ( 3.375000000000000000, 10.90000000000000036, 1.875000000000000000 ) ) ;
#547 = AXIS2_PLACEMENT_3D ( 'NONE', #1190, #1495, #2448 ) ;
#548 = DIRECTION ( 'NONE',  ( 0.000000000000000000, 0.000000000000000000, -1.000000000000000000 ) ) ;
#549 = MECHANICAL_DESIGN_GEOMETRIC_PRESENTATION_REPRESENTATION (  '', ( #4027 ), #1239 ) ;
#550 = DIRECTION ( 'NONE',  ( 0.7071067811865500152, 0.000000000000000000, -0.7071067811865450192 ) ) ;
#551 = VERTEX_POINT ( 'NONE', #3919 ) ;
#552 = LINE ( 'NONE', #3538, #585 ) ;
#553 = ORIENTED_EDGE ( 'NONE', *, *, #352, .F. ) ;
#554 = ORIENTED_EDGE ( 'NONE', *, *, #3444, .F. ) ;
#555 = CARTESIAN_POINT ( 'NONE',  ( 3.889191486603339687, 10.90000000000000036, -1.678607053205015021 ) ) ;
#556 = LINE ( 'NONE', #2460, #2061 ) ;
#557 = VERTEX_POINT ( 'NONE', #3869 ) ;
#558 = CARTESIAN_POINT ( 'NONE',  ( 3.884590883498194369, 11.09999999999999964, -1.862579463491075060 ) ) ;
#559 = DIRECTION ( 'NONE',  ( -1.000000000000000000, 0.000000000000000000, -2.990902544787595140E-16 ) ) ;
#560 = CARTESIAN_POINT ( 'NONE',  ( -2.407692307692309797, 11.09999999999999964, 2.700000000000000178 ) ) ;
#561 = EDGE_CURVE ( 'NONE', #747, #2158, #2379, .T. ) ;
#562 = PLANE ( 'NONE',  #2854 ) ;
#563 = DIRECTION ( 'NONE',  ( 0.000000000000000000, 1.000000000000000000, 0.000000000000000000 ) ) ;
#564 = CARTESIAN_POINT ( 'NONE',  ( 3.413711495051569678, 10.90000000000000036, -2.459076149520705190 ) ) ;
#565 = ORIENTED_EDGE ( 'NONE', *, *, #1194, .T. ) ;
#566 = DIRECTION ( 'NONE',  ( -1.000000000000000000, 0.000000000000000000, 0.000000000000000000 ) ) ;
#567 = VECTOR ( 'NONE', #3575, 1000.000000000000000 ) ;
#568 = ORIENTED_EDGE ( 'NONE', *, *, #4247, .F. ) ;
#569 = ADVANCED_FACE ( 'NONE', ( #815 ), #1002, .T. ) ;
#570 = EDGE_CURVE ( 'NONE', #1089, #2155, #2276, .T. ) ;
#571 = DIRECTION ( 'NONE',  ( 0.000000000000000000, 0.000000000000000000, -1.000000000000000000 ) ) ;
#572 = DIRECTION ( 'NONE',  ( 0.000000000000000000, -1.000000000000000000, 0.000000000000000000 ) ) ;
#573 = PLANE ( 'NONE',  #2591 ) ;
#574 = DIRECTION ( 'NONE',  ( 0.000000000000000000, 0.000000000000000000, 1.000000000000000000 ) ) ;
#575 = ORIENTED_EDGE ( 'NONE', *, *, #2040, .F. ) ;
#576 = VECTOR ( 'NONE', #4097, 1000.000000000000000 ) ;
#578 = ORIENTED_EDGE ( 'NONE', *, *, #2225, .F. ) ;
#577 = PLANE ( 'NONE',  #2482 ) ;
#579 = PLANE ( 'NONE',  #3312 ) ;
#580 = EDGE_CURVE ( 'NONE', #1800, #203, #841, .T. ) ;
#581 = ADVANCED_FACE ( 'NONE', ( #3917 ), #876, .F. ) ;
#582 = CARTESIAN_POINT ( 'NONE',  ( 3.680852044684720159, 11.09999999999999964, -2.342270004954174922 ) ) ;
#583 = VERTEX_POINT ( 'NONE', #2116 ) ;
#584 = CARTESIAN_POINT ( 'NONE',  ( -2.535897435897434882, 24.78707656525730130, 1.546153846153845102 ) ) ;
#585 = VECTOR ( 'NONE', #1573, 1000.000000000000000 ) ;
#586 = ORIENTED_EDGE ( 'NONE', *, *, #2555, .F. ) ;
#587 = ORIENTED_EDGE ( 'NONE', *, *, #134, .F. ) ;
#588 = ORIENTED_EDGE ( 'NONE', *, *, #1561, .T. ) ;
#589 = DIRECTION ( 'NONE',  ( 0.000000000000000000, -0.000000000000000000, 1.000000000000000000 ) ) ;
#590 = VECTOR ( 'NONE', #674, 1000.000000000000000 ) ;
#591 = VERTEX_POINT ( 'NONE', #3135 ) ;
#592 = ORIENTED_EDGE ( 'NONE', *, *, #1571, .F. ) ;
#593 = CARTESIAN_POINT ( 'NONE',  ( 3.631636808582660247, 10.90000000000000036, -0.7522853112251949304 ) ) ;
#594 = CARTESIAN_POINT ( 'NONE',  ( 4.128068267874875019, 10.90000000000000036, -2.078338223412790065 ) ) ;
#595 = AXIS2_PLACEMENT_3D ( 'NONE', #496, #1787, #2207 ) ;
#596 = CARTESIAN_POINT ( 'NONE',  ( 3.413711495051569678, 11.09999999999999964, -2.459076149520705190 ) ) ;
#597 = ORIENTED_EDGE ( 'NONE', *, *, #325, .T. ) ;
#598 = EDGE_LOOP ( 'NONE', ( #3338, #208, #515, #1337 ) ) ;
#599 = CARTESIAN_POINT ( 'NONE',  ( 4.128068267874875019, 11.09999999999999964, -2.078338223412790065 ) ) ;
#600 = LINE ( 'NONE', #4267, #637 ) ;
#601 = VERTEX_POINT ( 'NONE', #1222 ) ;
#602 = LINE ( 'NONE', #4004, #3692 ) ;
#603 = CARTESIAN_POINT ( 'NONE',  ( 3.985114489552510353, 10.90000000000000036, -1.016175804648705938 ) ) ;
#604 = ORIENTED_EDGE ( 'NONE', *, *, #765, .F. ) ;
#605 = CARTESIAN_POINT ( 'NONE',  ( 4.171574467036809786, 11.09999999999999964, -1.732858143927159977 ) ) ;
#606 = VERTEX_POINT ( 'NONE', #1521 ) ;
#607 = ORIENTED_EDGE ( 'NONE', *, *, #1857, .F. ) ;
#608 = FACE_OUTER_BOUND ( 'NONE', #4033, .T. ) ;
#610 = ORIENTED_EDGE ( 'NONE', *, *, #2406, .F. ) ;
#609 = PLANE ( 'NONE',  #288 ) ;
#611 = LINE ( 'NONE', #4136, #709 ) ;
#612 = CARTESIAN_POINT ( 'NONE',  ( 3.024999999999999911, 24.78707656525730130, 1.875000000000000000 ) ) ;
#613 = ADVANCED_FACE ( 'NONE', ( #2323 ), #3462, .F. ) ;
#614 = AXIS2_PLACEMENT_3D ( 'NONE', #2878, #3170, #893 ) ;
#615 = CARTESIAN_POINT ( 'NONE',  ( 3.932961983091990188, 10.90000000000000036, -2.456875088399584683 ) ) ;
#616 = ORIENTED_EDGE ( 'NONE', *, *, #1525, .F. ) ;
#617 = ORIENTED_EDGE ( 'NONE', *, *, #4236, .F. ) ;
#618 = DIRECTION ( 'NONE',  ( 1.000000000000000000, 0.000000000000000000, 0.000000000000000000 ) ) ;
#619 = FACE_OUTER_BOUND ( 'NONE', #2275, .T. ) ;
#620 = VERTEX_POINT ( 'NONE', #1808 ) ;
#621 = VECTOR ( 'NONE', #1358, 1000.000000000000000 ) ;
#622 = CARTESIAN_POINT ( 'NONE',  ( -5.950000000000000178, 2.600000000000000089, 2.499999999999999556 ) ) ;
#623 = EDGE_CURVE ( 'NONE', #2723, #894, #2331, .T. ) ;
#624 = ORIENTED_EDGE ( 'NONE', *, *, #2160, .T. ) ;
#625 = DIRECTION ( 'NONE',  ( 0.000000000000000000, 0.000000000000000000, -1.000000000000000000 ) ) ;
#626 = FACE_OUTER_BOUND ( 'NONE', #3645, .T. ) ;
#627 = ORIENTED_EDGE ( 'NONE', *, *, #3435, .T. ) ;
#628 = ORIENTED_EDGE ( 'NONE', *, *, #2458, .T. ) ;
#629 = DIRECTION ( 'NONE',  ( 0.000000000000000000, -1.000000000000000000, 0.000000000000000000 ) ) ;
#630 = LINE ( 'NONE', #3224, #680 ) ;
#631 = CARTESIAN_POINT ( 'NONE',  ( 3.413711495051569678, 11.09999999999999964, -2.459076149520705190 ) ) ;
#632 = CARTESIAN_POINT ( 'NONE',  ( 3.851958078210549807, 11.09999999999999964, -0.8704721854539849701 ) ) ;
#633 = ORIENTED_EDGE ( 'NONE', *, *, #3356, .T. ) ;
#634 = EDGE_LOOP ( 'NONE', ( #3183, #2520, #2255, #3956 ) ) ;
#635 = CARTESIAN_POINT ( 'NONE',  ( -3.600000000000000089, -7.799999999999999822, 1.495000000000000107 ) ) ;
#636 = EDGE_CURVE ( 'NONE', #1617, #721, #2290, .T. ) ;
#637 = VECTOR ( 'NONE', #548, 1000.000000000000000 ) ;
#638 = ORIENTED_EDGE ( 'NONE', *, *, #3055, .T. ) ;
#639 = FACE_OUTER_BOUND ( 'NONE', #1847, .T. ) ;
#640 = CARTESIAN_POINT ( 'NONE',  ( 3.851958078210549807, 10.90000000000000036, -0.8704721854539849701 ) ) ;
#641 = ORIENTED_EDGE ( 'NONE', *, *, #134, .T. ) ;
#642 = CARTESIAN_POINT ( 'NONE',  ( -11.75000000000000000, 3.100000000000000089, -1.649999999999994582 ) ) ;
#643 = VERTEX_POINT ( 'NONE', #1719 ) ;
#644 = ORIENTED_EDGE ( 'NONE', *, *, #1370, .T. ) ;
#645 = VECTOR ( 'NONE', #1073, 1000.000000000000000 ) ;
#647 = EDGE_LOOP ( 'NONE', ( #1709, #3523, #2459, #1140, #2874, #1981, #734, #4170 ) ) ;
#646 = DIRECTION ( 'NONE',  ( 0.000000000000000000, 0.000000000000000000, 1.000000000000000000 ) ) ;
#648 = FACE_OUTER_BOUND ( 'NONE', #180, .T. ) ;
#649 = CARTESIAN_POINT ( 'NONE',  ( -3.375000000000000000, 11.09999999999999964, -0.8000000000000000444 ) ) ;
#650 = CARTESIAN_POINT ( 'NONE',  ( 3.997094304411905163, 10.90000000000000036, -2.376129967985269875 ) ) ;
#651 = ORIENTED_EDGE ( 'NONE', *, *, #4253, .F. ) ;
#652 = ORIENTED_EDGE ( 'NONE', *, *, #2599, .T. ) ;
#653 = CARTESIAN_POINT ( 'NONE',  ( 3.375000000000000000, 24.78707656525730130, 0.8000000000000000444 ) ) ;
#654 = CIRCLE ( 'NONE', #1134, 0.5000000000000004441 ) ;
#655 = ORIENTED_EDGE ( 'NONE', *, *, #1900, .T. ) ;
#656 = VECTOR ( 'NONE', #3801, 1000.000000000000000 ) ;
#657 = ADVANCED_FACE ( 'NONE', ( #3740 ), #1910, .T. ) ;
#658 = EDGE_CURVE ( 'NONE', #3148, #3890, #825, .T. ) ;
#659 = DIRECTION ( 'NONE',  ( -1.000000000000000000, 0.000000000000000000, -3.097720492815730124E-16 ) ) ;
#660 = ORIENTED_EDGE ( 'NONE', *, *, #408, .F. ) ;
#661 = CARTESIAN_POINT ( 'NONE',  ( 2.530769230769230216, 24.78707656525730130, -2.700000000000000178 ) ) ;
#662 = VECTOR ( 'NONE', #2708, 1000.000000000000000 ) ;
#663 = EDGE_LOOP ( 'NONE', ( #3918, #1003, #1703, #3840 ) ) ;
#664 = EDGE_LOOP ( 'NONE', ( #627, #3292, #3275, #4115 ) ) ;
#665 = PLANE ( 'NONE',  #539 ) ;
#666 = VECTOR ( 'NONE', #559, 1000.000000000000000 ) ;
#667 = AXIS2_PLACEMENT_3D ( 'NONE', #1519, #484, #1252 ) ;
#668 = DIRECTION ( 'NONE',  ( 0.000000000000000000, 1.000000000000000000, 0.000000000000000000 ) ) ;
#669 = EDGE_LOOP ( 'NONE', ( #2054, #3527, #641, #3714 ) ) ;
#670 = VERTEX_POINT ( 'NONE', #546 ) ;
#671 = LINE ( 'NONE', #1989, #3473 ) ;
#672 = VERTEX_POINT ( 'NONE', #989 ) ;
#673 = VECTOR ( 'NONE', #1053, 1000.000000000000000 ) ;
#674 = DIRECTION ( 'NONE',  ( -1.000000000000000000, 0.000000000000000000, 0.000000000000000000 ) ) ;
#675 = CARTESIAN_POINT ( 'NONE',  ( 3.884590883498194369, 10.90000000000000036, -1.862579463491075060 ) ) ;
#676 = ORIENTED_EDGE ( 'NONE', *, *, #1622, .F. ) ;
#677 = FACE_OUTER_BOUND ( 'NONE', #669, .T. ) ;
#679 = ORIENTED_EDGE ( 'NONE', *, *, #2672, .F. ) ;
#678 = CARTESIAN_POINT ( 'NONE',  ( -5.950000000000000178, 0.000000000000000000, 3.149999999999999911 ) ) ;
#680 = VECTOR ( 'NONE', #629, 1000.000000000000000 ) ;
#681 = EDGE_CURVE ( 'NONE', #672, #1657, #835, .T. ) ;
#682 = CARTESIAN_POINT ( 'NONE',  ( -3.587179487179489978, 10.90000000000000036, 2.469230769230769784 ) ) ;
#683 = VERTEX_POINT ( 'NONE', #1544 ) ;
#684 = ORIENTED_EDGE ( 'NONE', *, *, #580, .T. ) ;
#685 = DIRECTION ( 'NONE',  ( 0.000000000000000000, 0.000000000000000000, -1.000000000000000000 ) ) ;
#686 = VECTOR ( 'NONE', #3417, 1000.000000000000000 ) ;
#687 = VERTEX_POINT ( 'NONE', #946 ) ;
#688 = ORIENTED_EDGE ( 'NONE', *, *, #681, .T. ) ;
#689 = CIRCLE ( 'NONE', #2527, 0.5000000000000000000 ) ;
#690 = EDGE_CURVE ( 'NONE', #2087, #212, #2313, .T. ) ;
#691 = CARTESIAN_POINT ( 'NONE',  ( 3.522859972016394892, 11.09999999999999964, -0.9659298696503940684 ) ) ;
#692 = ORIENTED_EDGE ( 'NONE', *, *, #2272, .T. ) ;
#693 = ORIENTED_EDGE ( 'NONE', *, *, #1777, .F. ) ;
#694 = CARTESIAN_POINT ( 'NONE',  ( -5.950000000000000178, 9.900000000000000355, -3.149999999999999911 ) ) ;
#695 = VECTOR ( 'NONE', #17, 1000.000000000000000 ) ;
#696 = ORIENTED_EDGE ( 'NONE', *, *, #1870, .F. ) ;
#697 = CARTESIAN_POINT ( 'NONE',  ( 3.269689446589605364, 10.90000000000000036, -2.699751413951199996 ) ) ;
#698 = VECTOR ( 'NONE', #2657, 1000.000000000000000 ) ;
#699 = DIRECTION ( 'NONE',  ( 0.000000000000000000, -1.000000000000000000, 0.000000000000000000 ) ) ;
#700 = ADVANCED_FACE ( 'NONE', ( #3805 ), #579, .F. ) ;
#701 = ORIENTED_EDGE ( 'NONE', *, *, #2225, .T. ) ;
#702 = EDGE_CURVE ( 'NONE', #1978, #3148, #3763, .T. ) ;
#703 = CARTESIAN_POINT ( 'NONE',  ( 10.89999999999999147, 2.600000000000000089, -3.000000000000000888 ) ) ;
#704 = ORIENTED_EDGE ( 'NONE', *, *, #2722, .F. ) ;
#705 = CARTESIAN_POINT ( 'NONE',  ( 3.965818093465095284, 10.90000000000000036, -2.417296721754274902 ) ) ;
#706 = FACE_OUTER_BOUND ( 'NONE', #1676, .T. ) ;
#707 = ORIENTED_EDGE ( 'NONE', *, *, #4197, .T. ) ;
#708 = ORIENTED_EDGE ( 'NONE', *, *, #1497, .F. ) ;
#709 = VECTOR ( 'NONE', #4189, 1000.000000000000000 ) ;
#710 = DIRECTION ( 'NONE',  ( 1.000000000000000000, 0.000000000000000000, 0.000000000000000000 ) ) ;
#711 = EDGE_CURVE ( 'NONE', #1800, #404, #3747, .T. ) ;
#712 = VERTEX_POINT ( 'NONE', #3642 ) ;
#713 = CARTESIAN_POINT ( 'NONE',  ( 1.550000000000000044, 7.100000000000000533, -0.2500000000000000000 ) ) ;
#714 = EDGE_LOOP ( 'NONE', ( #2133, #3409, #1691, #2845, #4277, #1854, #511, #10, #633, #1952, #1671, #2190, #3727, #1912, #3285, #4270 ) ) ;
#715 = LINE ( 'NONE', #4082, #723 ) ;
#716 = ORIENTED_EDGE ( 'NONE', *, *, #1917, .T. ) ;
#717 = ORIENTED_EDGE ( 'NONE', *, *, #1392, .T. ) ;
#718 = LINE ( 'NONE', #419, #3627 ) ;
#719 = ORIENTED_EDGE ( 'NONE', *, *, #983, .F. ) ;
#720 = DIRECTION ( 'NONE',  ( -1.000000000000000000, 0.000000000000000000, 0.000000000000000000 ) ) ;
#721 = VERTEX_POINT ( 'NONE', #3264 ) ;
#722 = DIRECTION ( 'NONE',  ( 0.000000000000000000, -1.000000000000000000, 0.000000000000000000 ) ) ;
#723 = VECTOR ( 'NONE', #1631, 1000.000000000000000 ) ;
#724 = AXIS2_PLACEMENT_3D ( 'NONE', #2528, #2153, #1157 ) ;
#725 = VERTEX_POINT ( 'NONE', #4011 ) ;
#726 = ORIENTED_EDGE ( 'NONE', *, *, #2476, .T. ) ;
#727 = VECTOR ( 'NONE', #3062, 1000.000000000000000 ) ;
#728 = CARTESIAN_POINT ( 'NONE',  ( 2.299999999999999822, 10.90000000000000036, 1.525000000000000133 ) ) ;
#729 = ORIENTED_EDGE ( 'NONE', *, *, #1650, .F. ) ;
#730 = ORIENTED_EDGE ( 'NONE', *, *, #4229, .T. ) ;
#731 = AXIS2_PLACEMENT_3D ( 'NONE', #3100, #3838, #781 ) ;
#732 = CARTESIAN_POINT ( 'NONE',  ( -2.407692307692309797, 11.09999999999999964, 2.469230769230769784 ) ) ;
#733 = VECTOR ( 'NONE', #397, 1000.000000000000000 ) ;
#734 = ORIENTED_EDGE ( 'NONE', *, *, #4236, .T. ) ;
#735 = EDGE_LOOP ( 'NONE', ( #1163, #440, #592, #792 ) ) ;
#736 = DIRECTION ( 'NONE',  ( 1.000000000000000000, 0.000000000000000000, 0.000000000000000000 ) ) ;
#737 = FACE_OUTER_BOUND ( 'NONE', #1323, .T. ) ;
#738 = DIRECTION ( 'NONE',  ( 0.000000000000000000, 0.000000000000000000, 1.000000000000000000 ) ) ;
#739 = AXIS2_PLACEMENT_3D ( 'NONE', #2033, #3072, #2415 ) ;
#740 = CARTESIAN_POINT ( 'NONE',  ( -2.535897435897434882, 11.09999999999999964, 1.776923076923075051 ) ) ;
#741 = ORIENTED_EDGE ( 'NONE', *, *, #2174, .F. ) ;
#742 = EDGE_LOOP ( 'NONE', ( #3959, #2951, #834, #1796 ) ) ;
#743 = CARTESIAN_POINT ( 'NONE',  ( 3.024999999999999911, 11.09999999999999964, 1.875000000000000000 ) ) ;
#744 = ORIENTED_EDGE ( 'NONE', *, *, #2215, .F. ) ;
#745 = CARTESIAN_POINT ( 'NONE',  ( 4.094239300777680057, 11.09999999999999964, -2.186235798088039584 ) ) ;
#746 = LINE ( 'NONE', #4009, #2099 ) ;
#747 = VERTEX_POINT ( 'NONE', #4312 ) ;
#748 = FACE_OUTER_BOUND ( 'NONE', #2355, .T. ) ;
#749 = ADVANCED_FACE ( 'NONE', ( #929 ), #2586, .F. ) ;
#750 = SURFACE_SIDE_STYLE ('',( #3308 ) ) ;
#751 = CARTESIAN_POINT ( 'NONE',  ( 4.143873796072824689, 11.09999999999999964, -1.399625478182308091 ) ) ;
#752 = VERTEX_POINT ( 'NONE', #3566 ) ;
#753 = ORIENTED_EDGE ( 'NONE', *, *, #56, .F. ) ;
#754 = DIRECTION ( 'NONE',  ( -1.000000000000000000, 0.000000000000000000, 1.752245935330111879E-16 ) ) ;
#755 = CARTESIAN_POINT ( 'NONE',  ( 4.171794871794870296, 11.09999999999999964, -1.710817307692309885 ) ) ;
#756 = ORIENTED_EDGE ( 'NONE', *, *, #2451, .T. ) ;
#757 = CIRCLE ( 'NONE', #1523, 0.8500000000000003109 ) ;
#758 = ORIENTED_EDGE ( 'NONE', *, *, #101, .F. ) ;
#759 = ORIENTED_EDGE ( 'NONE', *, *, #4313, .T. ) ;
#760 = FACE_OUTER_BOUND ( 'NONE', #3540, .T. ) ;
#761 = DIRECTION ( 'NONE',  ( 0.000000000000000000, -1.000000000000000000, 0.000000000000000000 ) ) ;
#762 = EDGE_LOOP ( 'NONE', ( #782, #831, #2141, #2196 ) ) ;
#763 = CARTESIAN_POINT ( 'NONE',  ( 3.738737573734650432, 10.90000000000000036, -2.278273079237739918 ) ) ;
#764 = CARTESIAN_POINT ( 'NONE',  ( 3.247115384615384848, 10.90000000000000036, -0.6999999999999999556 ) ) ;
#765 = EDGE_CURVE ( 'NONE', #3636, #2359, #878, .T. ) ;
#766 = VECTOR ( 'NONE', #2780, 1000.000000000000000 ) ;
#767 = ORIENTED_EDGE ( 'NONE', *, *, #1677, .T. ) ;
#768 = VERTEX_POINT ( 'NONE', #2267 ) ;
#769 = LINE ( 'NONE', #2362, #621 ) ;
#770 = CARTESIAN_POINT ( 'NONE',  ( 2.050000000000000266, 10.90000000000000036, 0.2500000000000000000 ) ) ;
#771 = ORIENTED_EDGE ( 'NONE', *, *, #3782, .F. ) ;
#772 = CARTESIAN_POINT ( 'NONE',  ( 3.548798076923074696, 10.90000000000000036, -2.427964743589744678 ) ) ;
#773 = VECTOR ( 'NONE', #4107, 1000.000000000000000 ) ;
#774 = EDGE_CURVE ( 'NONE', #3309, #2242, #3700, .T. ) ;
#775 = EDGE_LOOP ( 'NONE', ( #3669, #578, #3833, #517 ) ) ;
#776 = DIRECTION ( 'NONE',  ( 0.000000000000000000, 1.000000000000000000, 0.000000000000000000 ) ) ;
#777 = CARTESIAN_POINT ( 'NONE',  ( -2.458974358974360008, 10.90000000000000036, 0.6999999999999999556 ) ) ;
#778 = DIRECTION ( 'NONE',  ( 1.000000000000000000, 0.000000000000000000, 0.000000000000000000 ) ) ;
#779 = CARTESIAN_POINT ( 'NONE',  ( -3.024999999999999911, 24.78707656525730130, -1.875000000000000000 ) ) ;
#780 = VERTEX_POINT ( 'NONE', #3387 ) ;
#781 = DIRECTION ( 'NONE',  ( 0.000000000000000000, 0.000000000000000000, -1.000000000000000000 ) ) ;
#782 = ORIENTED_EDGE ( 'NONE', *, *, #2943, .T. ) ;
#783 = PLANE ( 'NONE',  #2532 ) ;
#784 = LINE ( 'NONE', #71, #733 ) ;
#785 = ADVANCED_FACE ( 'NONE', ( #2397 ), #1461, .F. ) ;
#786 = ORIENTED_EDGE ( 'NONE', *, *, #957, .T. ) ;
#787 = LINE ( 'NONE', #4273, #673 ) ;
#788 = DIRECTION ( 'NONE',  ( 0.000000000000000000, 1.000000000000000000, 0.000000000000000000 ) ) ;
#789 = EDGE_CURVE ( 'NONE', #318, #1841, #904, .T. ) ;
#790 = ORIENTED_EDGE ( 'NONE', *, *, #3683, .F. ) ;
#791 = CARTESIAN_POINT ( 'NONE',  ( -10.89999999999999147, 0.000000000000000000, -3.000000000000000888 ) ) ;
#792 = ORIENTED_EDGE ( 'NONE', *, *, #2128, .F. ) ;
#793 = VECTOR ( 'NONE', #2500, 1000.000000000000000 ) ;
#795 = VERTEX_POINT ( 'NONE', #1440 ) ;
#794 = DIRECTION ( 'NONE',  ( 0.000000000000000000, 0.000000000000000000, -1.000000000000000000 ) ) ;
#796 = AXIS2_PLACEMENT_3D ( 'NONE', #3545, #113, #3510 ) ;
#797 = DIRECTION ( 'NONE',  ( 0.000000000000000000, 0.000000000000000000, -1.000000000000000000 ) ) ;
#798 = ORIENTED_EDGE ( 'NONE', *, *, #885, .T. ) ;
#799 = DIRECTION ( 'NONE',  ( 0.000000000000000000, 1.000000000000000000, 0.000000000000000000 ) ) ;
#800 = DIRECTION ( 'NONE',  ( 0.000000000000000000, -1.000000000000000000, 0.000000000000000000 ) ) ;
#801 = ORIENTED_EDGE ( 'NONE', *, *, #458, .F. ) ;
#802 = EDGE_LOOP ( 'NONE', ( #1077, #2227, #3703, #2713 ) ) ;
#803 = VECTOR ( 'NONE', #3950, 1000.000000000000000 ) ;
#804 = CARTESIAN_POINT ( 'NONE',  ( 3.522859972016394892, 10.90000000000000036, -0.9659298696503940684 ) ) ;
#805 = AXIS2_PLACEMENT_3D ( 'NONE', #2506, #153, #128 ) ;
#806 = CARTESIAN_POINT ( 'NONE',  ( 3.889743589743590135, 11.09999999999999964, -1.715224358974360097 ) ) ;
#807 = DIRECTION ( 'NONE',  ( 0.000000000000000000, 0.000000000000000000, -1.000000000000000000 ) ) ;
#808 = ORIENTED_EDGE ( 'NONE', *, *, #1590, .T. ) ;
#809 = EDGE_CURVE ( 'NONE', #2208, #768, #3785, .T. ) ;
#810 = VERTEX_POINT ( 'NONE', #1768 ) ;
#811 = CARTESIAN_POINT ( 'NONE',  ( -9.500000000000000000, 0.000000000000000000, 0.000000000000000000 ) ) ;
#812 = PRODUCT_DEFINITION_FORMATION_WITH_SPECIFIED_SOURCE ( 'ANY', '', #1769, .NOT_KNOWN. ) ;
#813 = ORIENTED_EDGE ( 'NONE', *, *, #3158, .T. ) ;
#814 = CARTESIAN_POINT ( 'NONE',  ( 3.557362988371945089, 10.90000000000000036, -2.673512185671994779 ) ) ;
#815 = FACE_OUTER_BOUND ( 'NONE', #3705, .T. ) ;
#816 = DIRECTION ( 'NONE',  ( -1.000000000000000000, 0.000000000000000000, 0.000000000000000000 ) ) ;
#817 = EDGE_CURVE ( 'NONE', #1231, #468, #2371, .T. ) ;
#818 = DIRECTION ( 'NONE',  ( 1.000000000000000000, 0.000000000000000000, 0.000000000000000000 ) ) ;
#819 = VERTEX_POINT ( 'NONE', #3880 ) ;
#820 = CARTESIAN_POINT ( 'NONE',  ( 3.375000000000000000, 24.78707656525730130, 0.8000000000000000444 ) ) ;
#821 = ORIENTED_EDGE ( 'NONE', *, *, #1837, .F. ) ;
#822 = DIRECTION ( 'NONE',  ( 0.000000000000000000, 1.000000000000000000, 0.000000000000000000 ) ) ;
#823 = ORIENTED_EDGE ( 'NONE', *, *, #3720, .T. ) ;
#824 = ORIENTED_EDGE ( 'NONE', *, *, #1658, .F. ) ;
#825 = LINE ( 'NONE', #253, #2360 ) ;
#826 = FILL_AREA_STYLE_COLOUR ( '', #1855 ) ;
#828 = EDGE_LOOP ( 'NONE', ( #2270, #1188, #2373, #4056 ) ) ;
#827 = ORIENTED_EDGE ( 'NONE', *, *, #2536, .F. ) ;
#829 = DIRECTION ( 'NONE',  ( 1.000000000000000000, 0.000000000000000000, 9.637352644315600666E-16 ) ) ;
#830 = DIRECTION ( 'NONE',  ( 1.000000000000000000, 0.000000000000000000, 2.990902544787600071E-16 ) ) ;
#831 = ORIENTED_EDGE ( 'NONE', *, *, #1460, .F. ) ;
#832 = ADVANCED_FACE ( 'NONE', ( #3796 ), #1798, .T. ) ;
#834 = ORIENTED_EDGE ( 'NONE', *, *, #3657, .T. ) ;
#833 = DIRECTION ( 'NONE',  ( 1.000000000000000000, 0.000000000000000000, 0.000000000000000000 ) ) ;
#835 = LINE ( 'NONE', #2235, #2298 ) ;
#836 = EDGE_CURVE ( 'NONE', #1666, #2004, #3835, .T. ) ;
#837 = CARTESIAN_POINT ( 'NONE',  ( 3.796526684985859657, 11.09999999999999964, -2.577604581025330077 ) ) ;
#838 = ORIENTED_EDGE ( 'NONE', *, *, #2007, .F. ) ;
#839 = CARTESIAN_POINT ( 'NONE',  ( 3.560530731003324956, 11.09999999999999964, -2.422854494830439798 ) ) ;
#840 = ORIENTED_EDGE ( 'NONE', *, *, #4007, .F. ) ;
#841 = LINE ( 'NONE', #1780, #2281 ) ;
#842 = CARTESIAN_POINT ( 'NONE',  ( -10.89999999999999147, 0.000000000000000000, 2.999999999999999112 ) ) ;
#843 = CARTESIAN_POINT ( 'NONE',  ( -3.375000000000000000, 11.09999999999999964, -2.600000000000000089 ) ) ;
#844 = EDGE_CURVE ( 'NONE', #819, #3674, #2702, .T. ) ;
#845 = ORIENTED_EDGE ( 'NONE', *, *, #3490, .T. ) ;
#846 = VERTEX_POINT ( 'NONE', #193 ) ;
#847 = CARTESIAN_POINT ( 'NONE',  ( 3.371875137137759992, 10.90000000000000036, -2.696182417864169789 ) ) ;
#848 = VECTOR ( 'NONE', #171, 1000.000000000000000 ) ;
#849 = CARTESIAN_POINT ( 'NONE',  ( 10.90000000000000036, 3.100000000000000089, -2.500000000000000888 ) ) ;
#850 = DIRECTION ( 'NONE',  ( 0.000000000000000000, 0.000000000000000000, 1.000000000000000000 ) ) ;
#851 = EDGE_LOOP ( 'NONE', ( #3094, #1485, #3115, #3717 ) ) ;
#852 = DIRECTION ( 'NONE',  ( -0.7071067811865450192, 0.000000000000000000, -0.7071067811865500152 ) ) ;
#853 = EDGE_CURVE ( 'NONE', #2819, #318, #2243, .T. ) ;
#854 = ORIENTED_EDGE ( 'NONE', *, *, #101, .T. ) ;
#855 = EDGE_LOOP ( 'NONE', ( #378, #1781, #3155, #2058 ) ) ;
#856 = DIRECTION ( 'NONE',  ( 0.000000000000000000, 0.000000000000000000, 1.000000000000000000 ) ) ;
#857 = CARTESIAN_POINT ( 'NONE',  ( -3.375000000000000000, 24.78707656525730130, -0.8000000000000000444 ) ) ;
#858 = VERTEX_POINT ( 'NONE', #4185 ) ;
#859 = AXIS2_PLACEMENT_3D ( 'NONE', #3754, #2179, #4280 ) ;
#861 = VERTEX_POINT ( 'NONE', #389 ) ;
#860 = CARTESIAN_POINT ( 'NONE',  ( 4.000000000000000000, -7.799999999999999822, -1.495000000000000107 ) ) ;
#862 = ORIENTED_EDGE ( 'NONE', *, *, #3602, .F. ) ;
#863 = CARTESIAN_POINT ( 'NONE',  ( -5.950000000000000178, 0.000000000000000000, -3.149999999999999911 ) ) ;
#864 = CARTESIAN_POINT ( 'NONE',  ( 5.950000000000000178, 3.100000000000000089, 2.999999999999999112 ) ) ;
#865 = VERTEX_POINT ( 'NONE', #90 ) ;
#866 = VECTOR ( 'NONE', #3605, 1000.000000000000000 ) ;
#867 = LINE ( 'NONE', #2959, #889 ) ;
#868 = AXIS2_PLACEMENT_3D ( 'NONE', #4016, #2678, #4317 ) ;
#869 = CARTESIAN_POINT ( 'NONE',  ( -3.024999999999999911, 24.78707656525730130, -1.875000000000000000 ) ) ;
#870 = ORIENTED_EDGE ( 'NONE', *, *, #3891, .F. ) ;
#871 = EDGE_LOOP ( 'NONE', ( #3990, #2479, #1744, #3870 ) ) ;
#872 = CARTESIAN_POINT ( 'NONE',  ( -10.90000000000000036, 3.100000000000000089, -1.650000000000000577 ) ) ;
#873 = VECTOR ( 'NONE', #4042, 1000.000000000000000 ) ;
#874 = DIRECTION ( 'NONE',  ( 1.000000000000000000, 0.000000000000000000, 0.000000000000000000 ) ) ;
#875 = PLANE ( 'NONE',  #2319 ) ;
#876 = PLANE ( 'NONE',  #2383 ) ;
#877 = ORIENTED_EDGE ( 'NONE', *, *, #2912, .F. ) ;
#878 = LINE ( 'NONE', #1570, #2308 ) ;
#879 = LINE ( 'NONE', #931, #3770 ) ;
#880 = CARTESIAN_POINT ( 'NONE',  ( 3.600000000000000089, 0.000000000000000000, -1.044999999999999929 ) ) ;
#881 = CARTESIAN_POINT ( 'NONE',  ( 3.595612592157414689, 10.90000000000000036, -2.663916927991400119 ) ) ;
#882 = CARTESIAN_POINT ( 'NONE',  ( 3.271963749032134938, 10.90000000000000036, -2.468587476016619764 ) ) ;
#883 = CARTESIAN_POINT ( 'NONE',  ( 3.840678656782090084, 10.90000000000000036, -1.328830244128765825 ) ) ;
#884 = ORIENTED_EDGE ( 'NONE', *, *, #121, .T. ) ;
#885 = EDGE_CURVE ( 'NONE', #1069, #1176, #3708, .T. ) ;
#887 = EDGE_LOOP ( 'NONE', ( #1828, #2862, #3690, #3458, #1902, #3408, #2101, #2693, #3413, #2170 ) ) ;
#886 = CARTESIAN_POINT ( 'NONE',  ( 3.375000000000000000, 24.78707656525730130, 0.8000000000000000444 ) ) ;
#888 = VECTOR ( 'NONE', #3860, 1000.000000000000000 ) ;
#889 = VECTOR ( 'NONE', #3947, 1000.000000000000000 ) ;
#890 = CARTESIAN_POINT ( 'NONE',  ( 2.050000000000000266, 7.100000000000000533, 0.2500000000000000000 ) ) ;
#891 = ORIENTED_EDGE ( 'NONE', *, *, #1392, .F. ) ;
#892 = CARTESIAN_POINT ( 'NONE',  ( 3.415251350497025218, 10.90000000000000036, -0.7074662044155020091 ) ) ;
#893 = DIRECTION ( 'NONE',  ( 0.000000000000000000, -1.000000000000000000, 0.000000000000000000 ) ) ;
#894 = VERTEX_POINT ( 'NONE', #770 ) ;
#895 = ORIENTED_EDGE ( 'NONE', *, *, #1120, .F. ) ;
#896 = VECTOR ( 'NONE', #2217, 1000.000000000000000 ) ;
#897 = VECTOR ( 'NONE', #978, 1000.000000000000114 ) ;
#898 = CARTESIAN_POINT ( 'NONE',  ( 1.550000000000000044, 10.90000000000000036, -2.649999999999999911 ) ) ;
#899 = ORIENTED_EDGE ( 'NONE', *, *, #2086, .F. ) ;
#900 = ADVANCED_FACE ( 'NONE', ( #2339 ), #2803, .F. ) ;
#901 = ORIENTED_EDGE ( 'NONE', *, *, #154, .T. ) ;
#902 = EDGE_LOOP ( 'NONE', ( #2259, #3578, #692, #289 ) ) ;
#903 = DIRECTION ( 'NONE',  ( 1.000000000000000000, 0.000000000000000000, 1.752245935330111879E-16 ) ) ;
#904 = LINE ( 'NONE', #2464, #938 ) ;
#905 = CARTESIAN_POINT ( 'NONE',  ( 3.024999999999999911, 11.09999999999999964, 1.525000000000000133 ) ) ;
#906 = LINE ( 'NONE', #4054, #3764 ) ;
#907 = CARTESIAN_POINT ( 'NONE',  ( 3.568028846153844746, 11.09999999999999964, -2.671153846153844658 ) ) ;
#908 = EDGE_CURVE ( 'NONE', #1995, #471, #2350, .T. ) ;
#909 = DIRECTION ( 'NONE',  ( 0.000000000000000000, 0.000000000000000000, -1.000000000000000000 ) ) ;
#910 = ORIENTED_EDGE ( 'NONE', *, *, #1159, .T. ) ;
#911 = EDGE_LOOP ( 'NONE', ( #3751, #3650, #3998, #276 ) ) ;
#912 = LINE ( 'NONE', #869, #2386 ) ;
#913 = VECTOR ( 'NONE', #761, 1000.000000000000000 ) ;
#914 = DIRECTION ( 'NONE',  ( -1.000000000000000000, 0.000000000000000000, 1.752245935330111879E-16 ) ) ;
#915 = AXIS2_PLACEMENT_3D ( 'NONE', #127, #1448, #1398 ) ;
#916 = CARTESIAN_POINT ( 'NONE',  ( 3.548798076923074696, 11.09999999999999964, -2.427964743589744678 ) ) ;
#917 = EDGE_LOOP ( 'NONE', ( #1266, #4063, #2421, #1213 ) ) ;
#919 = ORIENTED_EDGE ( 'NONE', *, *, #21, .F. ) ;
#918 = CARTESIAN_POINT ( 'NONE',  ( 0.000000000000000000, 0.000000000000000000, -3.149999999999999911 ) ) ;
#920 = VERTEX_POINT ( 'NONE', #4158 ) ;
#921 = LINE ( 'NONE', #3185, #948 ) ;
#922 = LINE ( 'NONE', #2106, #766 ) ;
#923 = CARTESIAN_POINT ( 'NONE',  ( 3.858894230769229772, 11.09999999999999964, -2.528125000000000178 ) ) ;
#924 = CARTESIAN_POINT ( 'NONE',  ( 9.500000000000000000, 3.100000000000000089, 0.000000000000000000 ) ) ;
#925 = CARTESIAN_POINT ( 'NONE',  ( 3.568028846153844746, 11.09999999999999964, -2.671153846153844658 ) ) ;
#926 = AXIS2_PLACEMENT_3D ( 'NONE', #3725, #3226, #1606 ) ;
#927 = VERTEX_POINT ( 'NONE', #2139 ) ;
#928 = VERTEX_POINT ( 'NONE', #3149 ) ;
#929 = FACE_OUTER_BOUND ( 'NONE', #3088, .T. ) ;
#930 = FACE_OUTER_BOUND ( 'NONE', #902, .T. ) ;
#931 = CARTESIAN_POINT ( 'NONE',  ( 10.89999999999999147, 0.000000000000000000, -3.000000000000000888 ) ) ;
#932 = CARTESIAN_POINT ( 'NONE',  ( 3.415251350497025218, 11.09999999999999964, -0.7074662044155020091 ) ) ;
#933 = PLANE ( 'NONE',  #2182 ) ;
#934 = ORIENTED_EDGE ( 'NONE', *, *, #2489, .T. ) ;
#935 = ORIENTED_EDGE ( 'NONE', *, *, #4064, .F. ) ;
#936 = ORIENTED_EDGE ( 'NONE', *, *, #3749, .T. ) ;
#937 = CARTESIAN_POINT ( 'NONE',  ( 3.371875137137759992, 11.09999999999999964, -2.696182417864169789 ) ) ;
#938 = VECTOR ( 'NONE', #1483, 1000.000000000000000 ) ;
#939 = FACE_OUTER_BOUND ( 'NONE', #2289, .T. ) ;
#940 = EDGE_CURVE ( 'NONE', #2659, #219, #912, .T. ) ;
#941 = CARTESIAN_POINT ( 'NONE',  ( -4.950000000000000178, 10.90000000000000036, -3.149999999999999911 ) ) ;
#942 = EDGE_LOOP ( 'NONE', ( #1788, #1819, #1802, #254 ) ) ;
#943 = MANIFOLD_SOLID_BREP ( 'NONE', #4040 ) ;
#944 = FILL_AREA_STYLE ('',( #3640 ) ) ;
#945 = DIRECTION ( 'NONE',  ( -2.990902544787600071E-16, 0.000000000000000000, 1.000000000000000000 ) ) ;
#946 = CARTESIAN_POINT ( 'NONE',  ( 3.858894230769229772, 10.90000000000000036, -2.528125000000000178 ) ) ;
#947 = EDGE_LOOP ( 'NONE', ( #1706, #2857, #334, #3554, #2230, #1886 ) ) ;
#948 = VECTOR ( 'NONE', #3157, 1000.000000000000000 ) ;
#949 = VECTOR ( 'NONE', #2581, 1000.000000000000114 ) ;
#950 = DIRECTION ( 'NONE',  ( 0.000000000000000000, -1.000000000000000000, 0.000000000000000000 ) ) ;
#951 = PRESENTATION_STYLE_ASSIGNMENT (( #1916 ) ) ;
#952 = DIRECTION ( 'NONE',  ( 0.000000000000000000, 0.000000000000000000, -1.000000000000000000 ) ) ;
#953 = EDGE_CURVE ( 'NONE', #1617, #2059, #2404, .T. ) ;
#954 = CARTESIAN_POINT ( 'NONE',  ( 3.876406785409835187, 11.09999999999999964, -1.930197961723175037 ) ) ;
#955 = CARTESIAN_POINT ( 'NONE',  ( -3.869230769230769695, 10.90000000000000036, 0.6999999999999999556 ) ) ;
#956 = CARTESIAN_POINT ( 'NONE',  ( 4.112809654072365539, 10.90000000000000036, -2.133340274862340014 ) ) ;
#957 = EDGE_CURVE ( 'NONE', #795, #219, #3972, .T. ) ;
#958 = CIRCLE ( 'NONE', #1949, 0.5000000000000000000 ) ;
#959 = CARTESIAN_POINT ( 'NONE',  ( 0.000000000000000000, 11.09999999999999964, 0.000000000000000000 ) ) ;
#960 = CARTESIAN_POINT ( 'NONE',  ( 3.942788349660765856, 11.09999999999999964, -0.9614050155283649923 ) ) ;
#961 = DIRECTION ( 'NONE',  ( 1.000000000000000000, 0.000000000000000000, 0.000000000000000000 ) ) ;
#962 = DIRECTION ( 'NONE',  ( 0.000000000000000000, -1.000000000000000000, 0.000000000000000000 ) ) ;
#963 = AXIS2_PLACEMENT_3D ( 'NONE', #2423, #1063, #710 ) ;
#964 = CARTESIAN_POINT ( 'NONE',  ( 4.100000000000000533, 10.90000000000000036, 1.875000000000000000 ) ) ;
#965 = CARTESIAN_POINT ( 'NONE',  ( 3.932961983091990188, 11.09999999999999964, -2.456875088399584683 ) ) ;
#966 = ORIENTED_EDGE ( 'NONE', *, *, #1677, .F. ) ;
#967 = CARTESIAN_POINT ( 'NONE',  ( 0.000000000000000000, 3.100000000000000089, 0.000000000000000000 ) ) ;
#968 = DIRECTION ( 'NONE',  ( 0.000000000000000000, 0.000000000000000000, -1.000000000000000000 ) ) ;
#969 = AXIS2_PLACEMENT_3D ( 'NONE', #3732, #345, #4166 ) ;
#970 = SURFACE_STYLE_FILL_AREA ( #1404 ) ;
#971 = VERTEX_POINT ( 'NONE', #4304 ) ;
#972 = CARTESIAN_POINT ( 'NONE',  ( 3.742501825154679995, 10.90000000000000036, -1.123724997849969931 ) ) ;
#973 = VERTEX_POINT ( 'NONE', #2603 ) ;
#974 = EDGE_CURVE ( 'NONE', #3017, #2751, #2524, .T. ) ;
#975 = ADVANCED_FACE ( 'NONE', ( #4078 ), #246, .T. ) ;
#976 = CARTESIAN_POINT ( 'NONE',  ( 4.000000000000000000, -7.799999999999999822, 1.495000000000000107 ) ) ;
#977 = AXIS2_PLACEMENT_3D ( 'NONE', #2156, #2867, #3499 ) ;
#978 = DIRECTION ( 'NONE',  ( 0.7071067811865474617, 0.000000000000000000, 0.7071067811865474617 ) ) ;
#979 = VECTOR ( 'NONE', #4057, 1000.000000000000000 ) ;
#980 = ORIENTED_EDGE ( 'NONE', *, *, #1645, .F. ) ;
#981 = CARTESIAN_POINT ( 'NONE',  ( 4.000000000000000000, -8.300000000000000711, -1.495000000000000107 ) ) ;
#982 = CARTESIAN_POINT ( 'NONE',  ( 4.152512072541800769, 10.90000000000000036, -1.963119612482169707 ) ) ;
#983 = EDGE_CURVE ( 'NONE', #1611, #174, #4038, .T. ) ;
#984 = CARTESIAN_POINT ( 'NONE',  ( 3.631636808582660247, 10.90000000000000036, -0.7522853112251949304 ) ) ;
#985 = VECTOR ( 'NONE', #2073, 1000.000000000000000 ) ;
#986 = CARTESIAN_POINT ( 'NONE',  ( 4.171794871794870296, 11.09999999999999964, -1.710817307692309885 ) ) ;
#987 = DIRECTION ( 'NONE',  ( 0.000000000000000000, 0.000000000000000000, 1.000000000000000000 ) ) ;
#988 = ORIENTED_EDGE ( 'NONE', *, *, #1306, .F. ) ;
#989 = CARTESIAN_POINT ( 'NONE',  ( 4.000000000000000000, 0.000000000000000000, 1.044999999999999929 ) ) ;
#990 = EDGE_CURVE ( 'NONE', #212, #3350, #3962, .T. ) ;
#991 = VECTOR ( 'NONE', #2348, 1000.000000000000000 ) ;
#992 = CARTESIAN_POINT ( 'NONE',  ( 3.965818093465095284, 10.90000000000000036, -2.417296721754274902 ) ) ;
#993 = DIRECTION ( 'NONE',  ( 0.000000000000000000, -1.000000000000000000, 0.000000000000000000 ) ) ;
#994 =( NAMED_UNIT ( * ) PLANE_ANGLE_UNIT ( ) SI_UNIT ( $, .RADIAN. ) );
#995 = DIRECTION ( 'NONE',  ( 0.000000000000000000, 0.000000000000000000, -1.000000000000000000 ) ) ;
#996 = VECTOR ( 'NONE', #1537, 1000.000000000000000 ) ;
#997 = EDGE_CURVE ( 'NONE', #88, #167, #1023, .T. ) ;
#998 = DIRECTION ( 'NONE',  ( 9.637352644315600666E-16, 0.000000000000000000, -1.000000000000000000 ) ) ;
#999 = DIRECTION ( 'NONE',  ( 0.000000000000000000, 1.000000000000000000, 0.000000000000000000 ) ) ;
#1000 = ADVANCED_FACE ( 'NONE', ( #2530, #1011 ), #1327, .T. ) ;
#1001 = VECTOR ( 'NONE', #668, 1000.000000000000000 ) ;
#1002 = CYLINDRICAL_SURFACE ( 'NONE', #805, 0.5000000000000004441 ) ;
#1003 = ORIENTED_EDGE ( 'NONE', *, *, #1306, .T. ) ;
#1004 = AXIS2_PLACEMENT_3D ( 'NONE', #1869, #2885, #1177 ) ;
#1005 = CARTESIAN_POINT ( 'NONE',  ( 4.143873796072824689, 11.09999999999999964, -1.399625478182308091 ) ) ;
#1006 = CARTESIAN_POINT ( 'NONE',  ( 3.225080128205130237, 10.90000000000000036, -0.9307692307692310152 ) ) ;
#1007 = ORIENTED_EDGE ( 'NONE', *, *, #2393, .F. ) ;
#1008 = CARTESIAN_POINT ( 'NONE',  ( 4.060627757828290108, 10.90000000000000036, -1.147204701724245934 ) ) ;
#1009 = EDGE_CURVE ( 'NONE', #3359, #795, #1155, .T. ) ;
#1010 = CYLINDRICAL_SURFACE ( 'NONE', #3745, 1.350000000000000311 ) ;
#1011 = FACE_OUTER_BOUND ( 'NONE', #3061, .T. ) ;
#1012 = DIRECTION ( 'NONE',  ( -1.000000000000000000, 0.000000000000000000, 0.000000000000000000 ) ) ;
#1013 = ORIENTED_EDGE ( 'NONE', *, *, #3032, .F. ) ;
#1014 = AXIS2_PLACEMENT_3D ( 'NONE', #3291, #1344, #3686 ) ;
#1015 = CARTESIAN_POINT ( 'NONE',  ( 4.024790217835584549, 10.90000000000000036, -2.331873995308380021 ) ) ;
#1016 = EDGE_CURVE ( 'NONE', #768, #2165, #4001, .T. ) ;
#1017 = VECTOR ( 'NONE', #543, 1000.000000000000000 ) ;
#1018 = CARTESIAN_POINT ( 'NONE',  ( 3.548798076923074696, 11.09999999999999964, -2.427964743589744678 ) ) ;
#1019 = CARTESIAN_POINT ( 'NONE',  ( -4.000000000000000000, 0.000000000000000000, 1.044999999999999929 ) ) ;
#1020 = AXIS2_PLACEMENT_3D ( 'NONE', #2297, #3260, #2980 ) ;
#1021 = FACE_OUTER_BOUND ( 'NONE', #2241, .T. ) ;
#1022 = CARTESIAN_POINT ( 'NONE',  ( -10.89999999999999147, 0.000000000000000000, -3.000000000000000888 ) ) ;
#1023 = LINE ( 'NONE', #2258, #2611 ) ;
#1024 = EDGE_CURVE ( 'NONE', #2997, #202, #2501, .T. ) ;
#1025 = CARTESIAN_POINT ( 'NONE',  ( -4.000000000000000000, -8.300000000000000711, -1.495000000000000107 ) ) ;
#1026 = ORIENTED_EDGE ( 'NONE', *, *, #2341, .F. ) ;
#1027 = DIRECTION ( 'NONE',  ( 1.000000000000000000, 0.000000000000000000, 0.000000000000000000 ) ) ;
#1028 = VECTOR ( 'NONE', #2694, 1000.000000000000000 ) ;
#1029 = DIRECTION ( 'NONE',  ( -1.000000000000000000, 0.000000000000000000, 0.000000000000000000 ) ) ;
#1030 = CARTESIAN_POINT ( 'NONE',  ( 0.000000000000000000, 11.09999999999999964, 0.000000000000000000 ) ) ;
#1031 = ADVANCED_FACE ( 'NONE', ( #2589 ), #1273, .T. ) ;
#1032 = CARTESIAN_POINT ( 'NONE',  ( 1.550000000000000044, 10.90000000000000036, 0.2500000000000000000 ) ) ;
#1033 = CARTESIAN_POINT ( 'NONE',  ( 3.942788349660765856, 11.09999999999999964, -0.9614050155283649923 ) ) ;
#1034 = COLOUR_RGB ( '',0.7921568627450980005, 0.8196078431372548767, 0.9333333333333333481 ) ;
#1035 = VECTOR ( 'NONE', #4242, 1000.000000000000000 ) ;
#1036 = ORIENTED_EDGE ( 'NONE', *, *, #789, .F. ) ;
#1037 = CARTESIAN_POINT ( 'NONE',  ( 3.560530731003324956, 10.90000000000000036, -2.422854494830439798 ) ) ;
#1038 = DIRECTION ( 'NONE',  ( 0.000000000000000000, -1.000000000000000000, 0.000000000000000000 ) ) ;
#1039 = ORIENTED_EDGE ( 'NONE', *, *, #3490, .F. ) ;
#1040 = DIRECTION ( 'NONE',  ( -1.000000000000000000, 0.000000000000000000, 0.000000000000000000 ) ) ;
#1041 = LINE ( 'NONE', #1928, #1001 ) ;
#1042 = DIRECTION ( 'NONE',  ( 0.000000000000000000, 0.000000000000000000, 1.000000000000000000 ) ) ;
#1043 = LINE ( 'NONE', #1189, #1079 ) ;
#1044 =( NAMED_UNIT ( * ) SI_UNIT ( $, .STERADIAN. ) SOLID_ANGLE_UNIT ( ) );
#1045 = ORIENTED_EDGE ( 'NONE', *, *, #623, .T. ) ;
#1046 = EDGE_CURVE ( 'NONE', #2059, #63, #4047, .T. ) ;
#1047 = LINE ( 'NONE', #1516, #949 ) ;
#1048 = CARTESIAN_POINT ( 'NONE',  ( 4.000000000000000000, -8.300000000000000711, -1.495000000000000107 ) ) ;
#1049 = LINE ( 'NONE', #3564, #4031 ) ;
#1050 = DIRECTION ( 'NONE',  ( -0.7071067811865470176, -0.7071067811865480168, 0.000000000000000000 ) ) ;
#1051 = ORIENTED_EDGE ( 'NONE', *, *, #636, .F. ) ;
#1052 = ORIENTED_EDGE ( 'NONE', *, *, #702, .F. ) ;
#1053 = DIRECTION ( 'NONE',  ( 0.000000000000000000, 1.000000000000000000, 0.000000000000000000 ) ) ;
#1054 = CARTESIAN_POINT ( 'NONE',  ( 3.323143657395595252, 11.09999999999999964, -2.467196514113905170 ) ) ;
#1055 = AXIS2_PLACEMENT_3D ( 'NONE', #918, #3165, #2593 ) ;
#1056 = VECTOR ( 'NONE', #2010, 1000.000000000000000 ) ;
#1057 = AXIS2_PLACEMENT_3D ( 'NONE', #216, #528, #3586 ) ;
#1058 = DIRECTION ( 'NONE',  ( 0.000000000000000000, 1.000000000000000000, 0.000000000000000000 ) ) ;
#1059 = ORIENTED_EDGE ( 'NONE', *, *, #4281, .T. ) ;
#1060 = EDGE_CURVE ( 'NONE', #1569, #920, #4061, .T. ) ;
#1061 = VERTEX_POINT ( 'NONE', #703 ) ;
#1062 = DIRECTION ( 'NONE',  ( 0.000000000000000000, 0.000000000000000000, -1.000000000000000000 ) ) ;
#1063 = DIRECTION ( 'NONE',  ( 0.000000000000000000, 0.000000000000000000, 1.000000000000000000 ) ) ;
#1064 = LINE ( 'NONE', #1430, #4000 ) ;
#1065 = FACE_OUTER_BOUND ( 'NONE', #1992, .T. ) ;
#1066 = CARTESIAN_POINT ( 'NONE',  ( 4.171574467036809786, 10.90000000000000036, -1.732858143927159977 ) ) ;
#1067 = AXIS2_PLACEMENT_3D ( 'NONE', #2887, #4190, #2499 ) ;
#1068 = ORIENTED_EDGE ( 'NONE', *, *, #3883, .T. ) ;
#1069 = VERTEX_POINT ( 'NONE', #424 ) ;
#1070 = DIRECTION ( 'NONE',  ( 0.000000000000000000, 0.000000000000000000, -1.000000000000000000 ) ) ;
#1071 = ADVANCED_FACE ( 'NONE', ( #2470 ), #1750, .F. ) ;
#1072 = FACE_OUTER_BOUND ( 'NONE', #1251, .T. ) ;
#1073 = DIRECTION ( 'NONE',  ( 0.000000000000000000, -1.000000000000000000, 0.000000000000000000 ) ) ;
#1074 = VECTOR ( 'NONE', #316, 1000.000000000000000 ) ;
#1075 = DIRECTION ( 'NONE',  ( 0.000000000000000000, -1.000000000000000000, 0.000000000000000000 ) ) ;
#1076 = VERTEX_POINT ( 'NONE', #1425 ) ;
#1077 = ORIENTED_EDGE ( 'NONE', *, *, #2616, .F. ) ;
#1078 = LINE ( 'NONE', #1555, #2521 ) ;
#1079 = VECTOR ( 'NONE', #1779, 1000.000000000000000 ) ;
#1080 = CARTESIAN_POINT ( 'NONE',  ( 3.236565885942084719, 10.90000000000000036, -2.469011564095960232 ) ) ;
#1081 = CARTESIAN_POINT ( 'NONE',  ( -3.600000000000000089, 0.000000000000000000, 1.044999999999999929 ) ) ;
#1082 = VECTOR ( 'NONE', #618, 1000.000000000000000 ) ;
#1083 = CARTESIAN_POINT ( 'NONE',  ( 3.462266912523559892, 10.90000000000000036, -0.9498855950119000635 ) ) ;
#1084 = PLANE ( 'NONE',  #1567 ) ;
#1085 = CARTESIAN_POINT ( 'NONE',  ( 2.299999999999999822, 11.09999999999999964, 1.525000000000000133 ) ) ;
#1086 = EDGE_CURVE ( 'NONE', #1667, #712, #1164, .T. ) ;
#1087 = FACE_OUTER_BOUND ( 'NONE', #3080, .T. ) ;
#1088 = CARTESIAN_POINT ( 'NONE',  ( -1.550000000000000044, -7.516648189186459383, -2.649999999999999911 ) ) ;
#1089 = VERTEX_POINT ( 'NONE', #2152 ) ;
#1090 = VECTOR ( 'NONE', #2661, 1000.000000000000000 ) ;
#1091 = DIRECTION ( 'NONE',  ( 0.000000000000000000, 0.000000000000000000, -1.000000000000000000 ) ) ;
#1092 = EDGE_LOOP ( 'NONE', ( #231, #2231, #163, #2557 ) ) ;
#1093 = VERTEX_POINT ( 'NONE', #3335 ) ;
#1094 = CARTESIAN_POINT ( 'NONE',  ( 3.375000000000000000, 11.09999999999999964, 0.8000000000000000444 ) ) ;
#1095 = CARTESIAN_POINT ( 'NONE',  ( 4.024617230478384933, 11.09999999999999964, -1.077978688153305775 ) ) ;
#1096 = VERTEX_POINT ( 'NONE', #1129 ) ;
#1097 = CARTESIAN_POINT ( 'NONE',  ( -3.375000000000000000, 10.90000000000000036, -0.8000000000000000444 ) ) ;
#1098 = DIRECTION ( 'NONE',  ( 0.000000000000000000, -1.000000000000000000, 0.000000000000000000 ) ) ;
#1099 = VECTOR ( 'NONE', #72, 1000.000000000000000 ) ;
#1100 = EDGE_CURVE ( 'NONE', #1978, #752, #4020, .T. ) ;
#1101 = LINE ( 'NONE', #2447, #3993 ) ;
#1102 = CARTESIAN_POINT ( 'NONE',  ( 3.375000000000000000, 24.78707656525730130, 1.875000000000000000 ) ) ;
#1103 = CARTESIAN_POINT ( 'NONE',  ( -4.100000000000000533, 11.09999999999999964, -1.875000000000000000 ) ) ;
#1104 = LINE ( 'NONE', #2720, #2560 ) ;
#1105 = ORIENTED_EDGE ( 'NONE', *, *, #3316, .T. ) ;
#1106 = DIRECTION ( 'NONE',  ( 0.7071067811865450192, 0.000000000000000000, 0.7071067811865500152 ) ) ;
#1107 = LINE ( 'NONE', #743, #3981 ) ;
#1108 = CARTESIAN_POINT ( 'NONE',  ( 3.738737573734650432, 11.09999999999999964, -2.278273079237739918 ) ) ;
#1109 = CARTESIAN_POINT ( 'NONE',  ( 3.024999999999999911, 24.78707656525730130, 1.525000000000000133 ) ) ;
#1110 = ORIENTED_EDGE ( 'NONE', *, *, #2393, .T. ) ;
#1111 = EDGE_CURVE ( 'NONE', #1217, #533, #2602, .T. ) ;
#1112 = ORIENTED_EDGE ( 'NONE', *, *, #844, .F. ) ;
#1113 = ADVANCED_FACE ( 'NONE', ( #3931 ), #3461, .T. ) ;
#1114 = LINE ( 'NONE', #1801, #2666 ) ;
#1115 = DIRECTION ( 'NONE',  ( 0.000000000000000000, 1.000000000000000000, -7.372574772901430151E-15 ) ) ;
#1116 = FACE_OUTER_BOUND ( 'NONE', #1858, .T. ) ;
#1117 = AXIS2_PLACEMENT_3D ( 'NONE', #1877, #1851, #2892 ) ;
#1118 = ORIENTED_EDGE ( 'NONE', *, *, #3039, .F. ) ;
#1119 = CARTESIAN_POINT ( 'NONE',  ( 0.000000000000000000, 0.000000000000000000, 0.000000000000000000 ) ) ;
#1120 = EDGE_CURVE ( 'NONE', #2359, #2676, #1043, .T. ) ;
#1121 = CARTESIAN_POINT ( 'NONE',  ( -2.050000000000000266, 7.100000000000000533, 0.2500000000000000000 ) ) ;
#1122 = DIRECTION ( 'NONE',  ( -1.000000000000000000, 0.000000000000000000, -3.097720492815730124E-16 ) ) ;
#1123 = AXIS2_PLACEMENT_3D ( 'NONE', #2533, #3215, #3577 ) ;
#1124 = VECTOR ( 'NONE', #2781, 1000.000000000000000 ) ;
#1125 = CARTESIAN_POINT ( 'NONE',  ( 5.950000000000000178, 0.000000000000000000, -3.000000000000001776 ) ) ;
#1126 = VERTEX_POINT ( 'NONE', #3076 ) ;
#1127 = CARTESIAN_POINT ( 'NONE',  ( -3.587179487179489978, 10.90000000000000036, 1.776923076923075051 ) ) ;
#1128 = SURFACE_STYLE_FILL_AREA ( #2882 ) ;
#1129 = CARTESIAN_POINT ( 'NONE',  ( 5.950000000000000178, 3.100000000000000089, -2.500000000000000444 ) ) ;
#1130 = DIRECTION ( 'NONE',  ( 0.000000000000000000, 0.000000000000000000, -1.000000000000000000 ) ) ;
#1131 = VERTEX_POINT ( 'NONE', #2418 ) ;
#1132 = CYLINDRICAL_SURFACE ( 'NONE', #868, 1.350000000000000089 ) ;
#1133 = PLANE ( 'NONE',  #3136 ) ;
#1134 = AXIS2_PLACEMENT_3D ( 'NONE', #2119, #3468, #4062 ) ;
#1135 = DIRECTION ( 'NONE',  ( 0.000000000000000000, 1.000000000000000000, 0.000000000000000000 ) ) ;
#1136 = LINE ( 'NONE', #1085, #2587 ) ;
#1137 = ORIENTED_EDGE ( 'NONE', *, *, #1638, .T. ) ;
#1138 = VECTOR ( 'NONE', #99, 1000.000000000000000 ) ;
#1139 = CARTESIAN_POINT ( 'NONE',  ( 3.600000000000000089, -7.799999999999999822, -1.495000000000000107 ) ) ;
#1140 = ORIENTED_EDGE ( 'NONE', *, *, #3297, .T. ) ;
#1141 = LINE ( 'NONE', #1756, #2614 ) ;
#1142 = VECTOR ( 'NONE', #563, 1000.000000000000000 ) ;
#1143 = UNCERTAINTY_MEASURE_WITH_UNIT (LENGTH_MEASURE( 1.000000000000000082E-05 ), #2818, 'distance_accuracy_value', 'NONE');
#1144 = CARTESIAN_POINT ( 'NONE',  ( 3.851649458239700063, 10.90000000000000036, -2.051691603631510041 ) ) ;
#1145 = CARTESIAN_POINT ( 'NONE',  ( -4.100000000000000533, 24.78707656525730130, -1.525000000000000133 ) ) ;
#1146 = ADVANCED_FACE ( 'NONE', ( #2507 ), #1156, .T. ) ;
#1147 = LINE ( 'NONE', #97, #4141 ) ;
#1148 = CARTESIAN_POINT ( 'NONE',  ( 4.171794871794870296, 11.09999999999999964, -1.710817307692309885 ) ) ;
#1149 = VECTOR ( 'NONE', #1029, 1000.000000000000000 ) ;
#1150 = DIRECTION ( 'NONE',  ( -0.000000000000000000, 1.000000000000000000, -0.000000000000000000 ) ) ;
#1151 = DIRECTION ( 'NONE',  ( 1.000000000000000000, 0.000000000000000000, 0.000000000000000000 ) ) ;
#1152 = LINE ( 'NONE', #1579, #1228 ) ;
#1153 = CARTESIAN_POINT ( 'NONE',  ( 3.548798076923074696, 11.09999999999999964, -2.427964743589744678 ) ) ;
#1154 = DIRECTION ( 'NONE',  ( 0.000000000000000000, 0.000000000000000000, 1.000000000000000000 ) ) ;
#1155 = LINE ( 'NONE', #1665, #1028 ) ;
#1156 = PLANE ( 'NONE',  #3484 ) ;
#1157 = DIRECTION ( 'NONE',  ( 0.000000000000000000, 0.000000000000000000, 1.000000000000000000 ) ) ;
#1158 = DIRECTION ( 'NONE',  ( 6.938893903907228378E-15, -1.000000000000000000, 0.000000000000000000 ) ) ;
#1159 = EDGE_CURVE ( 'NONE', #1906, #1231, #1101, .T. ) ;
#1160 = CARTESIAN_POINT ( 'NONE',  ( -9.500000000000000000, 3.100000000000000089, 0.000000000000000000 ) ) ;
#1161 = CARTESIAN_POINT ( 'NONE',  ( -2.299999999999999822, 11.09999999999999964, -1.875000000000000000 ) ) ;
#1162 = CYLINDRICAL_SURFACE ( 'NONE', #2391, 1.650000000000000577 ) ;
#1163 = ORIENTED_EDGE ( 'NONE', *, *, #2703, .T. ) ;
#1164 = LINE ( 'NONE', #1692, #3988 ) ;
#1165 = CARTESIAN_POINT ( 'NONE',  ( -4.000000000000000000, -8.300000000000000711, -1.044999999999999929 ) ) ;
#1166 = AXIS2_PLACEMENT_3D ( 'NONE', #2090, #1203, #2825 ) ;
#1167 = LINE ( 'NONE', #2926, #2538 ) ;
#1168 = AXIS2_PLACEMENT_3D ( 'NONE', #4239, #195, #2910 ) ;
#1169 = CARTESIAN_POINT ( 'NONE',  ( -4.100000000000000533, 10.90000000000000036, -1.875000000000000000 ) ) ;
#1170 = ORIENTED_EDGE ( 'NONE', *, *, #1795, .T. ) ;
#1171 = CARTESIAN_POINT ( 'NONE',  ( 3.584178876948544978, 10.90000000000000036, -2.412554360892305017 ) ) ;
#1172 = DIRECTION ( 'NONE',  ( 1.000000000000000000, 0.000000000000000000, 0.000000000000000000 ) ) ;
#1173 = EDGE_CURVE ( 'NONE', #3768, #4292, #2485, .T. ) ;
#1174 = AXIS2_PLACEMENT_3D ( 'NONE', #1618, #2961, #968 ) ;
#1175 = VECTOR ( 'NONE', #1098, 1000.000000000000000 ) ;
#1176 = VERTEX_POINT ( 'NONE', #3133 ) ;
#1177 = DIRECTION ( 'NONE',  ( 0.000000000000000000, 0.000000000000000000, 1.000000000000000000 ) ) ;
#1178 = VERTEX_POINT ( 'NONE', #371 ) ;
#1179 = EDGE_CURVE ( 'NONE', #894, #3191, #4024, .T. ) ;
#1180 = CARTESIAN_POINT ( 'NONE',  ( -3.375000000000000000, 10.90000000000000036, -1.525000000000000133 ) ) ;
#1181 = ADVANCED_FACE ( 'NONE', ( #3949 ), #1494, .F. ) ;
#1182 = DIRECTION ( 'NONE',  ( 0.000000000000000000, -1.000000000000000000, 0.000000000000000000 ) ) ;
#1183 = PLANE ( 'NONE',  #3562 ) ;
#1184 = EDGE_CURVE ( 'NONE', #203, #3976, #1107, .T. ) ;
#1185 = LINE ( 'NONE', #4228, #4023 ) ;
#1186 = CARTESIAN_POINT ( 'NONE',  ( -4.000000000000000000, 0.000000000000000000, -1.044999999999999929 ) ) ;
#1187 = ORIENTED_EDGE ( 'NONE', *, *, #2147, .T. ) ;
#1188 = ORIENTED_EDGE ( 'NONE', *, *, #343, .T. ) ;
#1189 = CARTESIAN_POINT ( 'NONE',  ( -4.000000000000000000, 0.000000000000000000, 1.495000000000000107 ) ) ;
#1190 = CARTESIAN_POINT ( 'NONE',  ( 4.000000000000000000, -7.799999999999999822, 1.044999999999999929 ) ) ;
#1191 = AXIS2_PLACEMENT_3D ( 'NONE', #3685, #1106, #3647 ) ;
#1192 = ADVANCED_FACE ( 'NONE', ( #1065 ), #2724, .F. ) ;
#1193 = DIRECTION ( 'NONE',  ( 1.000000000000000000, 0.000000000000000000, 0.000000000000000000 ) ) ;
#1194 = EDGE_CURVE ( 'NONE', #920, #620, #2561, .T. ) ;
#1195 = CARTESIAN_POINT ( 'NONE',  ( -4.000000000000000000, -8.300000000000000711, 1.495000000000000107 ) ) ;
#1196 = CIRCLE ( 'NONE', #4176, 0.5000000000000000000 ) ;
#1197 = VERTEX_POINT ( 'NONE', #2864 ) ;
#1198 = ORIENTED_EDGE ( 'NONE', *, *, #4052, .F. ) ;
#1199 = ORIENTED_EDGE ( 'NONE', *, *, #1254, .T. ) ;
#1200 = DIRECTION ( 'NONE',  ( 0.000000000000000000, 0.000000000000000000, 1.000000000000000000 ) ) ;
#1201 = VECTOR ( 'NONE', #2886, 1000.000000000000000 ) ;
#1202 = EDGE_LOOP ( 'NONE', ( #3011, #59, #1604, #1586 ) ) ;
#1203 = DIRECTION ( 'NONE',  ( 0.000000000000000000, 0.000000000000000000, -1.000000000000000000 ) ) ;
#1204 = ORIENTED_EDGE ( 'NONE', *, *, #1194, .F. ) ;
#1205 = DIRECTION ( 'NONE',  ( 1.000000000000000000, 0.000000000000000000, 0.000000000000000000 ) ) ;
#1206 = PLANE ( 'NONE',  #291 ) ;
#1207 = CARTESIAN_POINT ( 'NONE',  ( 3.575433909083865380, 10.90000000000000036, -0.9866775805419492062 ) ) ;
#1208 = VECTOR ( 'NONE', #1556, 1000.000000000000000 ) ;
#1209 = CARTESIAN_POINT ( 'NONE',  ( 3.888127524333389928, 11.09999999999999964, -1.608041557511499908 ) ) ;
#1210 = ORIENTED_EDGE ( 'NONE', *, *, #1469, .F. ) ;
#1211 = DIRECTION ( 'NONE',  ( 0.000000000000000000, 0.000000000000000000, 1.000000000000000000 ) ) ;
#1212 = EDGE_CURVE ( 'NONE', #236, #4151, #1049, .T. ) ;
#1213 = ORIENTED_EDGE ( 'NONE', *, *, #853, .F. ) ;
#1214 = DIRECTION ( 'NONE',  ( 1.000000000000000000, 0.000000000000000000, 0.000000000000000000 ) ) ;
#1215 = CARTESIAN_POINT ( 'NONE',  ( 5.950000000000000178, 2.600000000000000089, 2.499999999999999112 ) ) ;
#1216 = VECTOR ( 'NONE', #4173, 1000.000000000000000 ) ;
#1217 = VERTEX_POINT ( 'NONE', #2640 ) ;
#1218 = CARTESIAN_POINT ( 'NONE',  ( -1.550000000000000044, 7.100000000000000533, -2.649999999999999911 ) ) ;
#1219 = ORIENTED_EDGE ( 'NONE', *, *, #1530, .F. ) ;
#1220 = SURFACE_SIDE_STYLE ('',( #4212 ) ) ;
#1221 = CARTESIAN_POINT ( 'NONE',  ( 0.000000000000000000, -8.300000000000000711, 0.000000000000000000 ) ) ;
#1222 = CARTESIAN_POINT ( 'NONE',  ( -2.050000000000000266, 3.100000000000000089, -3.149999999999999911 ) ) ;
#1223 = ADVANCED_FACE ( 'NONE', ( #1116 ), #609, .T. ) ;
#1224 = EDGE_CURVE ( 'NONE', #2279, #672, #3940, .T. ) ;
#1225 = DIRECTION ( 'NONE',  ( 0.000000000000000000, 0.000000000000000000, -1.000000000000000000 ) ) ;
#1226 = CARTESIAN_POINT ( 'NONE',  ( 10.90000000000000036, 2.600000000000000089, 1.649999999999999245 ) ) ;
#1227 = CARTESIAN_POINT ( 'NONE',  ( 3.863240832694839977, 10.90000000000000036, -1.413308757677983918 ) ) ;
#1228 = VECTOR ( 'NONE', #2312, 1000.000000000000000 ) ;
#1229 = VERTEX_POINT ( 'NONE', #3916 ) ;
#1230 = ORIENTED_EDGE ( 'NONE', *, *, #2112, .F. ) ;
#1231 = VERTEX_POINT ( 'NONE', #1542 ) ;
#1232 = AXIS2_PLACEMENT_3D ( 'NONE', #2776, #3093, #3325 ) ;
#1233 = CARTESIAN_POINT ( 'NONE',  ( 3.796526684985859657, 11.09999999999999964, -2.577604581025330077 ) ) ;
#1234 = AXIS2_PLACEMENT_3D ( 'NONE', #1119, #3758, #736 ) ;
#1235 = CARTESIAN_POINT ( 'NONE',  ( -3.869230769230769695, 10.90000000000000036, 0.6999999999999999556 ) ) ;
#1236 = EDGE_LOOP ( 'NONE', ( #1052, #2369, #3995, #2335 ) ) ;
#1237 = ORIENTED_EDGE ( 'NONE', *, *, #2654, .T. ) ;
#1238 = CARTESIAN_POINT ( 'NONE',  ( -3.024999999999999911, 10.90000000000000036, -1.875000000000000000 ) ) ;
#1239 =( GEOMETRIC_REPRESENTATION_CONTEXT ( 3 ) GLOBAL_UNCERTAINTY_ASSIGNED_CONTEXT ( ( #3944 ) ) GLOBAL_UNIT_ASSIGNED_CONTEXT ( ( #2306, #2648, #280 ) ) REPRESENTATION_CONTEXT ( 'NONE', 'WORKASPACE' ) );
#1240 = LINE ( 'NONE', #3565, #4154 ) ;
#1241 = CARTESIAN_POINT ( 'NONE',  ( 3.889191486603339687, 11.09999999999999964, -1.678607053205015021 ) ) ;
#1242 = CARTESIAN_POINT ( 'NONE',  ( -1.550000000000000044, -7.516648189186459383, 2.649999999999999911 ) ) ;
#1244 = ORIENTED_EDGE ( 'NONE', *, *, #3602, .T. ) ;
#1243 = VECTOR ( 'NONE', #406, 1000.000000000000000 ) ;
#1245 = FACE_OUTER_BOUND ( 'NONE', #251, .T. ) ;
#1246 = CARTESIAN_POINT ( 'NONE',  ( 3.269689446589605364, 11.09999999999999964, -2.699751413951199996 ) ) ;
#1247 = LINE ( 'NONE', #842, #1353 ) ;
#1248 = CARTESIAN_POINT ( 'NONE',  ( 3.568028846153844746, 10.90000000000000036, -2.671153846153844658 ) ) ;
#1249 = ORIENTED_EDGE ( 'NONE', *, *, #4114, .F. ) ;
#1251 = EDGE_LOOP ( 'NONE', ( #2660, #313, #283, #3106 ) ) ;
#1250 = SURFACE_STYLE_FILL_AREA ( #3377 ) ;
#1252 = DIRECTION ( 'NONE',  ( 0.000000000000000000, -1.000000000000000000, 0.000000000000000000 ) ) ;
#1253 = CARTESIAN_POINT ( 'NONE',  ( -1.550000000000000044, 7.100000000000000533, -0.2500000000000000000 ) ) ;
#1254 = EDGE_CURVE ( 'NONE', #583, #2240, #3955, .T. ) ;
#1255 = DIRECTION ( 'NONE',  ( 1.000000000000000000, 0.000000000000000000, 0.000000000000000000 ) ) ;
#1256 = CARTESIAN_POINT ( 'NONE',  ( 3.323143657395595252, 10.90000000000000036, -2.467196514113905170 ) ) ;
#1257 = LINE ( 'NONE', #3344, #2750 ) ;
#1258 = VERTEX_POINT ( 'NONE', #3530 ) ;
#1260 = EDGE_LOOP ( 'NONE', ( #3617, #2095, #756, #628 ) ) ;
#1259 = FACE_OUTER_BOUND ( 'NONE', #1598, .T. ) ;
#1261 = EDGE_CURVE ( 'NONE', #2004, #1623, #4200, .T. ) ;
#1262 = LINE ( 'NONE', #306, #2704 ) ;
#1263 = EDGE_LOOP ( 'NONE', ( #2889, #3171, #3512, #704, #1982, #522, #1950, #346, #616, #801 ) ) ;
#1264 = CARTESIAN_POINT ( 'NONE',  ( 3.600000000000000089, 0.000000000000000000, -1.044999999999999929 ) ) ;
#1266 = ORIENTED_EDGE ( 'NONE', *, *, #2927, .F. ) ;
#1265 = LINE ( 'NONE', #1165, #4261 ) ;
#1267 = CARTESIAN_POINT ( 'NONE',  ( 3.884590883498194369, 10.90000000000000036, -1.862579463491075060 ) ) ;
#1268 = CARTESIAN_POINT ( 'NONE',  ( 4.170212162216654583, 10.90000000000000036, -1.602155238295610129 ) ) ;
#1269 = EDGE_CURVE ( 'NONE', #3436, #1511, #1289, .T. ) ;
#1270 = ADVANCED_FACE ( 'NONE', ( #2804 ), #2960, .F. ) ;
#1271 = DIRECTION ( 'NONE',  ( 1.000000000000000000, -0.000000000000000000, 1.752245935330111386E-16 ) ) ;
#1272 = LINE ( 'NONE', #4294, #2711 ) ;
#1273 = PLANE ( 'NONE',  #159 ) ;
#1274 = CARTESIAN_POINT ( 'NONE',  ( -3.024999999999999911, 10.90000000000000036, -1.525000000000000133 ) ) ;
#1276 = EDGE_LOOP ( 'NONE', ( #684, #2015, #1711, #1880, #4246, #3821, #94, #1517, #2307, #1478, #3793, #2322 ) ) ;
#1275 = CIRCLE ( 'NONE', #3214, 0.8500000000000003109 ) ;
#1277 = PLANE ( 'NONE',  #2537 ) ;
#1278 = LINE ( 'NONE', #3421, #2717 ) ;
#1279 = VECTOR ( 'NONE', #106, 1000.000000000000000 ) ;
#1280 = EDGE_CURVE ( 'NONE', #2069, #1739, #2698, .T. ) ;
#1281 = CARTESIAN_POINT ( 'NONE',  ( 2.050000000000000266, 10.90000000000000036, -0.2500000000000000000 ) ) ;
#1283 = ORIENTED_EDGE ( 'NONE', *, *, #1822, .F. ) ;
#1282 = VECTOR ( 'NONE', #3948, 1000.000000000000000 ) ;
#1284 = DIRECTION ( 'NONE',  ( 0.000000000000000000, -1.000000000000000000, 0.000000000000000000 ) ) ;
#1285 = CARTESIAN_POINT ( 'NONE',  ( 3.375000000000000000, 11.09999999999999964, 1.875000000000000000 ) ) ;
#1286 = CARTESIAN_POINT ( 'NONE',  ( -3.024999999999999911, 11.09999999999999964, -0.8000000000000000444 ) ) ;
#1287 = AXIS2_PLACEMENT_3D ( 'NONE', #3031, #3347, #326 ) ;
#1288 = FACE_OUTER_BOUND ( 'NONE', #1260, .T. ) ;
#1290 = ORIENTED_EDGE ( 'NONE', *, *, #1546, .T. ) ;
#1289 = LINE ( 'NONE', #2558, #1372 ) ;
#1291 = MANIFOLD_SOLID_BREP ( 'NONE', #211 ) ;
#1292 = VECTOR ( 'NONE', #1648, 1000.000000000000000 ) ;
#1293 = VECTOR ( 'NONE', #2428, 1000.000000000000000 ) ;
#1294 = EDGE_LOOP ( 'NONE', ( #305, #1755 ) ) ;
#1295 = CARTESIAN_POINT ( 'NONE',  ( 3.024999999999999911, 10.90000000000000036, 1.525000000000000133 ) ) ;
#1296 = ADVANCED_FACE ( 'NONE', ( #1367 ), #577, .T. ) ;
#1297 = EDGE_CURVE ( 'NONE', #14, #4072, #2831, .T. ) ;
#1298 = VECTOR ( 'NONE', #2915, 1000.000000000000000 ) ;
#1299 = CARTESIAN_POINT ( 'NONE',  ( 3.332830314730304888, 11.09999999999999964, -0.7009781573292650503 ) ) ;
#1300 = DIRECTION ( 'NONE',  ( 0.000000000000000000, -1.000000000000000000, 0.000000000000000000 ) ) ;
#1302 = VERTEX_POINT ( 'NONE', #3888 ) ;
#1301 = LINE ( 'NONE', #2430, #1243 ) ;
#1303 = CARTESIAN_POINT ( 'NONE',  ( 2.299999999999999822, 10.90000000000000036, 1.525000000000000133 ) ) ;
#1304 = DIRECTION ( 'NONE',  ( 0.000000000000000000, -1.000000000000000000, 0.000000000000000000 ) ) ;
#1305 = ADVANCED_FACE ( 'NONE', ( #4237 ), #176, .F. ) ;
#1306 = EDGE_CURVE ( 'NONE', #591, #2069, #4269, .T. ) ;
#1307 = FACE_OUTER_BOUND ( 'NONE', #2431, .T. ) ;
#1308 = PLANE ( 'NONE',  #1422 ) ;
#1310 = EDGE_LOOP ( 'NONE', ( #2437, #265, #1823, #2731 ) ) ;
#1309 = PRESENTATION_STYLE_ASSIGNMENT (( #1568 ) ) ;
#1311 = UNCERTAINTY_MEASURE_WITH_UNIT (LENGTH_MEASURE( 1.000000000000000082E-05 ), #4010, 'distance_accuracy_value', 'NONE');
#1312 = DIRECTION ( 'NONE',  ( 1.000000000000000000, 0.000000000000000000, 0.000000000000000000 ) ) ;
#1313 = DIRECTION ( 'NONE',  ( -1.000000000000000000, 0.000000000000000000, 1.057758217059027868E-16 ) ) ;
#1314 = PLANE ( 'NONE',  #300 ) ;
#1315 = VECTOR ( 'NONE', #3772, 1000.000000000000000 ) ;
#1316 = EDGE_CURVE ( 'NONE', #3349, #2997, #1275, .T. ) ;
#1317 = ORIENTED_EDGE ( 'NONE', *, *, #1439, .F. ) ;
#1318 = MANIFOLD_SOLID_BREP ( 'Fillet1', #2245 ) ;
#1319 = FACE_OUTER_BOUND ( 'NONE', #1092, .T. ) ;
#1320 = DIRECTION ( 'NONE',  ( 0.000000000000000000, 1.000000000000000000, 0.000000000000000000 ) ) ;
#1321 = DIRECTION ( 'NONE',  ( -1.000000000000000000, 0.000000000000000000, 0.000000000000000000 ) ) ;
#1323 = EDGE_LOOP ( 'NONE', ( #358, #3804, #744, #3619 ) ) ;
#1322 = COLOUR_RGB ( '',0.2509803921568627416, 0.2509803921568627416, 0.2509803921568627416 ) ;
#1324 = CARTESIAN_POINT ( 'NONE',  ( 10.90000000000000036, 3.100000000000000089, -1.650000000000000577 ) ) ;
#1325 = CARTESIAN_POINT ( 'NONE',  ( 4.167391212398435130, 10.90000000000000036, -1.840448326642499799 ) ) ;
#1326 = CARTESIAN_POINT ( 'NONE',  ( -10.89999999999999147, 2.600000000000000089, -3.000000000000000888 ) ) ;
#1327 = PLANE ( 'NONE',  #4259 ) ;
#1328 = CARTESIAN_POINT ( 'NONE',  ( 3.370475651358565194, 10.90000000000000036, -2.464127135101724875 ) ) ;
#1329 = CARTESIAN_POINT ( 'NONE',  ( 4.161613426813869587, 11.09999999999999964, -1.902782837035589925 ) ) ;
#1331 = ORIENTED_EDGE ( 'NONE', *, *, #1212, .T. ) ;
#1330 = CIRCLE ( 'NONE', #1986, 0.5000000000000004441 ) ;
#1332 = ADVANCED_FACE ( 'NONE', ( #2730 ), #2734, .F. ) ;
#1333 = CARTESIAN_POINT ( 'NONE',  ( 3.564698562715235219, 11.09999999999999964, -0.7327961543174150716 ) ) ;
#1334 = FACE_OUTER_BOUND ( 'NONE', #1532, .T. ) ;
#1335 = CARTESIAN_POINT ( 'NONE',  ( 4.050751250384250213, 11.09999999999999964, -2.285802609063395163 ) ) ;
#1337 = ORIENTED_EDGE ( 'NONE', *, *, #3454, .T. ) ;
#1336 = COLOUR_RGB ( '',0.7921568627450980005, 0.8196078431372548767, 0.9333333333333333481 ) ;
#1338 = CARTESIAN_POINT ( 'NONE',  ( -1.550000000000000044, -7.516648189186459383, -0.2500000000000000000 ) ) ;
#1339 = CARTESIAN_POINT ( 'NONE',  ( -2.050000000000000266, 3.100000000000000089, 3.149999999999999911 ) ) ;
#1340 = MECHANICAL_DESIGN_GEOMETRIC_PRESENTATION_REPRESENTATION (  '', ( #2745 ), #489 ) ;
#1341 = CARTESIAN_POINT ( 'NONE',  ( 3.791290091480374880, 11.09999999999999964, -2.200181570845459955 ) ) ;
#1342 = VECTOR ( 'NONE', #2592, 1000.000000000000000 ) ;
#1343 = DIRECTION ( 'NONE',  ( 0.000000000000000000, 0.000000000000000000, 1.000000000000000000 ) ) ;
#1344 = DIRECTION ( 'NONE',  ( 0.000000000000000000, 0.000000000000000000, 1.000000000000000000 ) ) ;
#1345 = VERTEX_POINT ( 'NONE', #3406 ) ;
#1346 = CARTESIAN_POINT ( 'NONE',  ( 3.255141073785395189, 10.90000000000000036, -0.9312192309406670532 ) ) ;
#1347 = DIRECTION ( 'NONE',  ( 0.000000000000000000, -1.000000000000000000, 0.000000000000000000 ) ) ;
#1348 = FACE_OUTER_BOUND ( 'NONE', #3569, .T. ) ;
#1349 = CARTESIAN_POINT ( 'NONE',  ( -3.600000000000000089, -7.799999999999999822, -1.044999999999999929 ) ) ;
#1350 = FACE_BOUND ( 'NONE', #1294, .T. ) ;
#1351 = EDGE_CURVE ( 'NONE', #670, #3393, #1301, .T. ) ;
#1352 = CIRCLE ( 'NONE', #1385, 1.349999999999999867 ) ;
#1353 = VECTOR ( 'NONE', #3905, 1000.000000000000000 ) ;
#1354 = CARTESIAN_POINT ( 'NONE',  ( -3.024999999999999911, 10.90000000000000036, -1.875000000000000000 ) ) ;
#1355 = CARTESIAN_POINT ( 'NONE',  ( 4.171140033972500660, 10.90000000000000036, -1.776302160787450068 ) ) ;
#1357 = FACE_BOUND ( 'NONE', #234, .T. ) ;
#1356 = FACE_OUTER_BOUND ( 'NONE', #2338, .T. ) ;
#1358 = DIRECTION ( 'NONE',  ( 2.454797371665295086E-16, 0.000000000000000000, 1.000000000000000000 ) ) ;
#1359 = SURFACE_STYLE_USAGE ( .BOTH. , #2293 ) ;
#1360 = CARTESIAN_POINT ( 'NONE',  ( -3.600000000000000089, -8.300000000000000711, 1.044999999999999929 ) ) ;
#1361 = VECTOR ( 'NONE', #3817, 1000.000000000000000 ) ;
#1362 = FILL_AREA_STYLE_COLOUR ( '', #1322 ) ;
#1363 = ADVANCED_FACE ( 'NONE', ( #2791 ), #1984, .F. ) ;
#1364 = EDGE_CURVE ( 'NONE', #2944, #430, #4150, .T. ) ;
#1365 = CARTESIAN_POINT ( 'NONE',  ( 4.050751250384250213, 10.90000000000000036, -2.285802609063395163 ) ) ;
#1366 = B_SPLINE_CURVE_WITH_KNOTS ( 'NONE', 3,
 ( #3357, #332, #1994, #1441, #4159, #691, #2027, #4128, #3388, #2062, #2465 ),
 .UNSPECIFIED., .F., .F.,
 ( 4, 1, 1, 1, 1, 1, 1, 1, 4 ),
 ( 0.000000000000000000, 0.1779561529988029911, 0.3366533929852479901, 0.4761215267521700101, 0.5973339179829280088, 0.7070072996841240132, 0.8099296584364100715, 0.9070877517711410931, 1.000000000000000000 ),
 .UNSPECIFIED. ) ;
#1368 = VECTOR ( 'NONE', #799, 1000.000000000000000 ) ;
#1367 = FACE_OUTER_BOUND ( 'NONE', #2171, .T. ) ;
#1369 = CARTESIAN_POINT ( 'NONE',  ( 4.100000000000000533, 24.78707656525730130, 1.525000000000000133 ) ) ;
#1370 = EDGE_CURVE ( 'NONE', #3191, #3664, #2742, .T. ) ;
#1371 = CARTESIAN_POINT ( 'NONE',  ( 3.712190597147765114, 10.90000000000000036, -1.089066397686376142 ) ) ;
#1373 = ORIENTED_EDGE ( 'NONE', *, *, #1060, .F. ) ;
#1372 = VECTOR ( 'NONE', #2937, 1000.000000000000000 ) ;
#1374 = CARTESIAN_POINT ( 'NONE',  ( 5.950000000000000178, 10.90000000000000036, -3.149999999999999911 ) ) ;
#1375 = AXIS2_PLACEMENT_3D ( 'NONE', #622, #1834, #995 ) ;
#1376 = CARTESIAN_POINT ( 'NONE',  ( 4.170212162216654583, 11.09999999999999964, -1.602155238295610129 ) ) ;
#1377 = DIRECTION ( 'NONE',  ( 0.000000000000000000, 1.000000000000000000, 0.000000000000000000 ) ) ;
#1378 = ORIENTED_EDGE ( 'NONE', *, *, #2401, .F. ) ;
#1379 = CARTESIAN_POINT ( 'NONE',  ( 3.851958078210549807, 11.09999999999999964, -0.8704721854539849701 ) ) ;
#1380 = CARTESIAN_POINT ( 'NONE',  ( 3.889743589743590135, 11.09999999999999964, -1.715224358974360097 ) ) ;
#1381 = CARTESIAN_POINT ( 'NONE',  ( 3.888736520970565103, 10.90000000000000036, -1.790329756374474890 ) ) ;
#1382 = AXIS2_PLACEMENT_3D ( 'NONE', #612, #1878, #3212 ) ;
#1383 = ORIENTED_EDGE ( 'NONE', *, *, #3509, .F. ) ;
#1384 = EDGE_CURVE ( 'NONE', #3606, #1960, #1330, .T. ) ;
#1385 = AXIS2_PLACEMENT_3D ( 'NONE', #1226, #3067, #4130 ) ;
#1386 = CARTESIAN_POINT ( 'NONE',  ( -3.024999999999999911, 24.78707656525730130, -1.875000000000000000 ) ) ;
#1387 = CARTESIAN_POINT ( 'NONE',  ( 0.000000000000000000, 0.000000000000000000, 0.000000000000000000 ) ) ;
#1389 = ORIENTED_EDGE ( 'NONE', *, *, #1857, .T. ) ;
#1388 = FACE_OUTER_BOUND ( 'NONE', #3459, .T. ) ;
#1390 = ADVANCED_FACE ( 'NONE', ( #4256 ), #3876, .T. ) ;
#1391 = AXIS2_PLACEMENT_3D ( 'NONE', #487, #1225, #255 ) ;
#1392 = EDGE_CURVE ( 'NONE', #2376, #1229, #1265, .T. ) ;
#1393 = CARTESIAN_POINT ( 'NONE',  ( -2.535897435897434882, 10.90000000000000036, 1.776923076923075051 ) ) ;
#1395 = ORIENTED_EDGE ( 'NONE', *, *, #188, .T. ) ;
#1394 = LINE ( 'NONE', #3595, #2861 ) ;
#1396 = CARTESIAN_POINT ( 'NONE',  ( 3.322461343529464983, 11.09999999999999964, -2.698705397854765042 ) ) ;
#1397 = CARTESIAN_POINT ( 'NONE',  ( -1.550000000000000044, 10.90000000000000036, -2.649999999999999911 ) ) ;
#1398 = DIRECTION ( 'NONE',  ( 0.000000000000000000, 0.000000000000000000, 1.000000000000000000 ) ) ;
#1399 = CARTESIAN_POINT ( 'NONE',  ( 3.932961983091990188, 11.09999999999999964, -2.456875088399584683 ) ) ;
#1401 = LINE ( 'NONE', #3381, #1413 ) ;
#1400 = VECTOR ( 'NONE', #1462, 1000.000000000000000 ) ;
#1402 =( NAMED_UNIT ( * ) SI_UNIT ( $, .STERADIAN. ) SOLID_ANGLE_UNIT ( ) );
#1403 = CARTESIAN_POINT ( 'NONE',  ( -3.587179487179489978, 10.90000000000000036, 0.9307692307692310152 ) ) ;
#1404 = FILL_AREA_STYLE ('',( #3634 ) ) ;
#1405 = CARTESIAN_POINT ( 'NONE',  ( 3.888127524333389928, 10.90000000000000036, -1.608041557511499908 ) ) ;
#1406 = CARTESIAN_POINT ( 'NONE',  ( 3.835307874093119906, 10.90000000000000036, -2.105925594649834753 ) ) ;
#1408 = ORIENTED_EDGE ( 'NONE', *, *, #3683, .T. ) ;
#1407 = VECTOR ( 'NONE', #2219, 1000.000000000000000 ) ;
#1409 = CARTESIAN_POINT ( 'NONE',  ( -2.299999999999999822, 24.78707656525730130, -1.875000000000000000 ) ) ;
#1410 = CARTESIAN_POINT ( 'NONE',  ( -2.407692307692309797, 24.78707656525730130, 2.700000000000000178 ) ) ;
#1411 = PLANE ( 'NONE',  #2642 ) ;
#1413 = VECTOR ( 'NONE', #1817, 1000.000000000000000 ) ;
#1412 = VECTOR ( 'NONE', #222, 1000.000000000000000 ) ;
#1414 = EDGE_CURVE ( 'NONE', #3673, #1126, #2682, .T. ) ;
#1415 = CARTESIAN_POINT ( 'NONE',  ( 3.539630647044699874, 10.90000000000000036, -2.431319626449734983 ) ) ;
#1417 = LINE ( 'NONE', #1458, #2884 ) ;
#1416 = VECTOR ( 'NONE', #1347, 1000.000000000000000 ) ;
#1418 = CARTESIAN_POINT ( 'NONE',  ( 3.522859972016394892, 10.90000000000000036, -0.9659298696503940684 ) ) ;
#1419 = CARTESIAN_POINT ( 'NONE',  ( 10.90000000000000036, 0.000000000000000000, 1.649999999999999245 ) ) ;
#1420 = ADVANCED_FACE ( 'NONE', ( #2712, #2774, #1350 ), #4224, .F. ) ;
#1421 = DIRECTION ( 'NONE',  ( 0.000000000000000000, 1.000000000000000000, 0.000000000000000000 ) ) ;
#1422 = AXIS2_PLACEMENT_3D ( 'NONE', #2935, #2979, #1907 ) ;
#1423 = CARTESIAN_POINT ( 'NONE',  ( -3.375000000000000000, 11.09999999999999964, -1.875000000000000000 ) ) ;
#1424 = AXIS2_PLACEMENT_3D ( 'NONE', #3856, #2826, #3412 ) ;
#1425 = CARTESIAN_POINT ( 'NONE',  ( -3.600000000000000089, -8.300000000000000711, 1.495000000000000107 ) ) ;
#1426 = CARTESIAN_POINT ( 'NONE',  ( 3.332830314730304888, 10.90000000000000036, -0.7009781573292650503 ) ) ;
#1428 = FACE_OUTER_BOUND ( 'NONE', #1263, .T. ) ;
#1427 = VECTOR ( 'NONE', #2244, 1000.000000000000000 ) ;
#1429 = CARTESIAN_POINT ( 'NONE',  ( 3.898446693500820182, 11.09999999999999964, -0.9128443052572430272 ) ) ;
#1430 = CARTESIAN_POINT ( 'NONE',  ( -2.050000000000000266, 7.100000000000000533, 0.2500000000000000000 ) ) ;
#1431 = CARTESIAN_POINT ( 'NONE',  ( 3.600000000000000089, 0.000000000000000000, 1.495000000000000107 ) ) ;
#1432 = CARTESIAN_POINT ( 'NONE',  ( -3.587179487179489978, 10.90000000000000036, 1.546153846153845102 ) ) ;
#1434 = ORIENTED_EDGE ( 'NONE', *, *, #2710, .T. ) ;
#1433 = VECTOR ( 'NONE', #2744, 1000.000000000000000 ) ;
#1435 = CARTESIAN_POINT ( 'NONE',  ( -10.89999999999999503, 3.100000000000000089, 2.499999999999999556 ) ) ;
#1436 = CARTESIAN_POINT ( 'NONE',  ( 10.90000000000000036, 2.600000000000000089, 1.649999999999999245 ) ) ;
#1438 = ORIENTED_EDGE ( 'NONE', *, *, #1297, .T. ) ;
#1437 = VECTOR ( 'NONE', #3825, 1000.000000000000000 ) ;
#1439 = EDGE_CURVE ( 'NONE', #189, #1178, #3898, .T. ) ;
#1440 = CARTESIAN_POINT ( 'NONE',  ( -2.299999999999999822, 10.90000000000000036, -1.875000000000000000 ) ) ;
#1441 = CARTESIAN_POINT ( 'NONE',  ( 3.392242315915159789, 11.09999999999999964, -0.9386084911663931107 ) ) ;
#1442 = ADVANCED_FACE ( 'NONE', ( #1356 ), #2872, .T. ) ;
#1443 = ORIENTED_EDGE ( 'NONE', *, *, #1060, .T. ) ;
#1444 = CARTESIAN_POINT ( 'NONE',  ( 3.621725517846814846, 10.90000000000000036, -1.011206330708999790 ) ) ;
#1445 = CARTESIAN_POINT ( 'NONE',  ( 3.218269230769230216, 10.90000000000000036, -2.469230769230769784 ) ) ;
#1446 = EDGE_CURVE ( 'NONE', #927, #3588, #4178, .T. ) ;
#1447 = CARTESIAN_POINT ( 'NONE',  ( 2.050000000000000266, -7.516648189186459383, 3.149999999999999911 ) ) ;
#1448 = DIRECTION ( 'NONE',  ( 0.000000000000000000, -1.000000000000000000, 0.000000000000000000 ) ) ;
#1449 = CARTESIAN_POINT ( 'NONE',  ( 4.171794871794870296, 24.78707656525730130, -1.710817307692309885 ) ) ;
#1450 = LINE ( 'NONE', #1685, #2900 ) ;
#1451 = ADVANCED_FACE ( 'NONE', ( #1259 ), #1860, .F. ) ;
#1452 = CARTESIAN_POINT ( 'NONE',  ( -3.600000000000000089, 0.000000000000000000, -1.044999999999999929 ) ) ;
#1453 = EDGE_CURVE ( 'NONE', #261, #780, #4161, .T. ) ;
#1454 = VECTOR ( 'NONE', #3472, 1000.000000000000000 ) ;
#1455 = CARTESIAN_POINT ( 'NONE',  ( 11.75000000000000000, 2.600000000000000089, 1.649999999999989475 ) ) ;
#1456 = CARTESIAN_POINT ( 'NONE',  ( -3.587179487179489978, 11.09999999999999964, 0.9307692307692310152 ) ) ;
#1457 = CARTESIAN_POINT ( 'NONE',  ( 3.680852044684720159, 10.90000000000000036, -2.342270004954174922 ) ) ;
#1458 = CARTESIAN_POINT ( 'NONE',  ( 10.90000000000000036, 3.100000000000000089, 2.499999999999999556 ) ) ;
#1459 = FACE_OUTER_BOUND ( 'NONE', #2337, .T. ) ;
#1460 = EDGE_CURVE ( 'NONE', #1611, #1069, #2883, .T. ) ;
#1461 = PLANE ( 'NONE',  #1893 ) ;
#1462 = DIRECTION ( 'NONE',  ( -1.239088197126289880E-15, 0.000000000000000000, 1.000000000000000000 ) ) ;
#1463 = MECHANICAL_DESIGN_GEOMETRIC_PRESENTATION_REPRESENTATION (  '', ( #3021 ), #4069 ) ;
#1464 = VECTOR ( 'NONE', #3296, 1000.000000000000000 ) ;
#1465 = CARTESIAN_POINT ( 'NONE',  ( 3.371875137137759992, 11.09999999999999964, -2.696182417864169789 ) ) ;
#1466 = EDGE_CURVE ( 'NONE', #861, #3340, #2907, .T. ) ;
#1467 = CARTESIAN_POINT ( 'NONE',  ( 2.050000000000000266, -7.516648189186459383, -3.149999999999999911 ) ) ;
#1468 = DIRECTION ( 'NONE',  ( 0.000000000000000000, 0.000000000000000000, -1.000000000000000000 ) ) ;
#1469 = EDGE_CURVE ( 'NONE', #202, #1635, #2898, .T. ) ;
#1470 = CARTESIAN_POINT ( 'NONE',  ( -3.587179487179489978, 24.78707656525730130, 0.9307692307692310152 ) ) ;
#1471 = DIRECTION ( 'NONE',  ( -0.000000000000000000, -0.000000000000000000, 1.000000000000000000 ) ) ;
#1472 = VECTOR ( 'NONE', #3541, 1000.000000000000000 ) ;
#1473 = CARTESIAN_POINT ( 'NONE',  ( 3.024999999999999911, 10.90000000000000036, 1.875000000000000000 ) ) ;
#1474 = CARTESIAN_POINT ( 'NONE',  ( 4.100000000000000533, 11.09999999999999964, 1.875000000000000000 ) ) ;
#1475 = LINE ( 'NONE', #1022, #1464 ) ;
#1476 = ADVANCED_FACE ( 'NONE', ( #4306 ), #4295, .T. ) ;
#1477 = CARTESIAN_POINT ( 'NONE',  ( -9.500000000000000000, 3.100000000000000089, 0.000000000000000000 ) ) ;
#1478 = ORIENTED_EDGE ( 'NONE', *, *, #3922, .T. ) ;
#1479 = CARTESIAN_POINT ( 'NONE',  ( 3.791290091480374880, 11.09999999999999964, -2.200181570845459955 ) ) ;
#1480 = CARTESIAN_POINT ( 'NONE',  ( 2.530769230769230216, 10.90000000000000036, -2.700000000000000178 ) ) ;
#1481 = EDGE_CURVE ( 'NONE', #2186, #1076, #4291, .T. ) ;
#1482 = VECTOR ( 'NONE', #2714, 1000.000000000000000 ) ;
#1483 = DIRECTION ( 'NONE',  ( 1.000000000000000000, 0.000000000000000000, 0.000000000000000000 ) ) ;
#1484 = DIRECTION ( 'NONE',  ( 1.000000000000000000, -6.938893903907228378E-15, 6.938893903907228378E-15 ) ) ;
#1485 = ORIENTED_EDGE ( 'NONE', *, *, #78, .T. ) ;
#1486 = DIRECTION ( 'NONE',  ( -1.000000000000000000, 0.000000000000000000, 0.000000000000000000 ) ) ;
#1487 = LINE ( 'NONE', #4209, #64 ) ;
#1488 = EDGE_CURVE ( 'NONE', #3463, #3641, #54, .T. ) ;
#1489 = CARTESIAN_POINT ( 'NONE',  ( 3.214663461538459721, 11.09999999999999964, -2.700000000000000178 ) ) ;
#1490 = PLANE ( 'NONE',  #3496 ) ;
#1491 = CARTESIAN_POINT ( 'NONE',  ( 2.050000000000000266, 3.100000000000000089, 3.149999999999999911 ) ) ;
#1492 = CARTESIAN_POINT ( 'NONE',  ( 3.214663461538459721, 11.09999999999999964, -2.700000000000000178 ) ) ;
#1493 = ORIENTED_EDGE ( 'NONE', *, *, #4303, .T. ) ;
#1494 = PLANE ( 'NONE',  #3420 ) ;
#1495 = DIRECTION ( 'NONE',  ( -1.000000000000000000, 0.000000000000000000, 1.927470528863120133E-15 ) ) ;
#1496 = LINE ( 'NONE', #3016, #1506 ) ;
#1497 = EDGE_CURVE ( 'NONE', #3691, #2637, #49, .T. ) ;
#1498 = CARTESIAN_POINT ( 'NONE',  ( -3.024999999999999911, 24.78707656525730130, -1.525000000000000133 ) ) ;
#1499 = ORIENTED_EDGE ( 'NONE', *, *, #1863, .T. ) ;
#1500 = VECTOR ( 'NONE', #4260, 1000.000000000000114 ) ;
#1501 = DIRECTION ( 'NONE',  ( 9.637352644315590806E-16, 0.000000000000000000, 1.000000000000000000 ) ) ;
#1502 = EDGE_CURVE ( 'NONE', #2751, #2349, #3, .T. ) ;
#1503 = CARTESIAN_POINT ( 'NONE',  ( 1.550000000000000044, 3.100000000000000089, 2.649999999999999911 ) ) ;
#1504 = B_SPLINE_CURVE_WITH_KNOTS ( 'NONE', 3,
 ( #4309, #4035, #3945, #965, #4006, #1589, #2295, #1335, #1827, #2639, #3978, #227, #1615, #3284, #540, #274, #299, #605, #986 ),
 .UNSPECIFIED., .F., .F.,
 ( 4, 1, 1, 1, 1, 1, 1, 1, 1, 1, 1, 1, 1, 1, 1, 1, 4 ),
 ( 0.000000000000000000, 0.05681233542270229531, 0.1138818391726264118, 0.1705330684121229845, 0.2275474391905970006, 0.2853526916966465099, 0.3437011415730504837, 0.4030002293139179903, 0.4638421051035360176, 0.5258154763422759892, 0.5889670046823940464, 0.6532705244424709123, 0.7190965893252219132, 0.7867486396200310539, 0.8557883106621370084, 0.9268358117512700556, 1.000000000000000000 ),
 .UNSPECIFIED. ) ;
#1505 = ORIENTED_EDGE ( 'NONE', *, *, #3989, .T. ) ;
#1506 = VECTOR ( 'NONE', #416, 1000.000000000000000 ) ;
#1507 = CARTESIAN_POINT ( 'NONE',  ( 0.000000000000000000, 0.000000000000000000, 3.149999999999999911 ) ) ;
#1508 = ADVANCED_FACE ( 'NONE', ( #2873 ), #3437, .F. ) ;
#1509 = DIRECTION ( 'NONE',  ( 0.000000000000000000, -1.000000000000000000, 0.000000000000000000 ) ) ;
#1510 = CARTESIAN_POINT ( 'NONE',  ( 12.25000000000000000, 2.600000000000000089, 1.649999999999989475 ) ) ;
#1511 = VERTEX_POINT ( 'NONE', #2345 ) ;
#1512 = EDGE_CURVE ( 'NONE', #2155, #3752, #2919, .T. ) ;
#1513 = AXIS2_PLACEMENT_3D ( 'NONE', #380, #754, #2820 ) ;
#1514 = FACE_OUTER_BOUND ( 'NONE', #3583, .T. ) ;
#1515 = CARTESIAN_POINT ( 'NONE',  ( 3.557362988371945089, 11.09999999999999964, -2.673512185671994779 ) ) ;
#1516 = CARTESIAN_POINT ( 'NONE',  ( -1.550000000000000044, 3.100000000000000089, -2.649999999999999911 ) ) ;
#1517 = ORIENTED_EDGE ( 'NONE', *, *, #2664, .T. ) ;
#1518 = ORIENTED_EDGE ( 'NONE', *, *, #3580, .F. ) ;
#1519 = CARTESIAN_POINT ( 'NONE',  ( -3.375000000000000000, 24.78707656525730130, -0.8000000000000000444 ) ) ;
#1520 = DIRECTION ( 'NONE',  ( -0.000000000000000000, 1.000000000000000000, 0.000000000000000000 ) ) ;
#1521 = CARTESIAN_POINT ( 'NONE',  ( -2.407692307692309797, 10.90000000000000036, 2.700000000000000178 ) ) ;
#1522 = LINE ( 'NONE', #3047, #213 ) ;
#1523 = AXIS2_PLACEMENT_3D ( 'NONE', #3587, #4080, #47 ) ;
#1524 = CARTESIAN_POINT ( 'NONE',  ( 3.726299802237354797, 10.90000000000000036, -2.617718567952125319 ) ) ;
#1525 = EDGE_CURVE ( 'NONE', #3350, #110, #2869, .T. ) ;
#1526 = CARTESIAN_POINT ( 'NONE',  ( 3.878288943335039818, 11.09999999999999964, -1.506590620034810035 ) ) ;
#1527 = ORIENTED_EDGE ( 'NONE', *, *, #690, .F. ) ;
#1528 = LINE ( 'NONE', #1510, #137 ) ;
#1529 = CARTESIAN_POINT ( 'NONE',  ( 3.858894230769229772, 11.09999999999999964, -2.528125000000000178 ) ) ;
#1530 = EDGE_CURVE ( 'NONE', #2069, #1131, #2942, .T. ) ;
#1531 = CARTESIAN_POINT ( 'NONE',  ( 3.600000000000000089, -7.799999999999999822, -1.044999999999999929 ) ) ;
#1532 = EDGE_LOOP ( 'NONE', ( #2644, #444, #2899, #401, #3339, #854, #1861, #3382, #2824 ) ) ;
#1533 = CARTESIAN_POINT ( 'NONE',  ( 5.950000000000000178, 0.000000000000000000, -3.149999999999999911 ) ) ;
#1534 = DIRECTION ( 'NONE',  ( 0.000000000000000000, 0.000000000000000000, -1.000000000000000000 ) ) ;
#1535 = ADVANCED_FACE ( 'NONE', ( #34 ), #65, .F. ) ;
#1536 = FACE_OUTER_BOUND ( 'NONE', #3712, .T. ) ;
#1537 = DIRECTION ( 'NONE',  ( 1.000000000000000000, 0.000000000000000000, 0.000000000000000000 ) ) ;
#1538 = ORIENTED_EDGE ( 'NONE', *, *, #4174, .T. ) ;
#1539 = FACE_OUTER_BOUND ( 'NONE', #2107, .T. ) ;
#1540 = DIRECTION ( 'NONE',  ( -1.000000000000000000, 0.000000000000000000, 5.421010862427510337E-16 ) ) ;
#1541 = DIRECTION ( 'NONE',  ( 0.000000000000000000, 0.000000000000000000, -1.000000000000000000 ) ) ;
#1542 = CARTESIAN_POINT ( 'NONE',  ( -4.100000000000000533, 11.09999999999999964, -1.525000000000000133 ) ) ;
#1543 = ORIENTED_EDGE ( 'NONE', *, *, #282, .T. ) ;
#1544 = CARTESIAN_POINT ( 'NONE',  ( 2.530769230769230216, 11.09999999999999964, -2.700000000000000178 ) ) ;
#1545 = VECTOR ( 'NONE', #1058, 1000.000000000000000 ) ;
#1546 = EDGE_CURVE ( 'NONE', #2330, #2087, #1496, .T. ) ;
#1547 = DIRECTION ( 'NONE',  ( 0.000000000000000000, 1.000000000000000000, 0.000000000000000000 ) ) ;
#1548 = VERTEX_POINT ( 'NONE', #2438 ) ;
#1549 = AXIS2_PLACEMENT_3D ( 'NONE', #2807, #308, #1115 ) ;
#1550 = LINE ( 'NONE', #247, #1588 ) ;
#1551 = EDGE_CURVE ( 'NONE', #858, #3191, #2966, .T. ) ;
#1552 = DIRECTION ( 'NONE',  ( 0.000000000000000000, 1.000000000000000000, 0.000000000000000000 ) ) ;
#1553 = ORIENTED_EDGE ( 'NONE', *, *, #4045, .F. ) ;
#1554 = ORIENTED_EDGE ( 'NONE', *, *, #1173, .F. ) ;
#1555 = CARTESIAN_POINT ( 'NONE',  ( 1.550000000000000044, 3.100000000000000089, -2.649999999999999911 ) ) ;
#1556 = DIRECTION ( 'NONE',  ( 9.637352644315600666E-16, 0.000000000000000000, -1.000000000000000000 ) ) ;
#1557 = LINE ( 'NONE', #3741, #3036 ) ;
#1558 = EDGE_CURVE ( 'NONE', #1906, #2364, #22, .T. ) ;
#1559 = CARTESIAN_POINT ( 'NONE',  ( 4.171794871794870296, 11.09999999999999964, -1.710817307692309885 ) ) ;
#1560 = DIRECTION ( 'NONE',  ( 0.000000000000000000, 0.000000000000000000, 1.000000000000000000 ) ) ;
#1561 = EDGE_CURVE ( 'NONE', #2944, #4037, #1475, .T. ) ;
#1562 = EDGE_LOOP ( 'NONE', ( #655, #741, #1554, #638 ) ) ;
#1563 = CARTESIAN_POINT ( 'NONE',  ( 0.000000000000000000, 11.09999999999999964, 0.000000000000000000 ) ) ;
#1564 = LINE ( 'NONE', #4091, #182 ) ;
#1565 = CARTESIAN_POINT ( 'NONE',  ( 3.460176467659834998, 10.90000000000000036, -2.689017228444450236 ) ) ;
#1566 = CARTESIAN_POINT ( 'NONE',  ( -3.587179487179489978, 11.09999999999999964, 1.776923076923075051 ) ) ;
#1567 = AXIS2_PLACEMENT_3D ( 'NONE', #1121, #1745, #1151 ) ;
#1568 = SURFACE_STYLE_USAGE ( .BOTH. , #1220 ) ;
#1569 = VERTEX_POINT ( 'NONE', #3693 ) ;
#1570 = CARTESIAN_POINT ( 'NONE',  ( -3.600000000000000089, 0.000000000000000000, 1.044999999999999929 ) ) ;
#1571 = EDGE_CURVE ( 'NONE', #2208, #3349, #2913, .T. ) ;
#1572 = LINE ( 'NONE', #317, #1594 ) ;
#1573 = DIRECTION ( 'NONE',  ( 0.000000000000000000, 0.000000000000000000, -1.000000000000000000 ) ) ;
#1574 = CARTESIAN_POINT ( 'NONE',  ( 3.712190597147765114, 11.09999999999999964, -1.089066397686376142 ) ) ;
#1575 = ORIENTED_EDGE ( 'NONE', *, *, #1414, .F. ) ;
#1576 = VECTOR ( 'NONE', #3154, 1000.000000000000000 ) ;
#1577 = EDGE_CURVE ( 'NONE', #1925, #3615, #1450, .T. ) ;
#1578 = PLANE ( 'NONE',  #3303 ) ;
#1579 = CARTESIAN_POINT ( 'NONE',  ( -2.050000000000000266, 7.100000000000000533, -0.2500000000000000000 ) ) ;
#1580 = EDGE_LOOP ( 'NONE', ( #2681, #554, #693, #660 ) ) ;
#1581 = CARTESIAN_POINT ( 'NONE',  ( 4.000000000000000000, -8.300000000000000711, -1.044999999999999929 ) ) ;
#1582 = CARTESIAN_POINT ( 'NONE',  ( 4.171574467036809786, 10.90000000000000036, -1.732858143927159977 ) ) ;
#1583 = VECTOR ( 'NONE', #2764, 1000.000000000000000 ) ;
#1584 = DIRECTION ( 'NONE',  ( -0.000000000000000000, 1.000000000000000000, 0.000000000000000000 ) ) ;
#1585 = CARTESIAN_POINT ( 'NONE',  ( 4.094239300777680057, 10.90000000000000036, -2.186235798088039584 ) ) ;
#1586 = ORIENTED_EDGE ( 'NONE', *, *, #3982, .F. ) ;
#1587 = EDGE_LOOP ( 'NONE', ( #1883, #432, #4093, #1941 ) ) ;
#1588 = VECTOR ( 'NONE', #566, 1000.000000000000000 ) ;
#1589 = CARTESIAN_POINT ( 'NONE',  ( 3.997094304411905163, 11.09999999999999964, -2.376129967985269875 ) ) ;
#1590 = EDGE_CURVE ( 'NONE', #1987, #2433, #2888, .T. ) ;
#1591 = EDGE_LOOP ( 'NONE', ( #2995, #3843, #69, #3832 ) ) ;
#1592 = DIRECTION ( 'NONE',  ( 1.927470528863120133E-15, 0.000000000000000000, 1.000000000000000000 ) ) ;
#1593 = ADVANCED_FACE ( 'NONE', ( #2922 ), #44, .F. ) ;
#1594 = VECTOR ( 'NONE', #1633, 1000.000000000000000 ) ;
#1595 = CARTESIAN_POINT ( 'NONE',  ( 3.024999999999999911, 24.78707656525730130, 0.8000000000000000444 ) ) ;
#1596 = AXIS2_PLACEMENT_3D ( 'NONE', #3849, #3719, #91 ) ;
#1597 = DIRECTION ( 'NONE',  ( -0.000000000000000000, 1.000000000000000000, 0.000000000000000000 ) ) ;
#1598 = EDGE_LOOP ( 'NONE', ( #184, #3783, #190, #1651 ) ) ;
#1599 = EDGE_CURVE ( 'NONE', #1302, #819, #1366, .T. ) ;
#1600 = ORIENTED_EDGE ( 'NONE', *, *, #3039, .T. ) ;
#1601 = LINE ( 'NONE', #3762, #2978 ) ;
#1602 = EDGE_CURVE ( 'NONE', #3369, #167, #18, .T. ) ;
#1603 = DIRECTION ( 'NONE',  ( 0.000000000000000000, 0.000000000000000000, -1.000000000000000000 ) ) ;
#1604 = ORIENTED_EDGE ( 'NONE', *, *, #570, .T. ) ;
#1605 = CARTESIAN_POINT ( 'NONE',  ( 3.276240613098989840, 10.90000000000000036, -0.7003323698178309797 ) ) ;
#1606 = DIRECTION ( 'NONE',  ( 0.000000000000000000, 1.000000000000000000, 0.000000000000000000 ) ) ;
#1607 = FACE_BOUND ( 'NONE', #1862, .T. ) ;
#1608 = DIRECTION ( 'NONE',  ( 0.000000000000000000, 1.000000000000000000, 0.000000000000000000 ) ) ;
#1609 = CARTESIAN_POINT ( 'NONE',  ( 0.000000000000000000, 11.09999999999999964, 0.000000000000000000 ) ) ;
#1610 = CARTESIAN_POINT ( 'NONE',  ( 4.073395557355615537, 11.09999999999999964, -2.236990633932059769 ) ) ;
#1611 = VERTEX_POINT ( 'NONE', #1048 ) ;
#1612 = VECTOR ( 'NONE', #1639, 1000.000000000000000 ) ;
#1613 = CARTESIAN_POINT ( 'NONE',  ( 4.120589349693076109, 10.90000000000000036, -1.308350841798079811 ) ) ;
#1614 = EDGE_CURVE ( 'NONE', #2080, #1089, #2953, .T. ) ;
#1615 = CARTESIAN_POINT ( 'NONE',  ( 4.142086077599020477, 11.09999999999999964, -2.021803997042380008 ) ) ;
#1616 = VERTEX_POINT ( 'NONE', #4102 ) ;
#1617 = VERTEX_POINT ( 'NONE', #1148 ) ;
#1618 = CARTESIAN_POINT ( 'NONE',  ( -12.25000000000000000, 3.100000000000000089, 1.649999999999989475 ) ) ;
#1619 = LINE ( 'NONE', #2321, #3057 ) ;
#1620 = DIRECTION ( 'NONE',  ( -1.000000000000000000, 0.000000000000000000, 0.000000000000000000 ) ) ;
#1621 = APPLICATION_CONTEXT ( 'automotive_design' ) ;
#1622 = EDGE_CURVE ( 'NONE', #390, #404, #2849, .T. ) ;
#1623 = VERTEX_POINT ( 'NONE', #1969 ) ;
#1624 = ADVANCED_FACE ( 'NONE', ( #1459 ), #2382, .F. ) ;
#1625 = FACE_OUTER_BOUND ( 'NONE', #2082, .T. ) ;
#1626 = DIRECTION ( 'NONE',  ( -1.000000000000000000, 0.000000000000000000, 2.454797371665295086E-16 ) ) ;
#1627 = EDGE_CURVE ( 'NONE', #865, #1096, #2836, .T. ) ;
#1628 = EDGE_LOOP ( 'NONE', ( #258, #2078, #2145, #3203 ) ) ;
#1629 = CARTESIAN_POINT ( 'NONE',  ( 5.950000000000000178, 10.90000000000000036, 3.149999999999999911 ) ) ;
#1630 = LINE ( 'NONE', #2471, #79 ) ;
#1631 = DIRECTION ( 'NONE',  ( -1.000000000000000000, 0.000000000000000000, 0.000000000000000000 ) ) ;
#1632 = CARTESIAN_POINT ( 'NONE',  ( 3.750734775073319760, 11.09999999999999964, -0.8022949072187419706 ) ) ;
#1633 = DIRECTION ( 'NONE',  ( 0.000000000000000000, 0.000000000000000000, -1.000000000000000000 ) ) ;
#1634 = ORIENTED_EDGE ( 'NONE', *, *, #711, .T. ) ;
#1635 = VERTEX_POINT ( 'NONE', #3519 ) ;
#1636 = FACE_OUTER_BOUND ( 'NONE', #3678, .T. ) ;
#1637 = CARTESIAN_POINT ( 'NONE',  ( -1.550000000000000044, 10.90000000000000036, 2.649999999999999911 ) ) ;
#1638 = EDGE_CURVE ( 'NONE', #2617, #2433, #1487, .T. ) ;
#1639 = DIRECTION ( 'NONE',  ( 2.454797371665295086E-16, 0.000000000000000000, 1.000000000000000000 ) ) ;
#1640 = EDGE_LOOP ( 'NONE', ( #1290, #4094, #342, #2762 ) ) ;
#1641 = DIRECTION ( 'NONE',  ( 0.000000000000000000, 0.000000000000000000, 1.000000000000000000 ) ) ;
#1642 =( NAMED_UNIT ( * ) PLANE_ANGLE_UNIT ( ) SI_UNIT ( $, .RADIAN. ) );
#1643 = EDGE_LOOP ( 'NONE', ( #2120, #2102, #3547, #544, #3219, #1972 ) ) ;
#1644 = VECTOR ( 'NONE', #165, 1000.000000000000000 ) ;
#1645 = EDGE_CURVE ( 'NONE', #212, #2311, #9, .T. ) ;
#1646 = DIRECTION ( 'NONE',  ( 0.000000000000000000, -1.000000000000000000, 0.000000000000000000 ) ) ;
#1647 = CARTESIAN_POINT ( 'NONE',  ( 3.548798076923074696, 10.90000000000000036, -2.427964743589744678 ) ) ;
#1648 = DIRECTION ( 'NONE',  ( 0.000000000000000000, -1.000000000000000000, 0.000000000000000000 ) ) ;
#1649 = ORIENTED_EDGE ( 'NONE', *, *, #3811, .T. ) ;
#1650 = EDGE_CURVE ( 'NONE', #4188, #606, #2957, .T. ) ;
#1651 = ORIENTED_EDGE ( 'NONE', *, *, #4303, .F. ) ;
#1652 = VECTOR ( 'NONE', #3476, 1000.000000000000000 ) ;
#1653 = ORIENTED_EDGE ( 'NONE', *, *, #2368, .F. ) ;
#1654 = DIRECTION ( 'NONE',  ( 0.000000000000000000, -1.000000000000000000, 0.000000000000000000 ) ) ;
#1655 = CARTESIAN_POINT ( 'NONE',  ( 3.024999999999999911, 24.78707656525730130, 0.8000000000000000444 ) ) ;
#1656 = AXIS2_PLACEMENT_3D ( 'NONE', #2835, #123, #420 ) ;
#1657 = VERTEX_POINT ( 'NONE', #3909 ) ;
#1658 = EDGE_CURVE ( 'NONE', #3890, #4148, #73, .T. ) ;
#1659 = ADVANCED_FACE ( 'NONE', ( #1388 ), #1770, .F. ) ;
#1660 = TOROIDAL_SURFACE ( 'NONE', #1942, 0.8500000000000005329, 0.5000000000000000000 ) ;
#1661 = CARTESIAN_POINT ( 'NONE',  ( 3.889743589743590135, 24.78707656525730130, -1.715224358974360097 ) ) ;
#1662 = VERTEX_POINT ( 'NONE', #2606 ) ;
#1663 = B_SPLINE_CURVE_WITH_KNOTS ( 'NONE', 3,
 ( #39, #3311, #1381, #675, #2455, #3773, #58, #1406, #2700, #2014, #381, #3005, #4119, #3375, #1983, #324, #3030, #1037, #83 ),
 .UNSPECIFIED., .F., .F.,
 ( 4, 1, 1, 1, 1, 1, 1, 1, 1, 1, 1, 1, 1, 1, 1, 1, 4 ),
 ( 0.000000000000000000, 0.09125792857114779777, 0.1774017172687080146, 0.2586939028057239631, 0.3347914606470454579, 0.4060450965974949922, 0.4735814421468780289, 0.5371871940170570570, 0.5970124112690080587, 0.6545333578100730465, 0.7092861979284389440, 0.7615179959346599636, 0.8118475490470660194, 0.8606042373546139990, 0.9078057491050459671, 0.9542592786578929509, 1.000000000000000000 ),
 .UNSPECIFIED. ) ;
#1664 = DIRECTION ( 'NONE',  ( -0.000000000000000000, 1.000000000000000000, 0.000000000000000000 ) ) ;
#1665 = CARTESIAN_POINT ( 'NONE',  ( -2.299999999999999822, 10.90000000000000036, -1.525000000000000133 ) ) ;
#1666 = VERTEX_POINT ( 'NONE', #843 ) ;
#1667 = VERTEX_POINT ( 'NONE', #1846 ) ;
#1668 = FACE_BOUND ( 'NONE', #2850, .T. ) ;
#1669 = CARTESIAN_POINT ( 'NONE',  ( -4.000000000000000000, -8.300000000000000711, 1.044999999999999929 ) ) ;
#1670 = EDGE_CURVE ( 'NONE', #4283, #1667, #2844, .T. ) ;
#1671 = ORIENTED_EDGE ( 'NONE', *, *, #1670, .F. ) ;
#1672 = CARTESIAN_POINT ( 'NONE',  ( 3.415251350497025218, 11.09999999999999964, -0.7074662044155020091 ) ) ;
#1673 = CARTESIAN_POINT ( 'NONE',  ( 3.889401510046925026, 11.09999999999999964, -1.740736054152180134 ) ) ;
#1674 = CARTESIAN_POINT ( 'NONE',  ( 4.171574467036809786, 11.09999999999999964, -1.732858143927159977 ) ) ;
#1675 = DIRECTION ( 'NONE',  ( 0.000000000000000000, 1.000000000000000000, 0.000000000000000000 ) ) ;
#1676 = EDGE_LOOP ( 'NONE', ( #2304, #307, #2768, #296, #1013, #1039, #2001, #2486, #1518, #1219, #988, #4218 ) ) ;
#1677 = EDGE_CURVE ( 'NONE', #2311, #1958, #1394, .T. ) ;
#1678 = CARTESIAN_POINT ( 'NONE',  ( -3.375000000000000000, 11.09999999999999964, -2.600000000000000089 ) ) ;
#1679 = B_SPLINE_CURVE_WITH_KNOTS ( 'NONE', 3,
 ( #4079, #46, #697, #337, #847, #2143, #1565, #2579, #173, #1903, #2636 ),
 .UNSPECIFIED., .F., .F.,
 ( 4, 1, 1, 1, 1, 1, 1, 1, 4 ),
 ( 0.000000000000000000, 0.1578909745123444897, 0.3067942516334780101, 0.4456741526256969843, 0.5756804356331879369, 0.6946314639267260338, 0.8059778052059960451, 0.9077643550505539727, 1.000000000000000000 ),
 .UNSPECIFIED. ) ;
#1680 = APPLICATION_CONTEXT ( 'automotive_design' ) ;
#1681 = ORIENTED_EDGE ( 'NONE', *, *, #1488, .T. ) ;
#1682 = VECTOR ( 'NONE', #469, 1000.000000000000000 ) ;
#1683 = ORIENTED_EDGE ( 'NONE', *, *, #162, .T. ) ;
#1684 = CARTESIAN_POINT ( 'NONE',  ( 3.225080128205130237, 10.90000000000000036, -0.9307692307692310152 ) ) ;
#1685 = CARTESIAN_POINT ( 'NONE',  ( 3.375000000000000000, 11.09999999999999964, 0.8000000000000000444 ) ) ;
#1686 = EDGE_CURVE ( 'NONE', #971, #155, #4301, .T. ) ;
#1687 = EDGE_CURVE ( 'NONE', #2311, #2588, #98, .T. ) ;
#1688 = EDGE_LOOP ( 'NONE', ( #1210, #3699, #373, #1970 ) ) ;
#1689 = CARTESIAN_POINT ( 'NONE',  ( 3.460176467659834998, 11.09999999999999964, -2.689017228444450236 ) ) ;
#1690 = VECTOR ( 'NONE', #437, 1000.000000000000000 ) ;
#1691 = ORIENTED_EDGE ( 'NONE', *, *, #2333, .T. ) ;
#1692 = CARTESIAN_POINT ( 'NONE',  ( 5.950000000000000178, 0.000000000000000000, 3.149999999999999911 ) ) ;
#1693 = CARTESIAN_POINT ( 'NONE',  ( 4.112809654072365539, 11.09999999999999964, -2.133340274862340014 ) ) ;
#1694 = VERTEX_POINT ( 'NONE', #2552 ) ;
#1695 = ADVANCED_FACE ( 'NONE', ( #2990 ), #933, .F. ) ;
#1696 = VECTOR ( 'NONE', #3961, 1000.000000000000000 ) ;
#1697 = DIRECTION ( 'NONE',  ( 0.000000000000000000, 0.000000000000000000, 1.000000000000000000 ) ) ;
#1698 = ORIENTED_EDGE ( 'NONE', *, *, #997, .T. ) ;
#1699 = CARTESIAN_POINT ( 'NONE',  ( 4.171794871794870296, 10.90000000000000036, -1.710817307692309885 ) ) ;
#1700 = CARTESIAN_POINT ( 'NONE',  ( 4.171794871794870296, 10.90000000000000036, -1.710817307692309885 ) ) ;
#1701 = STYLED_ITEM ( 'NONE', ( #1309 ), #1291 ) ;
#1702 = DIRECTION ( 'NONE',  ( -1.000000000000000000, 0.000000000000000000, 0.000000000000000000 ) ) ;
#1703 = ORIENTED_EDGE ( 'NONE', *, *, #1280, .T. ) ;
#1704 = EDGE_CURVE ( 'NONE', #1771, #3359, #2984, .T. ) ;
#1705 = LINE ( 'NONE', #1349, #3276 ) ;
#1706 = ORIENTED_EDGE ( 'NONE', *, *, #1966, .T. ) ;
#1707 = DIRECTION ( 'NONE',  ( 0.000000000000000000, -1.000000000000000000, 0.000000000000000000 ) ) ;
#1708 = DIRECTION ( 'NONE',  ( 0.000000000000000000, 0.000000000000000000, -1.000000000000000000 ) ) ;
#1709 = ORIENTED_EDGE ( 'NONE', *, *, #3698, .T. ) ;
#1710 = VECTOR ( 'NONE', #3182, 1000.000000000000000 ) ;
#1711 = ORIENTED_EDGE ( 'NONE', *, *, #270, .T. ) ;
#1712 = CARTESIAN_POINT ( 'NONE',  ( -2.299999999999999822, 24.78707656525730130, -1.525000000000000133 ) ) ;
#1713 = DIRECTION ( 'NONE',  ( 0.000000000000000000, 0.000000000000000000, 1.000000000000000000 ) ) ;
#1714 = ORIENTED_EDGE ( 'NONE', *, *, #343, .F. ) ;
#1715 = CARTESIAN_POINT ( 'NONE',  ( 3.312009685268634929, 10.90000000000000036, -0.9320705310053479797 ) ) ;
#1716 = CARTESIAN_POINT ( 'NONE',  ( 4.100000000000000533, 24.78707656525730130, 1.875000000000000000 ) ) ;
#1717 = VECTOR ( 'NONE', #2875, 1000.000000000000000 ) ;
#1718 = DIRECTION ( 'NONE',  ( 0.000000000000000000, 0.000000000000000000, -1.000000000000000000 ) ) ;
#1719 = CARTESIAN_POINT ( 'NONE',  ( -3.024999999999999911, 11.09999999999999964, -2.600000000000000089 ) ) ;
#1720 = ORIENTED_EDGE ( 'NONE', *, *, #2949, .F. ) ;
#1721 = VECTOR ( 'NONE', #1012, 1000.000000000000000 ) ;
#1722 = CARTESIAN_POINT ( 'NONE',  ( -3.024999999999999911, 10.90000000000000036, -1.875000000000000000 ) ) ;
#1723 = ORIENTED_EDGE ( 'NONE', *, *, #2891, .T. ) ;
#1724 = CARTESIAN_POINT ( 'NONE',  ( 3.898446693500820182, 10.90000000000000036, -0.9128443052572430272 ) ) ;
#1725 = DIRECTION ( 'NONE',  ( 1.000000000000000000, 0.000000000000000000, 0.000000000000000000 ) ) ;
#1726 = DIRECTION ( 'NONE',  ( 0.000000000000000000, -1.000000000000000000, 0.000000000000000000 ) ) ;
#1727 = DIRECTION ( 'NONE',  ( -1.000000000000000000, 0.000000000000000000, 0.000000000000000000 ) ) ;
#1728 = DIRECTION ( 'NONE',  ( 1.000000000000000000, 0.000000000000000000, 0.000000000000000000 ) ) ;
#1729 = EDGE_CURVE ( 'NONE', #1093, #1960, #1528, .T. ) ;
#1730 =( LENGTH_UNIT ( ) NAMED_UNIT ( * ) SI_UNIT ( .MILLI., .METRE. ) );
#1731 = ORIENTED_EDGE ( 'NONE', *, *, #1638, .F. ) ;
#1732 = ADVANCED_FACE ( 'NONE', ( #3004 ), #3051, .T. ) ;
#1733 = LINE ( 'NONE', #863, #1652 ) ;
#1734 = ORIENTED_EDGE ( 'NONE', *, *, #809, .T. ) ;
#1735 = CARTESIAN_POINT ( 'NONE',  ( 9.500000000000000000, 3.100000000000000089, 0.000000000000000000 ) ) ;
#1736 = DIRECTION ( 'NONE',  ( 0.000000000000000000, 0.000000000000000000, 1.000000000000000000 ) ) ;
#1737 = EDGE_LOOP ( 'NONE', ( #3851, #2343, #1997, #3654 ) ) ;
#1738 = FACE_OUTER_BOUND ( 'NONE', #1587, .T. ) ;
#1739 = VERTEX_POINT ( 'NONE', #3970 ) ;
#1740 = CARTESIAN_POINT ( 'NONE',  ( 3.225080128205130237, 11.09999999999999964, -0.9307692307692310152 ) ) ;
#1741 = EDGE_CURVE ( 'NONE', #712, #1694, #1550, .T. ) ;
#1742 = CARTESIAN_POINT ( 'NONE',  ( -12.25000000000000000, 2.600000000000000089, 1.649999999999989475 ) ) ;
#1743 = CARTESIAN_POINT ( 'NONE',  ( 3.375000000000000000, 10.90000000000000036, 0.8000000000000000444 ) ) ;
#1744 = ORIENTED_EDGE ( 'NONE', *, *, #312, .T. ) ;
#1745 = DIRECTION ( 'NONE',  ( 0.000000000000000000, 0.000000000000000000, 1.000000000000000000 ) ) ;
#1746 = VECTOR ( 'NONE', #2851, 1000.000000000000000 ) ;
#1747 = AXIS2_PLACEMENT_3D ( 'NONE', #3853, #4181, #2513 ) ;
#1748 = ORIENTED_EDGE ( 'NONE', *, *, #3091, .T. ) ;
#1749 = DIRECTION ( 'NONE',  ( -1.000000000000000000, 0.000000000000000000, 0.000000000000000000 ) ) ;
#1750 = PLANE ( 'NONE',  #3907 ) ;
#1751 = DIRECTION ( 'NONE',  ( 0.000000000000000000, -1.000000000000000000, 0.000000000000000000 ) ) ;
#1752 = ORIENTED_EDGE ( 'NONE', *, *, #338, .F. ) ;
#1753 = LINE ( 'NONE', #4286, #1721 ) ;
#1754 = CARTESIAN_POINT ( 'NONE',  ( 3.247115384615384848, 24.78707656525730130, -0.6999999999999999556 ) ) ;
#1755 = ORIENTED_EDGE ( 'NONE', *, *, #4174, .F. ) ;
#1756 = CARTESIAN_POINT ( 'NONE',  ( 3.218269230769230216, 11.09999999999999964, -2.469230769230769784 ) ) ;
#1757 = CARTESIAN_POINT ( 'NONE',  ( -3.600000000000000089, -7.799999999999999822, 1.044999999999999929 ) ) ;
#1758 = ADVANCED_FACE ( 'NONE', ( #1625 ), #104, .T. ) ;
#1759 = ORIENTED_EDGE ( 'NONE', *, *, #2949, .T. ) ;
#1760 = LINE ( 'NONE', #3601, #1710 ) ;
#1761 = ORIENTED_EDGE ( 'NONE', *, *, #2299, .T. ) ;
#1762 = CARTESIAN_POINT ( 'NONE',  ( 3.650086919159340137, 11.09999999999999964, -2.369281844343415155 ) ) ;
#1763 = PLANE ( 'NONE',  #1424 ) ;
#1764 = ORIENTED_EDGE ( 'NONE', *, *, #2, .T. ) ;
#1765 = LINE ( 'NONE', #1456, #1789 ) ;
#1766 = ORIENTED_EDGE ( 'NONE', *, *, #2555, .T. ) ;
#1767 = CARTESIAN_POINT ( 'NONE',  ( 3.575433909083865380, 11.09999999999999964, -0.9866775805419492062 ) ) ;
#1768 = CARTESIAN_POINT ( 'NONE',  ( -2.050000000000000266, 7.100000000000000533, -0.2500000000000000000 ) ) ;
#1770 = PLANE ( 'NONE',  #4164 ) ;
#1769 = PRODUCT ( 'TCST2103', 'TCST2103', '', ( #3013 ) ) ;
#1771 = VERTEX_POINT ( 'NONE', #2833 ) ;
#1772 = CARTESIAN_POINT ( 'NONE',  ( 3.322461343529464983, 10.90000000000000036, -2.698705397854765042 ) ) ;
#1773 = CARTESIAN_POINT ( 'NONE',  ( -12.25000000000000000, 3.100000000000000089, 1.649999999999989475 ) ) ;
#1774 = TOROIDAL_SURFACE ( 'NONE', #2108, 0.8500000000000005329, 0.5000000000000000000 ) ;
#1775 = CARTESIAN_POINT ( 'NONE',  ( 12.25000000000000000, 3.100000000000000089, 1.649999999999989475 ) ) ;
#1776 = VERTEX_POINT ( 'NONE', #3124 ) ;
#1777 = EDGE_CURVE ( 'NONE', #3322, #1974, #3077, .T. ) ;
#1778 = CARTESIAN_POINT ( 'NONE',  ( -3.024999999999999911, 11.09999999999999964, -0.8000000000000000444 ) ) ;
#1779 = DIRECTION ( 'NONE',  ( -1.000000000000000000, 0.000000000000000000, 0.000000000000000000 ) ) ;
#1780 = CARTESIAN_POINT ( 'NONE',  ( 3.024999999999999911, 11.09999999999999964, 1.875000000000000000 ) ) ;
#1781 = ORIENTED_EDGE ( 'NONE', *, *, #1446, .T. ) ;
#1782 = LINE ( 'NONE', #1186, #273 ) ;
#1783 = DIRECTION ( 'NONE',  ( 0.000000000000000000, -1.000000000000000000, 0.000000000000000000 ) ) ;
#1784 = EDGE_LOOP ( 'NONE', ( #1118, #1815, #2327, #2365 ) ) ;
#1785 = CARTESIAN_POINT ( 'NONE',  ( 3.548798076923074696, 11.09999999999999964, -2.427964743589744678 ) ) ;
#1786 = ORIENTED_EDGE ( 'NONE', *, *, #1384, .F. ) ;
#1787 = DIRECTION ( 'NONE',  ( 0.000000000000000000, -1.000000000000000000, 0.000000000000000000 ) ) ;
#1788 = ORIENTED_EDGE ( 'NONE', *, *, #774, .F. ) ;
#1789 = VECTOR ( 'NONE', #2247, 1000.000000000000000 ) ;
#1790 = CARTESIAN_POINT ( 'NONE',  ( 4.000000000000000000, -8.300000000000000711, 1.044999999999999929 ) ) ;
#1791 = EDGE_LOOP ( 'NONE', ( #2508, #3951, #644, #4100 ) ) ;
#1792 = CARTESIAN_POINT ( 'NONE',  ( 3.791290091480374880, 10.90000000000000036, -2.200181570845459955 ) ) ;
#1793 = DIRECTION ( 'NONE',  ( -0.000000000000000000, 1.000000000000000000, -0.000000000000000000 ) ) ;
#1794 = ADVANCED_FACE ( 'NONE', ( #1539 ), #1953, .F. ) ;
#1795 = EDGE_CURVE ( 'NONE', #810, #1616, #3012, .T. ) ;
#1796 = ORIENTED_EDGE ( 'NONE', *, *, #2741, .F. ) ;
#1797 = FACE_OUTER_BOUND ( 'NONE', #2669, .T. ) ;
#1798 = PLANE ( 'NONE',  #2257 ) ;
#1799 = DIRECTION ( 'NONE',  ( 6.938893903907228378E-15, 0.000000000000000000, -1.000000000000000000 ) ) ;
#1800 = VERTEX_POINT ( 'NONE', #12 ) ;
#1801 = CARTESIAN_POINT ( 'NONE',  ( -2.458974358974360008, 10.90000000000000036, 0.9307692307692310152 ) ) ;
#1802 = ORIENTED_EDGE ( 'NONE', *, *, #2204, .T. ) ;
#1803 = DIRECTION ( 'NONE',  ( -1.000000000000000000, -0.000000000000000000, -1.752245935330111879E-16 ) ) ;
#1804 = ADVANCED_FACE ( 'NONE', ( #132 ), #2755, .F. ) ;
#1805 = LINE ( 'NONE', #1655, #3286 ) ;
#1806 = CARTESIAN_POINT ( 'NONE',  ( 3.375000000000000000, 11.09999999999999964, 0.8000000000000000444 ) ) ;
#1807 = CARTESIAN_POINT ( 'NONE',  ( 3.600000000000000089, -7.799999999999999822, -1.495000000000000107 ) ) ;
#1808 = CARTESIAN_POINT ( 'NONE',  ( -9.500000000000000000, 0.000000000000000000, -1.650000000000000577 ) ) ;
#1809 = EDGE_LOOP ( 'NONE', ( #2025, #115, #862, #4213 ) ) ;
#1810 = VECTOR ( 'NONE', #3656, 1000.000000000000000 ) ;
#1811 = PLANE ( 'NONE',  #2759 ) ;
#1812 = AXIS2_PLACEMENT_3D ( 'NONE', #811, #1150, #685 ) ;
#1813 = CARTESIAN_POINT ( 'NONE',  ( 1.550000000000000044, 10.90000000000000036, 2.649999999999999911 ) ) ;
#1814 = CARTESIAN_POINT ( 'NONE',  ( -3.587179487179489978, 11.09999999999999964, 2.469230769230769784 ) ) ;
#1815 = ORIENTED_EDGE ( 'NONE', *, *, #2852, .T. ) ;
#1816 = VECTOR ( 'NONE', #3787, 1000.000000000000000 ) ;
#1817 = DIRECTION ( 'NONE',  ( 0.000000000000000000, -1.000000000000000000, 0.000000000000000000 ) ) ;
#1818 = EDGE_CURVE ( 'NONE', #148, #1871, #1572, .T. ) ;
#1819 = ORIENTED_EDGE ( 'NONE', *, *, #3070, .T. ) ;
#1820 = VECTOR ( 'NONE', #374, 1000.000000000000000 ) ;
#1821 = DIRECTION ( 'NONE',  ( 0.000000000000000000, 1.000000000000000000, 0.000000000000000000 ) ) ;
#1822 = EDGE_CURVE ( 'NONE', #2396, #1345, #85, .T. ) ;
#1823 = ORIENTED_EDGE ( 'NONE', *, *, #2389, .T. ) ;
#1824 = CARTESIAN_POINT ( 'NONE',  ( 3.534926834352094982, 11.09999999999999964, -2.678473068307235305 ) ) ;
#1825 = CARTESIAN_POINT ( 'NONE',  ( 3.600000000000000089, -7.799999999999999822, -1.044999999999999929 ) ) ;
#1826 = CYLINDRICAL_SURFACE ( 'NONE', #2136, 0.5000000000000000000 ) ;
#1827 = CARTESIAN_POINT ( 'NONE',  ( 4.073395557355615537, 11.09999999999999964, -2.236990633932059769 ) ) ;
#1828 = ORIENTED_EDGE ( 'NONE', *, *, #3766, .F. ) ;
#1829 = EDGE_CURVE ( 'NONE', #1076, #2359, #185, .T. ) ;
#1830 = ADVANCED_FACE ( 'NONE', ( #205 ), #2419, .T. ) ;
#1831 = LINE ( 'NONE', #694, #1926 ) ;
#1832 = CARTESIAN_POINT ( 'NONE',  ( 3.796526684985859657, 10.90000000000000036, -2.577604581025330077 ) ) ;
#1833 = DIRECTION ( 'NONE',  ( -9.637352644315600666E-16, 0.000000000000000000, 1.000000000000000000 ) ) ;
#1834 = DIRECTION ( 'NONE',  ( 1.000000000000000000, 0.000000000000000000, 0.000000000000000000 ) ) ;
#1835 = ORIENTED_EDGE ( 'NONE', *, *, #2333, .F. ) ;
#1836 = LINE ( 'NONE', #2625, #423 ) ;
#1837 = EDGE_CURVE ( 'NONE', #2487, #2670, #1619, .T. ) ;
#1838 = PLANE ( 'NONE',  #2932 ) ;
#1839 = CARTESIAN_POINT ( 'NONE',  ( 3.814749600839504762, 11.09999999999999964, -2.155295205482909981 ) ) ;
#1840 = CARTESIAN_POINT ( 'NONE',  ( -5.950000000000000178, 0.000000000000000000, 3.149999999999999911 ) ) ;
#1841 = VERTEX_POINT ( 'NONE', #1006 ) ;
#1842 = CARTESIAN_POINT ( 'NONE',  ( 9.500000000000000000, 0.000000000000000000, 0.000000000000000000 ) ) ;
#1843 = FACE_OUTER_BOUND ( 'NONE', #178, .T. ) ;
#1844 = PRESENTATION_LAYER_ASSIGNMENT (  '', '', ( #1701 ) ) ;
#1845 = CARTESIAN_POINT ( 'NONE',  ( 3.780247165281270139, 11.09999999999999964, -1.184271728614434194 ) ) ;
#1846 = CARTESIAN_POINT ( 'NONE',  ( 5.950000000000000178, 0.000000000000000000, 3.149999999999999911 ) ) ;
#1847 = EDGE_LOOP ( 'NONE', ( #1244, #1170, #4183, #4055 ) ) ;
#1848 = CARTESIAN_POINT ( 'NONE',  ( 3.024999999999999911, 11.09999999999999964, 1.525000000000000133 ) ) ;
#1849 = VECTOR ( 'NONE', #625, 1000.000000000000000 ) ;
#1850 = CARTESIAN_POINT ( 'NONE',  ( 3.595612592157414689, 11.09999999999999964, -2.663916927991400119 ) ) ;
#1851 = DIRECTION ( 'NONE',  ( 1.000000000000000000, 0.000000000000000000, 0.000000000000000000 ) ) ;
#1852 = ADVANCED_FACE ( 'NONE', ( #1636 ), #2811, .T. ) ;
#1853 = AXIS2_PLACEMENT_3D ( 'NONE', #62, #2052, #355 ) ;
#1854 = ORIENTED_EDGE ( 'NONE', *, *, #1111, .T. ) ;
#1855 = COLOUR_RGB ( '',0.7921568627450980005, 0.8196078431372548767, 0.9333333333333333481 ) ;
#1856 = CARTESIAN_POINT ( 'NONE',  ( 3.697435897435895402, 24.78707656525730130, -1.072195512820512064 ) ) ;
#1857 = EDGE_CURVE ( 'NONE', #63, #2242, #192, .T. ) ;
#1858 = EDGE_LOOP ( 'NONE', ( #4012, #3258, #3479, #1036 ) ) ;
#1859 = CARTESIAN_POINT ( 'NONE',  ( 3.236565885942084719, 11.09999999999999964, -2.469011564095960232 ) ) ;
#1860 = PLANE ( 'NONE',  #60 ) ;
#1861 = ORIENTED_EDGE ( 'NONE', *, *, #3831, .T. ) ;
#1862 = EDGE_LOOP ( 'NONE', ( #1653, #1373 ) ) ;
#1863 = EDGE_CURVE ( 'NONE', #2198, #2088, #125, .T. ) ;
#1864 = CARTESIAN_POINT ( 'NONE',  ( 3.838175647486650188, 10.90000000000000036, -2.544562183913274822 ) ) ;
#1865 = EDGE_LOOP ( 'NONE', ( #2037, #2167, #891, #3516 ) ) ;
#1866 = LINE ( 'NONE', #103, #3293 ) ;
#1867 = EDGE_LOOP ( 'NONE', ( #2674, #586, #2187, #2601 ) ) ;
#1868 =( NAMED_UNIT ( * ) SI_UNIT ( $, .STERADIAN. ) SOLID_ANGLE_UNIT ( ) );
#1869 = CARTESIAN_POINT ( 'NONE',  ( -10.90000000000000036, 2.600000000000000089, 1.649999999999999245 ) ) ;
#1870 = EDGE_CURVE ( 'NONE', #1229, #2487, #3084, .T. ) ;
#1871 = VERTEX_POINT ( 'NONE', #713 ) ;
#1872 = CARTESIAN_POINT ( 'NONE',  ( 1.550000000000000044, 10.90000000000000036, -0.2500000000000000000 ) ) ;
#1873 = EDGE_LOOP ( 'NONE', ( #4296, #461, #3103, #436, #624, #1967, #2274, #3355, #309, #707 ) ) ;
#1874 = DIRECTION ( 'NONE',  ( 1.000000000000000000, 0.000000000000000000, 0.000000000000000000 ) ) ;
#1875 = VERTEX_POINT ( 'NONE', #3058 ) ;
#1876 = CARTESIAN_POINT ( 'NONE',  ( 3.375000000000000000, 10.90000000000000036, 1.525000000000000133 ) ) ;
#1877 = CARTESIAN_POINT ( 'NONE',  ( -5.950000000000000178, 0.000000000000000000, 3.149999999999999911 ) ) ;
#1878 = DIRECTION ( 'NONE',  ( 2.990902544787600071E-16, 0.000000000000000000, -1.000000000000000000 ) ) ;
#1879 = EDGE_CURVE ( 'NONE', #3075, #463, #1663, .T. ) ;
#1880 = ORIENTED_EDGE ( 'NONE', *, *, #4064, .T. ) ;
#1881 = LINE ( 'NONE', #3298, #1810 ) ;
#1882 = CARTESIAN_POINT ( 'NONE',  ( 10.89999999999999147, 2.600000000000000089, 2.999999999999999112 ) ) ;
#1883 = ORIENTED_EDGE ( 'NONE', *, *, #3820, .F. ) ;
#1884 = CARTESIAN_POINT ( 'NONE',  ( 3.697435897435895402, 10.90000000000000036, -1.072195512820512064 ) ) ;
#1885 = ORIENTED_EDGE ( 'NONE', *, *, #3142, .F. ) ;
#1886 = ORIENTED_EDGE ( 'NONE', *, *, #1024, .T. ) ;
#1887 = AXIS2_PLACEMENT_3D ( 'NONE', #248, #571, #962 ) ;
#1888 = FACE_OUTER_BOUND ( 'NONE', #2280, .T. ) ;
#1889 = ORIENTED_EDGE ( 'NONE', *, *, #1741, .F. ) ;
#1890 = CARTESIAN_POINT ( 'NONE',  ( 3.889401510046925026, 10.90000000000000036, -1.740736054152180134 ) ) ;
#1891 = CARTESIAN_POINT ( 'NONE',  ( 4.171794871794870296, 10.90000000000000036, -1.710817307692309885 ) ) ;
#1892 = DIRECTION ( 'NONE',  ( -1.000000000000000000, 0.000000000000000000, 0.000000000000000000 ) ) ;
#1893 = AXIS2_PLACEMENT_3D ( 'NONE', #2830, #3451, #3418 ) ;
#1894 = VERTEX_POINT ( 'NONE', #2367 ) ;
#1895 = LINE ( 'NONE', #732, #3348 ) ;
#1896 = EDGE_CURVE ( 'NONE', #4087, #2080, #1557, .T. ) ;
#1897 = VERTEX_POINT ( 'NONE', #3345 ) ;
#1898 = CARTESIAN_POINT ( 'NONE',  ( 3.539630647044699874, 10.90000000000000036, -2.431319626449734983 ) ) ;
#1899 = CARTESIAN_POINT ( 'NONE',  ( -3.024999999999999911, 24.78707656525730130, -1.525000000000000133 ) ) ;
#1900 = EDGE_CURVE ( 'NONE', #2676, #846, #1564, .T. ) ;
#1901 = B_SPLINE_SURFACE_WITH_KNOTS ( 'NONE', 3, 1, ( 
 ( #3894, #1884 ),
 ( #1574, #3539 ),
 ( #4221, #972 ),
 ( #183, #2273 ),
 ( #490, #2619 ),
 ( #3611, #883 ),
 ( #3924, #1227 ),
 ( #1526, #2200 ),
 ( #2563, #1405 ),
 ( #3290, #1964 ),
 ( #2677, #4043 ) ),
 .UNSPECIFIED., .F., .F., .F.,
 ( 4, 1, 1, 1, 1, 1, 1, 1, 4 ),
 ( 2, 2 ),
 ( 0.000000000000000000, 0.09777309142787120322, 0.2008595583159925035, 0.3104413856836800156, 0.4278160755510519997, 0.5551683857438869385, 0.6918337433922819857, 0.8400887298374509760, 1.000000000000000000 ),
 ( 0.000000000000000000, 1.000000000000000000 ),
 .UNSPECIFIED. ) ;
#1902 = ORIENTED_EDGE ( 'NONE', *, *, #3466, .T. ) ;
#1903 = CARTESIAN_POINT ( 'NONE',  ( 3.557362988371945089, 10.90000000000000036, -2.673512185671994779 ) ) ;
#1904 = LINE ( 'NONE', #2079, #3383 ) ;
#1905 = ORIENTED_EDGE ( 'NONE', *, *, #2989, .T. ) ;
#1906 = VERTEX_POINT ( 'NONE', #1103 ) ;
#1907 = DIRECTION ( 'NONE',  ( 1.000000000000000000, 0.000000000000000000, 0.000000000000000000 ) ) ;
#1908 = AXIS2_PLACEMENT_3D ( 'NONE', #2006, #2786, #788 ) ;
#1909 = DIRECTION ( 'NONE',  ( 0.000000000000000000, -1.000000000000000000, 0.000000000000000000 ) ) ;
#1910 = PLANE ( 'NONE',  #1174 ) ;
#1911 = EDGE_CURVE ( 'NONE', #973, #2617, #3018, .T. ) ;
#1912 = ORIENTED_EDGE ( 'NONE', *, *, #2733, .F. ) ;
#1913 = FACE_OUTER_BOUND ( 'NONE', #3696, .T. ) ;
#1914 = DIRECTION ( 'NONE',  ( 1.000000000000000000, 0.000000000000000000, 0.000000000000000000 ) ) ;
#1915 = EDGE_LOOP ( 'NONE', ( #2096, #568, #870, #2176 ) ) ;
#1916 = SURFACE_STYLE_USAGE ( .BOTH. , #3612 ) ;
#1917 = EDGE_CURVE ( 'NONE', #1511, #2588, #170, .T. ) ;
#1918 = ORIENTED_EDGE ( 'NONE', *, *, #1704, .F. ) ;
#1919 = VECTOR ( 'NONE', #394, 1000.000000000000000 ) ;
#1920 = CARTESIAN_POINT ( 'NONE',  ( -4.000000000000000000, -8.300000000000000711, -1.495000000000000107 ) ) ;
#1921 = CARTESIAN_POINT ( 'NONE',  ( 3.024999999999999911, 11.09999999999999964, 1.875000000000000000 ) ) ;
#1922 = CARTESIAN_POINT ( 'NONE',  ( -2.535897435897434882, 11.09999999999999964, 1.776923076923075051 ) ) ;
#1923 = ADVANCED_FACE ( 'NONE', ( #1536 ), #3492, .T. ) ;
#1924 = CARTESIAN_POINT ( 'NONE',  ( 3.600000000000000089, 0.000000000000000000, 1.495000000000000107 ) ) ;
#1925 = VERTEX_POINT ( 'NONE', #1806 ) ;
#1926 = VECTOR ( 'NONE', #1050, 1000.000000000000000 ) ;
#1927 = ORIENTED_EDGE ( 'NONE', *, *, #2741, .T. ) ;
#1928 = CARTESIAN_POINT ( 'NONE',  ( 1.550000000000000044, -7.516648189186459383, -2.649999999999999911 ) ) ;
#1929 = CARTESIAN_POINT ( 'NONE',  ( 4.024790217835584549, 11.09999999999999964, -2.331873995308380021 ) ) ;
#1930 = ORIENTED_EDGE ( 'NONE', *, *, #169, .F. ) ;
#1931 = CARTESIAN_POINT ( 'NONE',  ( 2.299999999999999822, 10.90000000000000036, 1.875000000000000000 ) ) ;
#1932 = VERTEX_POINT ( 'NONE', #1153 ) ;
#1933 = CARTESIAN_POINT ( 'NONE',  ( -2.050000000000000266, 10.90000000000000036, 0.2500000000000000000 ) ) ;
#1934 = EDGE_CURVE ( 'NONE', #2364, #3463, #3024, .T. ) ;
#1935 = DIRECTION ( 'NONE',  ( 0.000000000000000000, -1.000000000000000000, 0.000000000000000000 ) ) ;
#1936 = ORIENTED_EDGE ( 'NONE', *, *, #2497, .T. ) ;
#1937 = DIRECTION ( 'NONE',  ( 0.000000000000000000, -1.000000000000000000, 0.000000000000000000 ) ) ;
#1938 = VECTOR ( 'NONE', #2646, 1000.000000000000000 ) ;
#1939 = CARTESIAN_POINT ( 'NONE',  ( 3.858894230769229772, 10.90000000000000036, -2.528125000000000178 ) ) ;
#1940 = ORIENTED_EDGE ( 'NONE', *, *, #4096, .F. ) ;
#1941 = ORIENTED_EDGE ( 'NONE', *, *, #2842, .T. ) ;
#1942 = AXIS2_PLACEMENT_3D ( 'NONE', #2229, #2671, #2556 ) ;
#1943 = PLANE ( 'NONE',  #1123 ) ;
#1944 = AXIS2_PLACEMENT_3D ( 'NONE', #3525, #1214, #2859 ) ;
#1945 = ORIENTED_EDGE ( 'NONE', *, *, #3096, .T. ) ;
#1946 = LINE ( 'NONE', #1409, #576 ) ;
#1947 = VERTEX_POINT ( 'NONE', #3866 ) ;
#1948 = CARTESIAN_POINT ( 'NONE',  ( -5.950000000000000178, 9.900000000000000355, 3.149999999999999911 ) ) ;
#1949 = AXIS2_PLACEMENT_3D ( 'NONE', #403, #156, #129 ) ;
#1950 = ORIENTED_EDGE ( 'NONE', *, *, #2401, .T. ) ;
#1951 = LINE ( 'NONE', #204, #2070 ) ;
#1952 = ORIENTED_EDGE ( 'NONE', *, *, #4197, .F. ) ;
#1953 = PLANE ( 'NONE',  #2432 ) ;
#1954 = ADVANCED_FACE ( 'NONE', ( #1607, #197 ), #3886, .T. ) ;
#1955 = EDGE_LOOP ( 'NONE', ( #3198, #1766, #3425, #541 ) ) ;
#1956 = CARTESIAN_POINT ( 'NONE',  ( -10.90000000000000036, 2.600000000000000089, -1.650000000000000577 ) ) ;
#1957 = CIRCLE ( 'NONE', #2329, 1.349999999999999867 ) ;
#1958 = VERTEX_POINT ( 'NONE', #400 ) ;
#1959 = DIRECTION ( 'NONE',  ( 0.000000000000000000, 0.000000000000000000, -1.000000000000000000 ) ) ;
#1960 = VERTEX_POINT ( 'NONE', #2813 ) ;
#1961 = VECTOR ( 'NONE', #720, 1000.000000000000000 ) ;
#1962 = DIRECTION ( 'NONE',  ( 0.000000000000000000, -1.000000000000000000, 0.000000000000000000 ) ) ;
#1963 = EDGE_LOOP ( 'NONE', ( #3221, #4116, #1764, #4122 ) ) ;
#1964 = CARTESIAN_POINT ( 'NONE',  ( 3.889191486603339687, 10.90000000000000036, -1.678607053205015021 ) ) ;
#1965 = FILL_AREA_STYLE ('',( #2737 ) ) ;
#1966 = EDGE_CURVE ( 'NONE', #202, #1875, #1522, .T. ) ;
#1967 = ORIENTED_EDGE ( 'NONE', *, *, #2810, .T. ) ;
#1968 = LINE ( 'NONE', #4219, #645 ) ;
#1969 = CARTESIAN_POINT ( 'NONE',  ( -3.375000000000000000, 10.90000000000000036, -1.875000000000000000 ) ) ;
#1970 = ORIENTED_EDGE ( 'NONE', *, *, #4191, .F. ) ;
#1971 = CARTESIAN_POINT ( 'NONE',  ( 3.233360217782009549, 10.90000000000000036, -2.699915535310169812 ) ) ;
#1972 = ORIENTED_EDGE ( 'NONE', *, *, #2969, .T. ) ;
#1973 = VECTOR ( 'NONE', #914, 1000.000000000000000 ) ;
#1974 = VERTEX_POINT ( 'NONE', #4215 ) ;
#1975 = ORIENTED_EDGE ( 'NONE', *, *, #1384, .T. ) ;
#1976 = DIRECTION ( 'NONE',  ( -0.000000000000000000, -7.372574772901428574E-15, -1.000000000000000000 ) ) ;
#1977 = PLANE ( 'NONE',  #1908 ) ;
#1978 = VERTEX_POINT ( 'NONE', #1778 ) ;
#1979 = CARTESIAN_POINT ( 'NONE',  ( 3.415251350497025218, 10.90000000000000036, -0.7074662044155020091 ) ) ;
#1980 = LINE ( 'NONE', #3159, #3535 ) ;
#1981 = ORIENTED_EDGE ( 'NONE', *, *, #3318, .F. ) ;
#1982 = ORIENTED_EDGE ( 'NONE', *, *, #435, .F. ) ;
#1983 = CARTESIAN_POINT ( 'NONE',  ( 3.650086919159340137, 10.90000000000000036, -2.369281844343415155 ) ) ;
#1984 = PLANE ( 'NONE',  #1287 ) ;
#1985 = ADVANCED_FACE ( 'NONE', ( #3029 ), #3098, .F. ) ;
#1986 = AXIS2_PLACEMENT_3D ( 'NONE', #1455, #1070, #1702 ) ;
#1987 = VERTEX_POINT ( 'NONE', #740 ) ;
#1988 = LINE ( 'NONE', #3289, #662 ) ;
#1989 = CARTESIAN_POINT ( 'NONE',  ( 2.812820512820514818, 24.78707656525730130, -2.469230769230769784 ) ) ;
#1990 = ORIENTED_EDGE ( 'NONE', *, *, #2097, .T. ) ;
#1991 = ORIENTED_EDGE ( 'NONE', *, *, #3938, .F. ) ;
#1992 = EDGE_LOOP ( 'NONE', ( #3168, #1110, #652, #4143 ) ) ;
#1993 = CIRCLE ( 'NONE', #3695, 1.650000000000000577 ) ;
#1994 = CARTESIAN_POINT ( 'NONE',  ( 3.312009685268634929, 11.09999999999999964, -0.9320705310053479797 ) ) ;
#1995 = VERTEX_POINT ( 'NONE', #4139 ) ;
#1996 = PLANE ( 'NONE',  #2576 ) ;
#1997 = ORIENTED_EDGE ( 'NONE', *, *, #1481, .F. ) ;
#1998 = CARTESIAN_POINT ( 'NONE',  ( 2.812820512820514818, 24.78707656525730130, -2.469230769230769784 ) ) ;
#1999 = CARTESIAN_POINT ( 'NONE',  ( 4.152512072541800769, 10.90000000000000036, -1.963119612482169707 ) ) ;
#2000 = ORIENTED_EDGE ( 'NONE', *, *, #2424, .T. ) ;
#2001 = ORIENTED_EDGE ( 'NONE', *, *, #1446, .F. ) ;
#2002 = FACE_OUTER_BOUND ( 'NONE', #1688, .T. ) ;
#2003 = CARTESIAN_POINT ( 'NONE',  ( 3.600000000000000089, 0.000000000000000000, -1.495000000000000107 ) ) ;
#2004 = VERTEX_POINT ( 'NONE', #1423 ) ;
#2005 = CARTESIAN_POINT ( 'NONE',  ( 3.897544611418270133, 11.09999999999999964, -2.494183693459659956 ) ) ;
#2006 = CARTESIAN_POINT ( 'NONE',  ( 3.024999999999999911, 24.78707656525730130, 1.875000000000000000 ) ) ;
#2007 = EDGE_CURVE ( 'NONE', #2670, #3691, #158, .T. ) ;
#2008 = ORIENTED_EDGE ( 'NONE', *, *, #570, .F. ) ;
#2009 = DIRECTION ( 'NONE',  ( 0.000000000000000000, 0.000000000000000000, 1.000000000000000000 ) ) ;
#2010 = DIRECTION ( 'NONE',  ( 1.000000000000000000, 0.000000000000000000, 2.990902544787595140E-16 ) ) ;
#2011 = VECTOR ( 'NONE', #3351, 1000.000000000000000 ) ;
#2012 = ORIENTED_EDGE ( 'NONE', *, *, #1179, .T. ) ;
#2013 = VERTEX_POINT ( 'NONE', #2003 ) ;
#2014 = CARTESIAN_POINT ( 'NONE',  ( 3.791290091480374880, 10.90000000000000036, -2.200181570845459955 ) ) ;
#2015 = ORIENTED_EDGE ( 'NONE', *, *, #1184, .T. ) ;
#2016 = ORIENTED_EDGE ( 'NONE', *, *, #2389, .F. ) ;
#2017 = EDGE_CURVE ( 'NONE', #752, #1771, #1601, .T. ) ;
#2018 = LINE ( 'NONE', #1856, #3497 ) ;
#2019 = DIRECTION ( 'NONE',  ( 0.000000000000000000, 0.000000000000000000, 1.000000000000000000 ) ) ;
#2020 = ORIENTED_EDGE ( 'NONE', *, *, #4157, .F. ) ;
#2021 = VERTEX_POINT ( 'NONE', #2504 ) ;
#2022 = CARTESIAN_POINT ( 'NONE',  ( 3.548798076923074696, 24.78707656525730130, -2.427964743589744678 ) ) ;
#2023 = ADVANCED_FACE ( 'NONE', ( #175 ), #481, .F. ) ;
#2024 = ORIENTED_EDGE ( 'NONE', *, *, #974, .T. ) ;
#2025 = ORIENTED_EDGE ( 'NONE', *, *, #2722, .T. ) ;
#2026 = LINE ( 'NONE', #3777, #507 ) ;
#2027 = CARTESIAN_POINT ( 'NONE',  ( 3.575433909083865380, 11.09999999999999964, -0.9866775805419492062 ) ) ;
#2028 = ORIENTED_EDGE ( 'NONE', *, *, #1224, .T. ) ;
#2029 = VECTOR ( 'NONE', #2853, 1000.000000000000000 ) ;
#2030 = CARTESIAN_POINT ( 'NONE',  ( 3.453119941125879944, 10.90000000000000036, -2.453879079032005084 ) ) ;
#2031 = CARTESIAN_POINT ( 'NONE',  ( 3.575433909083865380, 10.90000000000000036, -0.9866775805419492062 ) ) ;
#2032 = CARTESIAN_POINT ( 'NONE',  ( 2.530769230769230216, 11.09999999999999964, -0.6999999999999999556 ) ) ;
#2033 = CARTESIAN_POINT ( 'NONE',  ( -3.375000000000000000, 24.78707656525730130, -1.875000000000000000 ) ) ;
#2034 = ORIENTED_EDGE ( 'NONE', *, *, #3534, .T. ) ;
#2035 = VECTOR ( 'NONE', #3872, 1000.000000000000000 ) ;
#2036 = DIRECTION ( 'NONE',  ( 0.000000000000000000, -1.000000000000000000, 0.000000000000000000 ) ) ;
#2037 = ORIENTED_EDGE ( 'NONE', *, *, #2086, .T. ) ;
#2038 = CIRCLE ( 'NONE', #3475, 1.350000000000000533 ) ;
#2039 = DIRECTION ( 'NONE',  ( 1.000000000000000000, 0.000000000000000000, 2.990902544787600071E-16 ) ) ;
#2040 = EDGE_CURVE ( 'NONE', #3664, #971, #1630, .T. ) ;
#2041 = CARTESIAN_POINT ( 'NONE',  ( 3.225080128205130237, 24.78707656525730130, -0.9307692307692310152 ) ) ;
#2042 = ORIENTED_EDGE ( 'NONE', *, *, #3971, .T. ) ;
#2043 = CARTESIAN_POINT ( 'NONE',  ( 4.143873796072824689, 10.90000000000000036, -1.399625478182308091 ) ) ;
#2044 = VECTOR ( 'NONE', #1062, 1000.000000000000000 ) ;
#2045 = ORIENTED_EDGE ( 'NONE', *, *, #4247, .T. ) ;
#2046 = VECTOR ( 'NONE', #2282, 1000.000000000000000 ) ;
#2047 = CARTESIAN_POINT ( 'NONE',  ( -1.550000000000000044, 10.90000000000000036, -2.649999999999999911 ) ) ;
#2048 = AXIS2_PLACEMENT_3D ( 'NONE', #133, #2790, #429 ) ;
#2049 = ORIENTED_EDGE ( 'NONE', *, *, #1686, .F. ) ;
#2050 = ORIENTED_EDGE ( 'NONE', *, *, #774, .T. ) ;
#2051 = LINE ( 'NONE', #1678, #2011 ) ;
#2052 = DIRECTION ( 'NONE',  ( 1.000000000000000000, 0.000000000000000000, 0.000000000000000000 ) ) ;
#2053 = ORIENTED_EDGE ( 'NONE', *, *, #4287, .T. ) ;
#2054 = ORIENTED_EDGE ( 'NONE', *, *, #3900, .T. ) ;
#2055 = CARTESIAN_POINT ( 'NONE',  ( 3.710701364758575149, 11.09999999999999964, -2.312229867812420014 ) ) ;
#2056 = CARTESIAN_POINT ( 'NONE',  ( 0.000000000000000000, 7.100000000000000533, 0.000000000000000000 ) ) ;
#2057 = ADVANCED_FACE ( 'NONE', ( #1514 ), #421, .F. ) ;
#2058 = ORIENTED_EDGE ( 'NONE', *, *, #1911, .F. ) ;
#2059 = VERTEX_POINT ( 'NONE', #2838 ) ;
#2060 = ORIENTED_EDGE ( 'NONE', *, *, #1687, .T. ) ;
#2061 = VECTOR ( 'NONE', #4070, 1000.000000000000000 ) ;
#2062 = CARTESIAN_POINT ( 'NONE',  ( 3.686097470988915159, 11.09999999999999964, -1.061309807544167816 ) ) ;
#2063 = VERTEX_POINT ( 'NONE', #1125 ) ;
#2064 = VECTOR ( 'NONE', #999, 1000.000000000000000 ) ;
#2065 = EDGE_CURVE ( 'NONE', #1616, #2158, #2968, .T. ) ;
#2066 = CARTESIAN_POINT ( 'NONE',  ( 3.557362988371945089, 11.09999999999999964, -2.673512185671994779 ) ) ;
#2067 = CARTESIAN_POINT ( 'NONE',  ( 3.697435897435895402, 10.90000000000000036, -1.072195512820512064 ) ) ;
#2068 = ORIENTED_EDGE ( 'NONE', *, *, #209, .T. ) ;
#2069 = VERTEX_POINT ( 'NONE', #3131 ) ;
#2070 = VECTOR ( 'NONE', #181, 1000.000000000000000 ) ;
#2071 = CARTESIAN_POINT ( 'NONE',  ( -4.000000000000000000, 0.000000000000000000, -1.495000000000000107 ) ) ;
#2072 = ORIENTED_EDGE ( 'NONE', *, *, #376, .F. ) ;
#2073 = DIRECTION ( 'NONE',  ( 2.454797371665295086E-16, 0.000000000000000000, 1.000000000000000000 ) ) ;
#2074 = FACE_OUTER_BOUND ( 'NONE', #828, .T. ) ;
#2075 = DIRECTION ( 'NONE',  ( -3.097720492815730124E-16, 0.000000000000000000, 1.000000000000000000 ) ) ;
#2076 = CARTESIAN_POINT ( 'NONE',  ( 9.500000000000000000, 0.000000000000000000, -1.650000000000000577 ) ) ;
#2077 = EDGE_CURVE ( 'NONE', #2087, #1694, #3204, .T. ) ;
#2078 = ORIENTED_EDGE ( 'NONE', *, *, #21, .T. ) ;
#2079 = CARTESIAN_POINT ( 'NONE',  ( -2.407692307692309797, 24.78707656525730130, 2.700000000000000178 ) ) ;
#2080 = VERTEX_POINT ( 'NONE', #2446 ) ;
#2081 = CIRCLE ( 'NONE', #977, 1.650000000000000577 ) ;
#2082 = EDGE_LOOP ( 'NONE', ( #3416, #464, #3178, #2130 ) ) ;
#2083 = EDGE_LOOP ( 'NONE', ( #2045, #2370, #448, #2216 ) ) ;
#2084 = LINE ( 'NONE', #2904, #698 ) ;
#2085 = DIRECTION ( 'NONE',  ( 0.000000000000000000, 0.000000000000000000, 1.000000000000000000 ) ) ;
#2086 = EDGE_CURVE ( 'NONE', #2637, #3643, #1782, .T. ) ;
#2087 = VERTEX_POINT ( 'NONE', #1491 ) ;
#2088 = VERTEX_POINT ( 'NONE', #3834 ) ;
#2089 = LINE ( 'NONE', #2939, #567 ) ;
#2090 = CARTESIAN_POINT ( 'NONE',  ( -2.050000000000000266, 7.100000000000000533, -0.2500000000000000000 ) ) ;
#2091 = ORIENTED_EDGE ( 'NONE', *, *, #1687, .F. ) ;
#2092 = ORIENTED_EDGE ( 'NONE', *, *, #86, .F. ) ;
#2093 = LINE ( 'NONE', #122, #2181 ) ;
#2094 = CARTESIAN_POINT ( 'NONE',  ( -10.89999999999999147, 3.100000000000000089, -3.000000000000000888 ) ) ;
#2095 = ORIENTED_EDGE ( 'NONE', *, *, #3799, .T. ) ;
#2096 = ORIENTED_EDGE ( 'NONE', *, *, #681, .F. ) ;
#2097 = EDGE_CURVE ( 'NONE', #1960, #725, #3116, .T. ) ;
#2098 = CARTESIAN_POINT ( 'NONE',  ( -3.587179487179489978, 24.78707656525730130, 1.546153846153845102 ) ) ;
#2099 = VECTOR ( 'NONE', #987, 1000.000000000000000 ) ;
#2100 = DIRECTION ( 'NONE',  ( 0.000000000000000000, 0.000000000000000000, 1.000000000000000000 ) ) ;
#2101 = ORIENTED_EDGE ( 'NONE', *, *, #3831, .F. ) ;
#2102 = ORIENTED_EDGE ( 'NONE', *, *, #3386, .T. ) ;
#2103 = LINE ( 'NONE', #2183, #3584 ) ;
#2104 = ADVANCED_FACE ( 'NONE', ( #1797 ), #1308, .F. ) ;
#2105 = CARTESIAN_POINT ( 'NONE',  ( 3.214663461538459721, 10.90000000000000036, -2.700000000000000178 ) ) ;
#2106 = CARTESIAN_POINT ( 'NONE',  ( -3.587179487179489978, 10.90000000000000036, 0.9307692307692310152 ) ) ;
#2107 = EDGE_LOOP ( 'NONE', ( #225, #321, #4013, #2222 ) ) ;
#2108 = AXIS2_PLACEMENT_3D ( 'NONE', #510, #2328, #3259 ) ;
#2109 = ORIENTED_EDGE ( 'NONE', *, *, #3500, .F. ) ;
#2110 = FACE_OUTER_BOUND ( 'NONE', #3028, .T. ) ;
#2111 = DIRECTION ( 'NONE',  ( 1.000000000000000000, 0.000000000000000000, 0.000000000000000000 ) ) ;
#2112 = EDGE_CURVE ( 'NONE', #293, #155, #315, .T. ) ;
#2113 = ORIENTED_EDGE ( 'NONE', *, *, #1481, .T. ) ;
#2114 = LINE ( 'NONE', #4204, #3609 ) ;
#2115 = CARTESIAN_POINT ( 'NONE',  ( -4.000000000000000000, -8.300000000000000711, 1.044999999999999929 ) ) ;
#2116 = CARTESIAN_POINT ( 'NONE',  ( -3.024999999999999911, 10.90000000000000036, -2.600000000000000089 ) ) ;
#2117 = ORIENTED_EDGE ( 'NONE', *, *, #4268, .F. ) ;
#2118 = ORIENTED_EDGE ( 'NONE', *, *, #1934, .T. ) ;
#2119 = CARTESIAN_POINT ( 'NONE',  ( 11.75000000000000000, 2.600000000000000089, -1.649999999999994582 ) ) ;
#2120 = ORIENTED_EDGE ( 'NONE', *, *, #3249, .T. ) ;
#2121 = AXIS2_PLACEMENT_3D ( 'NONE', #2929, #1976, #4058 ) ;
#2122 = CARTESIAN_POINT ( 'NONE',  ( 3.600000000000000089, -7.799999999999999822, 1.495000000000000107 ) ) ;
#2123 = LINE ( 'NONE', #2469, #2324 ) ;
#2124 = VERTEX_POINT ( 'NONE', #3676 ) ;
#2125 = LINE ( 'NONE', #1637, #3600 ) ;
#2126 = MECHANICAL_DESIGN_GEOMETRIC_PRESENTATION_REPRESENTATION (  '', ( #4220 ), #2440 ) ;
#2127 = DIRECTION ( 'NONE',  ( 0.000000000000000000, 0.000000000000000000, 1.000000000000000000 ) ) ;
#2128 = EDGE_CURVE ( 'NONE', #236, #2208, #3217, .T. ) ;
#2129 = ORIENTED_EDGE ( 'NONE', *, *, #1159, .F. ) ;
#2130 = ORIENTED_EDGE ( 'NONE', *, *, #3166, .F. ) ;
#2131 = VECTOR ( 'NONE', #1892, 1000.000000000000000 ) ;
#2132 = DIRECTION ( 'NONE',  ( -1.000000000000000000, 0.000000000000000000, 0.000000000000000000 ) ) ;
#2133 = ORIENTED_EDGE ( 'NONE', *, *, #1561, .F. ) ;
#2134 = LINE ( 'NONE', #4255, #3618 ) ;
#2135 = CARTESIAN_POINT ( 'NONE',  ( -4.950000000000000178, 10.90000000000000036, 3.149999999999999911 ) ) ;
#2136 = AXIS2_PLACEMENT_3D ( 'NONE', #93, #3043, #4103 ) ;
#2137 = ORIENTED_EDGE ( 'NONE', *, *, #2204, .F. ) ;
#2138 = ORIENTED_EDGE ( 'NONE', *, *, #260, .T. ) ;
#2139 = CARTESIAN_POINT ( 'NONE',  ( -3.587179487179489978, 11.09999999999999964, 1.546153846153845102 ) ) ;
#2140 = LINE ( 'NONE', #4278, #3616 ) ;
#2141 = ORIENTED_EDGE ( 'NONE', *, *, #2458, .F. ) ;
#2142 = FACE_OUTER_BOUND ( 'NONE', #3453, .T. ) ;
#2143 = CARTESIAN_POINT ( 'NONE',  ( 3.417703134546205224, 10.90000000000000036, -2.693109094508430168 ) ) ;
#2144 = DIRECTION ( 'NONE',  ( -5.421010862427510337E-16, 0.000000000000000000, -1.000000000000000000 ) ) ;
#2145 = ORIENTED_EDGE ( 'NONE', *, *, #3281, .T. ) ;
#2146 = ORIENTED_EDGE ( 'NONE', *, *, #260, .F. ) ;
#2147 = EDGE_CURVE ( 'NONE', #1178, #1617, #1504, .T. ) ;
#2148 = LINE ( 'NONE', #385, #913 ) ;
#2149 = DIRECTION ( 'NONE',  ( -0.7071067811865475727, 0.000000000000000000, 0.7071067811865475727 ) ) ;
#2150 = VERTEX_POINT ( 'NONE', #1566 ) ;
#2151 = LINE ( 'NONE', #426, #3646 ) ;
#2152 = CARTESIAN_POINT ( 'NONE',  ( 4.100000000000000533, 10.90000000000000036, 1.525000000000000133 ) ) ;
#2153 = DIRECTION ( 'NONE',  ( -1.000000000000000000, 0.000000000000000000, 0.000000000000000000 ) ) ;
#2154 = ADVANCED_FACE ( 'NONE', ( #266 ), #1660, .T. ) ;
#2155 = VERTEX_POINT ( 'NONE', #1876 ) ;
#2156 = CARTESIAN_POINT ( 'NONE',  ( 9.500000000000000000, 0.000000000000000000, 0.000000000000000000 ) ) ;
#2157 = B_SPLINE_CURVE_WITH_KNOTS ( 'NONE', 3,
 ( #772, #1415, #66, #2777, #2030, #3068, #3389, #363, #4131, #1080, #3358 ),
 .UNSPECIFIED., .F., .F.,
 ( 4, 1, 1, 1, 1, 1, 1, 1, 4 ),
 ( 0.000000000000000000, 0.08742501092859790435, 0.1852478649797585086, 0.2927383539894214959, 0.4112061016770249822, 0.5412455942323231017, 0.6827809385249519192, 0.8360339502047999805, 1.000000000000000000 ),
 .UNSPECIFIED. ) ;
#2158 = VERTEX_POINT ( 'NONE', #1933 ) ;
#2159 = LINE ( 'NONE', #2829, #3607 ) ;
#2160 = EDGE_CURVE ( 'NONE', #3626, #2063, #1760, .T. ) ;
#2161 = EDGE_LOOP ( 'NONE', ( #4231, #1734, #298, #4252 ) ) ;
#2162 = LINE ( 'NONE', #1629, #2046 ) ;
#2163 = CARTESIAN_POINT ( 'NONE',  ( 3.568028846153844746, 11.09999999999999964, -2.671153846153844658 ) ) ;
#2164 = ADVANCED_FACE ( 'NONE', ( #3241 ), #1774, .T. ) ;
#2165 = VERTEX_POINT ( 'NONE', #642 ) ;
#2166 = ORIENTED_EDGE ( 'NONE', *, *, #2184, .T. ) ;
#2167 = ORIENTED_EDGE ( 'NONE', *, *, #237, .F. ) ;
#2168 = FACE_OUTER_BOUND ( 'NONE', #3987, .T. ) ;
#2169 = CARTESIAN_POINT ( 'NONE',  ( 10.89999999999999147, 0.000000000000000000, 2.999999999999999112 ) ) ;
#2170 = ORIENTED_EDGE ( 'NONE', *, *, #1364, .F. ) ;
#2171 = EDGE_LOOP ( 'NONE', ( #966, #980, #1527, #450, #617, #2605, #1553, #2735 ) ) ;
#2172 = FACE_BOUND ( 'NONE', #523, .T. ) ;
#2173 = DIRECTION ( 'NONE',  ( 0.000000000000000000, 0.000000000000000000, 1.000000000000000000 ) ) ;
#2174 = EDGE_CURVE ( 'NONE', #4292, #846, #329, .T. ) ;
#2175 = DIRECTION ( 'NONE',  ( -1.239088197126289880E-15, 0.000000000000000000, 1.000000000000000000 ) ) ;
#2176 = ORIENTED_EDGE ( 'NONE', *, *, #4034, .F. ) ;
#2177 = FILL_AREA_STYLE_COLOUR ( '', #2550 ) ;
#2178 = LINE ( 'NONE', #2936, #695 ) ;
#2179 = DIRECTION ( 'NONE',  ( 0.000000000000000000, 0.000000000000000000, 1.000000000000000000 ) ) ;
#2180 = ORIENTED_EDGE ( 'NONE', *, *, #1111, .F. ) ;
#2181 = VECTOR ( 'NONE', #2808, 1000.000000000000000 ) ;
#2182 = AXIS2_PLACEMENT_3D ( 'NONE', #3881, #1211, #961 ) ;
#2183 = CARTESIAN_POINT ( 'NONE',  ( 10.89999999999999147, 2.600000000000000089, -3.000000000000000888 ) ) ;
#2184 = EDGE_CURVE ( 'NONE', #3125, #2819, #1753, .T. ) ;
#2185 = DIRECTION ( 'NONE',  ( 0.000000000000000000, 0.000000000000000000, 1.000000000000000000 ) ) ;
#2186 = VERTEX_POINT ( 'NONE', #1360 ) ;
#2187 = ORIENTED_EDGE ( 'NONE', *, *, #974, .F. ) ;
#2188 = FACE_OUTER_BOUND ( 'NONE', #663, .T. ) ;
#2189 = CARTESIAN_POINT ( 'NONE',  ( 2.530769230769230216, 24.78707656525730130, -2.700000000000000178 ) ) ;
#2190 = ORIENTED_EDGE ( 'NONE', *, *, #2800, .T. ) ;
#2191 = ORIENTED_EDGE ( 'NONE', *, *, #2943, .F. ) ;
#2192 = FACE_OUTER_BOUND ( 'NONE', #3390, .T. ) ;
#2193 = DIRECTION ( 'NONE',  ( 0.000000000000000000, 0.000000000000000000, -1.000000000000000000 ) ) ;
#2194 = CARTESIAN_POINT ( 'NONE',  ( -2.050000000000000266, 3.100000000000000089, -3.149999999999999911 ) ) ;
#2195 = CARTESIAN_POINT ( 'NONE',  ( -2.050000000000000266, 10.90000000000000036, 0.2500000000000000000 ) ) ;
#2196 = ORIENTED_EDGE ( 'NONE', *, *, #473, .T. ) ;
#2197 = CARTESIAN_POINT ( 'NONE',  ( -10.90000000000000036, 3.100000000000000089, -2.500000000000000888 ) ) ;
#2198 = VERTEX_POINT ( 'NONE', #2914 ) ;
#2199 = AXIS2_PLACEMENT_3D ( 'NONE', #3395, #738, #3791 ) ;
#2200 = CARTESIAN_POINT ( 'NONE',  ( 3.878288943335039818, 10.90000000000000036, -1.506590620034810035 ) ) ;
#2201 = LINE ( 'NONE', #3392, #3778 ) ;
#2202 = ORIENTED_EDGE ( 'NONE', *, *, #301, .T. ) ;
#2203 = CIRCLE ( 'NONE', #2848, 1.350000000000000533 ) ;
#2204 = EDGE_CURVE ( 'NONE', #683, #88, #3231, .T. ) ;
#2205 = B_SPLINE_CURVE_WITH_KNOTS ( 'NONE', 3,
 ( #4300, #3659, #4026, #8, #2948, #631, #2628, #1054, #3254, #3302, #2353 ),
 .UNSPECIFIED., .F., .F.,
 ( 4, 1, 1, 1, 1, 1, 1, 1, 4 ),
 ( 0.000000000000000000, 0.08742501092859790435, 0.1852478649797585086, 0.2927383539894214959, 0.4112061016770249822, 0.5412455942323231017, 0.6827809385249519192, 0.8360339502047999805, 1.000000000000000000 ),
 .UNSPECIFIED. ) ;
#2206 = ADVANCED_FACE ( 'NONE', ( #244 ), #2839, .T. ) ;
#2207 = DIRECTION ( 'NONE',  ( 0.000000000000000000, 0.000000000000000000, -1.000000000000000000 ) ) ;
#2209 = ORIENTED_EDGE ( 'NONE', *, *, #1009, .T. ) ;
#2208 = VERTEX_POINT ( 'NONE', #3411 ) ;
#2210 = EDGE_LOOP ( 'NONE', ( #2623, #2564, #3003, #130, #1112, #302, #2472 ) ) ;
#2211 = LINE ( 'NONE', #2316, #3826 ) ;
#2212 = EDGE_LOOP ( 'NONE', ( #3491, #610, #2117, #730 ) ) ;
#2213 = CARTESIAN_POINT ( 'NONE',  ( 3.765554737200915270, 11.09999999999999964, -2.240882783988970228 ) ) ;
#2214 = PLANE ( 'NONE',  #1057 ) ;
#2215 = EDGE_CURVE ( 'NONE', #1076, #3768, #256, .T. ) ;
#2216 = ORIENTED_EDGE ( 'NONE', *, *, #3142, .T. ) ;
#2217 = DIRECTION ( 'NONE',  ( 3.854941057726240267E-15, 0.000000000000000000, 1.000000000000000000 ) ) ;
#2218 = LINE ( 'NONE', #4123, #3581 ) ;
#2219 = DIRECTION ( 'NONE',  ( 0.000000000000000000, 0.000000000000000000, -1.000000000000000000 ) ) ;
#2220 = ORIENTED_EDGE ( 'NONE', *, *, #2128, .T. ) ;
#2221 = PRODUCT_DEFINITION_CONTEXT ( 'detailed design', #1621, 'design' ) ;
#2222 = ORIENTED_EDGE ( 'NONE', *, *, #4222, .F. ) ;
#2223 = FACE_OUTER_BOUND ( 'NONE', #124, .T. ) ;
#2224 = DIRECTION ( 'NONE',  ( 0.000000000000000000, 0.000000000000000000, 1.000000000000000000 ) ) ;
#2225 = EDGE_CURVE ( 'NONE', #3320, #3558, #3211, .T. ) ;
#2226 = CARTESIAN_POINT ( 'NONE',  ( 3.600000000000000089, -8.300000000000000711, 1.495000000000000107 ) ) ;
#2227 = ORIENTED_EDGE ( 'NONE', *, *, #1599, .T. ) ;
#2228 = ORIENTED_EDGE ( 'NONE', *, *, #1729, .F. ) ;
#2229 = CARTESIAN_POINT ( 'NONE',  ( 10.90000000000000036, 2.600000000000000089, -1.650000000000000577 ) ) ;
#2230 = ORIENTED_EDGE ( 'NONE', *, *, #1316, .T. ) ;
#2231 = ORIENTED_EDGE ( 'NONE', *, *, #217, .T. ) ;
#2232 = VECTOR ( 'NONE', #1313, 1000.000000000000000 ) ;
#2233 = CARTESIAN_POINT ( 'NONE',  ( -3.869230769230769695, 11.09999999999999964, 0.6999999999999999556 ) ) ;
#2234 = PLANE ( 'NONE',  #3912 ) ;
#2235 = CARTESIAN_POINT ( 'NONE',  ( 4.000000000000000000, 0.000000000000000000, 1.044999999999999929 ) ) ;
#2236 = EDGE_CURVE ( 'NONE', #1947, #927, #1765, .T. ) ;
#2238 = ORIENTED_EDGE ( 'NONE', *, *, #3567, .T. ) ;
#2237 = ORIENTED_EDGE ( 'NONE', *, *, #3891, .T. ) ;
#2239 = PLANE ( 'NONE',  #3324 ) ;
#2240 = VERTEX_POINT ( 'NONE', #2595 ) ;
#2241 = EDGE_LOOP ( 'NONE', ( #3879, #2277, #2427, #790 ) ) ;
#2242 = VERTEX_POINT ( 'NONE', #3143 ) ;
#2243 = LINE ( 'NONE', #2855, #848 ) ;
#2244 = DIRECTION ( 'NONE',  ( 1.000000000000000000, 0.000000000000000000, 0.000000000000000000 ) ) ;
#2245 = CLOSED_SHELL ( 'NONE', ( #3704, #3864, #3398, #4298, #657, #3477, #52, #1954, #1420, #3521, #785, #3660, #749, #4169, #4073, #2801, #1071, #1451, #1363, #1593, #2725, #359, #2057, #2651, #1830, #2023, #1535, #1794, #2510, #1305, #3871, #581, #2765, #1624, #3899, #2827, #2858, #3830, #1000, #264, #1223, #3265, #4199, #3744, #4241, #4133, #2689, #459, #1852, #2206, #241, #2475, #1113, #1, #1390, #3819, #3007, #398, #975, #832, #1146, #3370, #3614, #3244, #3332, #3294, #700, #141, #2291, #2104, #3071, #3164, #3568, #1192, #1296, #1659, #4144, #1804, #2976, #1985, #2450, #1442, #4108, #1332, #1270, #27, #2334, #2866, #1758, #3781, #1476, #2254, #179, #2381, #2950, #1732, #2414, #2164, #4003, #467, #108, #569, #2154, #2544 ) ) ;
#2246 = EDGE_CURVE ( 'NONE', #189, #3401, #344, .T. ) ;
#2247 = DIRECTION ( 'NONE',  ( 0.000000000000000000, 0.000000000000000000, 1.000000000000000000 ) ) ;
#2248 = EDGE_LOOP ( 'NONE', ( #3239, #2502, #1068, #2512 ) ) ;
#2249 = UNCERTAINTY_MEASURE_WITH_UNIT (LENGTH_MEASURE( 1.000000000000000082E-05 ), #2363, 'distance_accuracy_value', 'NONE');
#2250 = VECTOR ( 'NONE', #1471, 1000.000000000000000 ) ;
#2251 = CARTESIAN_POINT ( 'NONE',  ( 3.865940089664395174, 11.09999999999999964, -1.993302204411799838 ) ) ;
#2252 = CARTESIAN_POINT ( 'NONE',  ( 3.898446693500820182, 10.90000000000000036, -0.9128443052572430272 ) ) ;
#2253 = DIRECTION ( 'NONE',  ( -1.000000000000000000, 0.000000000000000000, 5.421010862427510337E-16 ) ) ;
#2254 = ADVANCED_FACE ( 'NONE', ( #3169 ), #1838, .T. ) ;
#2255 = ORIENTED_EDGE ( 'NONE', *, *, #145, .T. ) ;
#2256 = ORIENTED_EDGE ( 'NONE', *, *, #4268, .T. ) ;
#2257 = AXIS2_PLACEMENT_3D ( 'NONE', #2098, #3092, #2494 ) ;
#2258 = CARTESIAN_POINT ( 'NONE',  ( 2.530769230769230216, 10.90000000000000036, -2.700000000000000178 ) ) ;
#2259 = ORIENTED_EDGE ( 'NONE', *, *, #3120, .F. ) ;
#2260 = VECTOR ( 'NONE', #2474, 1000.000000000000000 ) ;
#2261 = CARTESIAN_POINT ( 'NONE',  ( 3.375000000000000000, 11.09999999999999964, 2.600000000000000089 ) ) ;
#2262 = CARTESIAN_POINT ( 'NONE',  ( -10.89999999999999147, 3.100000000000000089, 2.999999999999999112 ) ) ;
#2263 = ORIENTED_EDGE ( 'NONE', *, *, #2476, .F. ) ;
#2264 = CARTESIAN_POINT ( 'NONE',  ( 3.595612592157414689, 10.90000000000000036, -2.663916927991400119 ) ) ;
#2265 = ORIENTED_EDGE ( 'NONE', *, *, #2912, .T. ) ;
#2266 = LINE ( 'NONE', #3889, #3911 ) ;
#2267 = CARTESIAN_POINT ( 'NONE',  ( -12.25000000000000000, 2.600000000000000089, -1.649999999999990807 ) ) ;
#2268 = AXIS2_PLACEMENT_3D ( 'NONE', #1419, #800, #1641 ) ;
#2270 = ORIENTED_EDGE ( 'NONE', *, *, #1602, .F. ) ;
#2269 = ORIENTED_EDGE ( 'NONE', *, *, #3287, .F. ) ;
#2271 = DIRECTION ( 'NONE',  ( -0.000000000000000000, 1.000000000000000000, -0.000000000000000000 ) ) ;
#2272 = EDGE_CURVE ( 'NONE', #591, #157, #3177, .T. ) ;
#2273 = CARTESIAN_POINT ( 'NONE',  ( 3.780247165281270139, 10.90000000000000036, -1.184271728614434194 ) ) ;
#2274 = ORIENTED_EDGE ( 'NONE', *, *, #230, .T. ) ;
#2275 = EDGE_LOOP ( 'NONE', ( #3132, #2955, #1499, #3056 ) ) ;
#2276 = LINE ( 'NONE', #486, #3845 ) ;
#2277 = ORIENTED_EDGE ( 'NONE', *, *, #3580, .T. ) ;
#2278 = CARTESIAN_POINT ( 'NONE',  ( 3.840678656782090084, 10.90000000000000036, -1.328830244128765825 ) ) ;
#2279 = VERTEX_POINT ( 'NONE', #1790 ) ;
#2280 = EDGE_LOOP ( 'NONE', ( #3823, #3331, #2554, #4113 ) ) ;
#2281 = VECTOR ( 'NONE', #2039, 1000.000000000000000 ) ;
#2282 = DIRECTION ( 'NONE',  ( 0.000000000000000000, 0.000000000000000000, -1.000000000000000000 ) ) ;
#2283 = CARTESIAN_POINT ( 'NONE',  ( -3.600000000000000089, -8.300000000000000711, -1.495000000000000107 ) ) ;
#2284 = ORIENTED_EDGE ( 'NONE', *, *, #2565, .T. ) ;
#2285 = CARTESIAN_POINT ( 'NONE',  ( 12.25000000000000000, 3.100000000000000089, -1.649999999999990807 ) ) ;
#2286 = DIRECTION ( 'NONE',  ( 1.000000000000000000, 0.000000000000000000, 0.000000000000000000 ) ) ;
#2287 = CARTESIAN_POINT ( 'NONE',  ( 4.112809654072365539, 10.90000000000000036, -2.133340274862340014 ) ) ;
#2288 = EDGE_CURVE ( 'NONE', #203, #2707, #278, .T. ) ;
#2289 = EDGE_LOOP ( 'NONE', ( #3487, #1443, #565, #4262 ) ) ;
#2290 = LINE ( 'NONE', #1449, #3713 ) ;
#2291 = ADVANCED_FACE ( 'NONE', ( #3101 ), #4254, .F. ) ;
#2292 = CARTESIAN_POINT ( 'NONE',  ( 3.568028846153844746, 11.09999999999999964, -2.671153846153844658 ) ) ;
#2293 = SURFACE_SIDE_STYLE ('',( #970 ) ) ;
#2294 = ORIENTED_EDGE ( 'NONE', *, *, #1173, .T. ) ;
#2295 = CARTESIAN_POINT ( 'NONE',  ( 4.024790217835584549, 11.09999999999999964, -2.331873995308380021 ) ) ;
#2296 = ORIENTED_EDGE ( 'NONE', *, *, #4222, .T. ) ;
#2297 = CARTESIAN_POINT ( 'NONE',  ( 0.000000000000000000, -8.300000000000000711, 0.000000000000000000 ) ) ;
#2298 = VECTOR ( 'NONE', #1592, 1000.000000000000000 ) ;
#2299 = EDGE_CURVE ( 'NONE', #157, #1739, #221, .T. ) ;
#2300 = VECTOR ( 'NONE', #2809, 1000.000000000000000 ) ;
#2301 = CARTESIAN_POINT ( 'NONE',  ( 2.812820512820514818, 24.78707656525730130, -0.9307692307692310152 ) ) ;
#2302 = CARTESIAN_POINT ( 'NONE',  ( -2.050000000000000266, 7.100000000000000533, 0.2500000000000000000 ) ) ;
#2303 = EDGE_LOOP ( 'NONE', ( #708, #838, #2269, #899 ) ) ;
#2304 = ORIENTED_EDGE ( 'NONE', *, *, #3126, .F. ) ;
#2305 = DIRECTION ( 'NONE',  ( 0.000000000000000000, 1.000000000000000000, 0.000000000000000000 ) ) ;
#2306 =( LENGTH_UNIT ( ) NAMED_UNIT ( * ) SI_UNIT ( .MILLI., .METRE. ) );
#2307 = ORIENTED_EDGE ( 'NONE', *, *, #1577, .T. ) ;
#2308 = VECTOR ( 'NONE', #4265, 1000.000000000000000 ) ;
#2309 = CIRCLE ( 'NONE', #4310, 0.8500000000000005329 ) ;
#2310 = CARTESIAN_POINT ( 'NONE',  ( -4.950000000000000178, 10.90000000000000036, -3.149999999999999911 ) ) ;
#2311 = VERTEX_POINT ( 'NONE', #2902 ) ;
#2312 = DIRECTION ( 'NONE',  ( -1.000000000000000000, 0.000000000000000000, 0.000000000000000000 ) ) ;
#2313 = LINE ( 'NONE', #1339, #2232 ) ;
#2314 = LINE ( 'NONE', #1467, #3689 ) ;
#2315 = CARTESIAN_POINT ( 'NONE',  ( -2.050000000000000266, 3.100000000000000089, 3.149999999999999911 ) ) ;
#2316 = CARTESIAN_POINT ( 'NONE',  ( -3.375000000000000000, 11.09999999999999964, -0.8000000000000000444 ) ) ;
#2317 = ORIENTED_EDGE ( 'NONE', *, *, #997, .F. ) ;
#2318 = DIRECTION ( 'NONE',  ( -1.000000000000000000, 0.000000000000000000, 0.000000000000000000 ) ) ;
#2319 = AXIS2_PLACEMENT_3D ( 'NONE', #1221, #1520, #3240 ) ;
#2320 = DIRECTION ( 'NONE',  ( -0.000000000000000000, 1.000000000000000000, 0.000000000000000000 ) ) ;
#2321 = CARTESIAN_POINT ( 'NONE',  ( -4.000000000000000000, -7.799999999999999822, -1.495000000000000107 ) ) ;
#2322 = ORIENTED_EDGE ( 'NONE', *, *, #3928, .T. ) ;
#2323 = FACE_OUTER_BOUND ( 'NONE', #3903, .T. ) ;
#2324 = VECTOR ( 'NONE', #816, 1000.000000000000000 ) ;
#2325 = CARTESIAN_POINT ( 'NONE',  ( 3.694040606428655060, 10.90000000000000036, -0.7745657103940020161 ) ) ;
#2327 = ORIENTED_EDGE ( 'NONE', *, *, #3509, .T. ) ;
#2326 = ORIENTED_EDGE ( 'NONE', *, *, #473, .F. ) ;
#2328 = DIRECTION ( 'NONE',  ( 0.000000000000000000, 1.000000000000000000, 0.000000000000000000 ) ) ;
#2329 = AXIS2_PLACEMENT_3D ( 'NONE', #3610, #2271, #2917 ) ;
#2330 = VERTEX_POINT ( 'NONE', #1503 ) ;
#2331 = LINE ( 'NONE', #2195, #3776 ) ;
#2332 = LINE ( 'NONE', #2032, #3644 ) ;
#2333 = EDGE_CURVE ( 'NONE', #430, #3514, #1733, .T. ) ;
#2334 = ADVANCED_FACE ( 'NONE', ( #226, #1668, #3140 ), #3167, .F. ) ;
#2335 = ORIENTED_EDGE ( 'NONE', *, *, #3774, .F. ) ;
#2336 = PLANE ( 'NONE',  #3979 ) ;
#2337 = EDGE_LOOP ( 'NONE', ( #753, #2392, #3707, #328 ) ) ;
#2338 = EDGE_LOOP ( 'NONE', ( #1198, #3384, #1945, #1230, #498, #1835, #2020, #4135, #1378 ) ) ;
#2339 = FACE_OUTER_BOUND ( 'NONE', #2212, .T. ) ;
#2340 = LINE ( 'NONE', #1773, #2300 ) ;
#2341 = EDGE_CURVE ( 'NONE', #2059, #3309, #304, .T. ) ;
#2342 = CARTESIAN_POINT ( 'NONE',  ( 3.312009685268634929, 10.90000000000000036, -0.9320705310053479797 ) ) ;
#2344 = ORIENTED_EDGE ( 'NONE', *, *, #1453, .T. ) ;
#2343 = ORIENTED_EDGE ( 'NONE', *, *, #1829, .F. ) ;
#2345 = CARTESIAN_POINT ( 'NONE',  ( -1.550000000000000044, 10.90000000000000036, 0.2500000000000000000 ) ) ;
#2346 = DIRECTION ( 'NONE',  ( 0.000000000000000000, -1.000000000000000000, 0.000000000000000000 ) ) ;
#2347 = ORIENTED_EDGE ( 'NONE', *, *, #427, .T. ) ;
#2348 = DIRECTION ( 'NONE',  ( -1.000000000000000000, 0.000000000000000000, 5.421010862427510337E-16 ) ) ;
#2349 = VERTEX_POINT ( 'NONE', #2169 ) ;
#2350 = LINE ( 'NONE', #414, #3814 ) ;
#2351 = CIRCLE ( 'NONE', #2268, 1.349999999999999867 ) ;
#2352 = DIRECTION ( 'NONE',  ( -0.000000000000000000, 1.000000000000000000, 0.000000000000000000 ) ) ;
#2353 = CARTESIAN_POINT ( 'NONE',  ( 3.218269230769230216, 11.09999999999999964, -2.469230769230769784 ) ) ;
#2354 = EDGE_CURVE ( 'NONE', #2433, #3334, #290, .T. ) ;
#2355 = EDGE_LOOP ( 'NONE', ( #2237, #1885, #587, #936 ) ) ;
#2356 = CARTESIAN_POINT ( 'NONE',  ( -2.050000000000000266, -7.516648189186459383, 3.149999999999999911 ) ) ;
#2357 = CARTESIAN_POINT ( 'NONE',  ( 3.932961983091990188, 10.90000000000000036, -2.456875088399584683 ) ) ;
#2358 = ORIENTED_EDGE ( 'NONE', *, *, #2434, .T. ) ;
#2359 = VERTEX_POINT ( 'NONE', #3929 ) ;
#2360 = VECTOR ( 'NONE', #3242, 1000.000000000000000 ) ;
#2361 = LINE ( 'NONE', #1397, #897 ) ;
#2362 = CARTESIAN_POINT ( 'NONE',  ( -1.550000000000000044, 10.90000000000000036, -2.649999999999999911 ) ) ;
#2363 =( LENGTH_UNIT ( ) NAMED_UNIT ( * ) SI_UNIT ( .MILLI., .METRE. ) );
#2365 = ORIENTED_EDGE ( 'NONE', *, *, #1100, .F. ) ;
#2364 = VERTEX_POINT ( 'NONE', #1169 ) ;
#2366 = SURFACE_STYLE_FILL_AREA ( #1965 ) ;
#2367 = CARTESIAN_POINT ( 'NONE',  ( 2.299999999999999822, 11.09999999999999964, 1.525000000000000133 ) ) ;
#2368 = EDGE_CURVE ( 'NONE', #920, #1569, #3127, .T. ) ;
#2369 = ORIENTED_EDGE ( 'NONE', *, *, #1100, .T. ) ;
#2370 = ORIENTED_EDGE ( 'NONE', *, *, #1224, .F. ) ;
#2371 = LINE ( 'NONE', #3518, #996 ) ;
#2372 = VECTOR ( 'NONE', #3361, 1000.000000000000000 ) ;
#2373 = ORIENTED_EDGE ( 'NONE', *, *, #2246, .T. ) ;
#2374 = CARTESIAN_POINT ( 'NONE',  ( 4.094239300777680057, 10.90000000000000036, -2.186235798088039584 ) ) ;
#2375 = AXIS2_PLACEMENT_3D ( 'NONE', #3702, #3257, #4305 ) ;
#2376 = VERTEX_POINT ( 'NONE', #3441 ) ;
#2377 = ORIENTED_EDGE ( 'NONE', *, *, #2969, .F. ) ;
#2378 = AXIS2_PLACEMENT_3D ( 'NONE', #1410, #2515, #1205 ) ;
#2379 = LINE ( 'NONE', #2816, #3753 ) ;
#2380 = CIRCLE ( 'NONE', #2596, 1.350000000000000533 ) ;
#2381 = ADVANCED_FACE ( 'NONE', ( #1738 ), #297, .F. ) ;
#2382 = PLANE ( 'NONE',  #859 ) ;
#2383 = AXIS2_PLACEMENT_3D ( 'NONE', #516, #1130, #2841 ) ;
#2384 = CARTESIAN_POINT ( 'NONE',  ( 3.878288943335039818, 10.90000000000000036, -1.506590620034810035 ) ) ;
#2385 = ORIENTED_EDGE ( 'NONE', *, *, #4313, .F. ) ;
#2386 = VECTOR ( 'NONE', #1509, 1000.000000000000000 ) ;
#2387 = VECTOR ( 'NONE', #126, 1000.000000000000000 ) ;
#2388 = CARTESIAN_POINT ( 'NONE',  ( 3.225080128205130237, 10.90000000000000036, -0.9307692307692310152 ) ) ;
#2389 = EDGE_CURVE ( 'NONE', #4142, #3125, #3134, .T. ) ;
#2390 = CARTESIAN_POINT ( 'NONE',  ( 4.161613426813869587, 10.90000000000000036, -1.902782837035589925 ) ) ;
#2391 = AXIS2_PLACEMENT_3D ( 'NONE', #924, #3963, #4272 ) ;
#2392 = ORIENTED_EDGE ( 'NONE', *, *, #1261, .T. ) ;
#2393 = EDGE_CURVE ( 'NONE', #1548, #858, #3145, .T. ) ;
#2394 = CARTESIAN_POINT ( 'NONE',  ( 3.803558654875299538, 11.09999999999999964, -0.8331766423787499987 ) ) ;
#2395 = CARTESIAN_POINT ( 'NONE',  ( 3.871758280727899848, 11.09999999999999964, -2.516828276509429863 ) ) ;
#2396 = VERTEX_POINT ( 'NONE', #1948 ) ;
#2397 = FACE_OUTER_BOUND ( 'NONE', #1873, .T. ) ;
#2398 = VECTOR ( 'NONE', #1304, 1000.000000000000000 ) ;
#2399 = DIRECTION ( 'NONE',  ( 1.000000000000000000, 0.000000000000000000, 0.000000000000000000 ) ) ;
#2400 = CARTESIAN_POINT ( 'NONE',  ( 3.024999999999999911, 10.90000000000000036, 1.875000000000000000 ) ) ;
#2401 = EDGE_CURVE ( 'NONE', #3086, #1897, #3153, .T. ) ;
#2402 = CARTESIAN_POINT ( 'NONE',  ( 3.876406785409835187, 11.09999999999999964, -1.930197961723175037 ) ) ;
#2403 = CARTESIAN_POINT ( 'NONE',  ( 3.247115384615384848, 10.90000000000000036, -0.6999999999999999556 ) ) ;
#2404 = B_SPLINE_CURVE_WITH_KNOTS ( 'NONE', 3,
 ( #1559, #3256, #1376, #3304, #1005, #4028, #3667, #2632, #3628, #3997, #960, #3935, #632, #2394, #1632, #3278, #3968, #3593, #2998, #932, #1299, #4279, #2952 ),
 .UNSPECIFIED., .F., .F.,
 ( 4, 1, 1, 1, 1, 1, 1, 1, 1, 1, 1, 1, 1, 1, 1, 1, 1, 1, 1, 1, 4 ),
 ( 0.000000000000000000, 0.07053769134858839385, 0.1372646867459542119, 0.2004717800514644876, 0.2605726507386385005, 0.3172033328322664825, 0.3700059665960385158, 0.4198240769487199819, 0.4662405666681539995, 0.5101335732312349824, 0.5520810507302990056, 0.5918629642582050598, 0.6303363934104360133, 0.6687155633051180548, 0.7087060924827750519, 0.7508955766676820298, 0.7952853503774169885, 0.8419800983167449182, 0.8917647923814719935, 0.9442941902680850319, 1.000000000000000000 ),
 .UNSPECIFIED. ) ;
#2405 = CARTESIAN_POINT ( 'NONE',  ( 3.375000000000000000, 10.90000000000000036, 2.600000000000000089 ) ) ;
#2406 = EDGE_CURVE ( 'NONE', #2376, #2637, #1705, .T. ) ;
#2407 = LINE ( 'NONE', #3078, #3875 ) ;
#2408 = DIRECTION ( 'NONE',  ( 0.000000000000000000, 1.000000000000000000, 0.000000000000000000 ) ) ;
#2409 = DIRECTION ( 'NONE',  ( -1.000000000000000000, 0.000000000000000000, 0.000000000000000000 ) ) ;
#2410 = EDGE_CURVE ( 'NONE', #3615, #2198, #1805, .T. ) ;
#2411 = VECTOR ( 'NONE', #1321, 1000.000000000000000 ) ;
#2412 = CARTESIAN_POINT ( 'NONE',  ( 3.499240873925709927, 10.90000000000000036, -2.684441503409919605 ) ) ;
#2413 = CARTESIAN_POINT ( 'NONE',  ( 4.171140033972500660, 10.90000000000000036, -1.776302160787450068 ) ) ;
#2414 = ADVANCED_FACE ( 'NONE', ( #1888 ), #3263, .T. ) ;
#2415 = DIRECTION ( 'NONE',  ( 0.000000000000000000, 1.000000000000000000, 0.000000000000000000 ) ) ;
#2416 = CARTESIAN_POINT ( 'NONE',  ( -4.100000000000000533, 10.90000000000000036, -1.525000000000000133 ) ) ;
#2417 = ORIENTED_EDGE ( 'NONE', *, *, #1795, .F. ) ;
#2418 = CARTESIAN_POINT ( 'NONE',  ( -2.458974358974360008, 11.09999999999999964, 0.9307692307692310152 ) ) ;
#2419 = PLANE ( 'NONE',  #382 ) ;
#2420 = VECTOR ( 'NONE', #3666, 1000.000000000000000 ) ;
#2421 = ORIENTED_EDGE ( 'NONE', *, *, #2789, .T. ) ;
#2422 = DIRECTION ( 'NONE',  ( -0.000000000000000000, 1.000000000000000000, 0.000000000000000000 ) ) ;
#2423 = CARTESIAN_POINT ( 'NONE',  ( -2.535897435897434882, 24.78707656525730130, 1.776923076923075051 ) ) ;
#2424 = EDGE_CURVE ( 'NONE', #1995, #3376, #3315, .T. ) ;
#2425 = CARTESIAN_POINT ( 'NONE',  ( 3.024999999999999911, 10.90000000000000036, 1.875000000000000000 ) ) ;
#2426 = DIRECTION ( 'NONE',  ( 1.000000000000000000, 0.000000000000000000, 0.000000000000000000 ) ) ;
#2427 = ORIENTED_EDGE ( 'NONE', *, *, #2920, .T. ) ;
#2428 = DIRECTION ( 'NONE',  ( 0.000000000000000000, 0.000000000000000000, -1.000000000000000000 ) ) ;
#2429 = DIRECTION ( 'NONE',  ( -1.000000000000000000, 0.000000000000000000, 0.000000000000000000 ) ) ;
#2430 = CARTESIAN_POINT ( 'NONE',  ( 4.100000000000000533, 10.90000000000000036, 1.875000000000000000 ) ) ;
#2431 = EDGE_LOOP ( 'NONE', ( #3255, #2326, #3474, #701 ) ) ;
#2432 = AXIS2_PLACEMENT_3D ( 'NONE', #1899, #1091, #3365 ) ;
#2433 = VERTEX_POINT ( 'NONE', #1393 ) ;
#2434 = EDGE_CURVE ( 'NONE', #3393, #1089, #3329, .T. ) ;
#2435 = PLANE ( 'NONE',  #151 ) ;
#2436 = FACE_OUTER_BOUND ( 'NONE', #1791, .T. ) ;
#2437 = ORIENTED_EDGE ( 'NONE', *, *, #145, .F. ) ;
#2438 = CARTESIAN_POINT ( 'NONE',  ( 2.050000000000000266, 7.100000000000000533, 0.2500000000000000000 ) ) ;
#2439 = CARTESIAN_POINT ( 'NONE',  ( 10.89999999999999147, 2.600000000000000089, 2.999999999999999112 ) ) ;
#2440 =( GEOMETRIC_REPRESENTATION_CONTEXT ( 3 ) GLOBAL_UNCERTAINTY_ASSIGNED_CONTEXT ( ( #2249 ) ) GLOBAL_UNIT_ASSIGNED_CONTEXT ( ( #2363, #36, #4089 ) ) REPRESENTATION_CONTEXT ( 'NONE', 'WORKASPACE' ) );
#2441 = LINE ( 'NONE', #3343, #3861 ) ;
#2442 = CARTESIAN_POINT ( 'NONE',  ( 3.233360217782009549, 11.09999999999999964, -2.699915535310169812 ) ) ;
#2443 = CARTESIAN_POINT ( 'NONE',  ( 3.889743589743590135, 10.90000000000000036, -1.715224358974360097 ) ) ;
#2444 = CARTESIAN_POINT ( 'NONE',  ( 3.024999999999999911, 11.09999999999999964, 0.8000000000000000444 ) ) ;
#2445 = ORIENTED_EDGE ( 'NONE', *, *, #1046, .F. ) ;
#2446 = CARTESIAN_POINT ( 'NONE',  ( 4.100000000000000533, 11.09999999999999964, 1.525000000000000133 ) ) ;
#2447 = CARTESIAN_POINT ( 'NONE',  ( -4.100000000000000533, 11.09999999999999964, -1.525000000000000133 ) ) ;
#2448 = DIRECTION ( 'NONE',  ( 0.000000000000000000, 1.000000000000000000, 0.000000000000000000 ) ) ;
#2449 = FACE_OUTER_BOUND ( 'NONE', #3493, .T. ) ;
#2450 = ADVANCED_FACE ( 'NONE', ( #1913 ), #2991, .F. ) ;
#2451 = EDGE_CURVE ( 'NONE', #3320, #928, #386, .T. ) ;
#2452 = CARTESIAN_POINT ( 'NONE',  ( 3.803558654875299538, 11.09999999999999964, -0.8331766423787499987 ) ) ;
#2453 = DIRECTION ( 'NONE',  ( 0.000000000000000000, -1.000000000000000000, 0.000000000000000000 ) ) ;
#2454 = ORIENTED_EDGE ( 'NONE', *, *, #2927, .T. ) ;
#2455 = CARTESIAN_POINT ( 'NONE',  ( 3.876406785409835187, 10.90000000000000036, -1.930197961723175037 ) ) ;
#2456 = CIRCLE ( 'NONE', #2546, 0.5000000000000000000 ) ;
#2457 = ORIENTED_EDGE ( 'NONE', *, *, #2147, .F. ) ;
#2458 = EDGE_CURVE ( 'NONE', #928, #1611, #1881, .T. ) ;
#2459 = ORIENTED_EDGE ( 'NONE', *, *, #1818, .T. ) ;
#2460 = CARTESIAN_POINT ( 'NONE',  ( 2.530769230769230216, 10.90000000000000036, -0.6999999999999999556 ) ) ;
#2461 = CARTESIAN_POINT ( 'NONE',  ( -5.950000000000000178, 9.900000000000000355, 3.149999999999999911 ) ) ;
#2462 = FACE_OUTER_BOUND ( 'NONE', #775, .T. ) ;
#2463 = VECTOR ( 'NONE', #4208, 1000.000000000000000 ) ;
#2464 = CARTESIAN_POINT ( 'NONE',  ( 2.812820512820514818, 10.90000000000000036, -0.9307692307692310152 ) ) ;
#2465 = CARTESIAN_POINT ( 'NONE',  ( 3.697435897435895402, 11.09999999999999964, -1.072195512820512064 ) ) ;
#2466 = EDGE_CURVE ( 'NONE', #1623, #2364, #483, .T. ) ;
#2467 = LINE ( 'NONE', #152, #2387 ) ;
#2468 = CARTESIAN_POINT ( 'NONE',  ( 3.534926834352094982, 11.09999999999999964, -2.678473068307235305 ) ) ;
#2469 = CARTESIAN_POINT ( 'NONE',  ( -2.407692307692309797, 11.09999999999999964, 2.700000000000000178 ) ) ;
#2470 = FACE_OUTER_BOUND ( 'NONE', #3272, .T. ) ;
#2471 = CARTESIAN_POINT ( 'NONE',  ( 1.550000000000000044, 10.90000000000000036, -2.649999999999999911 ) ) ;
#2472 = ORIENTED_EDGE ( 'NONE', *, *, #42, .F. ) ;
#2473 = DIRECTION ( 'NONE',  ( 1.000000000000000000, 0.000000000000000000, 3.097720492815730124E-16 ) ) ;
#2474 = DIRECTION ( 'NONE',  ( 1.000000000000000000, 0.000000000000000000, 0.000000000000000000 ) ) ;
#2475 = ADVANCED_FACE ( 'NONE', ( #431 ), #1578, .T. ) ;
#2476 = EDGE_CURVE ( 'NONE', #3503, #1657, #392, .T. ) ;
#2477 = LINE ( 'NONE', #1218, #985 ) ;
#2478 = VECTOR ( 'NONE', #3868, 1000.000000000000000 ) ;
#2479 = ORIENTED_EDGE ( 'NONE', *, *, #1530, .T. ) ;
#2480 = FILL_AREA_STYLE ('',( #826 ) ) ;
#2481 = VERTEX_POINT ( 'NONE', #45 ) ;
#2482 = AXIS2_PLACEMENT_3D ( 'NONE', #967, #200, #1312 ) ;
#2483 = LINE ( 'NONE', #849, #2490 ) ;
#2484 = DIRECTION ( 'NONE',  ( 0.000000000000000000, 1.000000000000000000, 0.000000000000000000 ) ) ;
#2485 = LINE ( 'NONE', #2115, #1138 ) ;
#2486 = ORIENTED_EDGE ( 'NONE', *, *, #2236, .F. ) ;
#2487 = VERTEX_POINT ( 'NONE', #1025 ) ;
#2488 = DIRECTION ( 'NONE',  ( -1.000000000000000000, 0.000000000000000000, -1.752245935330111879E-16 ) ) ;
#2489 = EDGE_CURVE ( 'NONE', #3064, #3075, #2709, .T. ) ;
#2490 = VECTOR ( 'NONE', #1803, 1000.000000000000000 ) ;
#2491 = VECTOR ( 'NONE', #4311, 1000.000000000000000 ) ;
#2492 = EDGE_LOOP ( 'NONE', ( #823, #3280, #453, #506 ) ) ;
#2493 = CARTESIAN_POINT ( 'NONE',  ( 3.697435897435895402, 10.90000000000000036, -1.072195512820512064 ) ) ;
#2494 = DIRECTION ( 'NONE',  ( 0.000000000000000000, -1.000000000000000000, 0.000000000000000000 ) ) ;
#2495 = ORIENTED_EDGE ( 'NONE', *, *, #1269, .F. ) ;
#2496 = DIRECTION ( 'NONE',  ( 0.000000000000000000, 0.000000000000000000, -1.000000000000000000 ) ) ;
#2497 = EDGE_CURVE ( 'NONE', #1897, #1345, #1831, .T. ) ;
#2498 = CARTESIAN_POINT ( 'NONE',  ( 3.269689446589605364, 11.09999999999999964, -2.699751413951199996 ) ) ;
#2499 = DIRECTION ( 'NONE',  ( 1.000000000000000000, 0.000000000000000000, 0.000000000000000000 ) ) ;
#2500 = DIRECTION ( 'NONE',  ( 1.000000000000000000, 0.000000000000000000, 0.000000000000000000 ) ) ;
#2501 = LINE ( 'NONE', #2906, #1074 ) ;
#2502 = ORIENTED_EDGE ( 'NONE', *, *, #844, .T. ) ;
#2503 = DIRECTION ( 'NONE',  ( 0.000000000000000000, 0.000000000000000000, -1.000000000000000000 ) ) ;
#2504 = CARTESIAN_POINT ( 'NONE',  ( 2.812820512820514818, 11.09999999999999964, -2.469230769230769784 ) ) ;
#2505 = CARTESIAN_POINT ( 'NONE',  ( 2.050000000000000266, 10.90000000000000036, 0.2500000000000000000 ) ) ;
#2506 = CARTESIAN_POINT ( 'NONE',  ( 11.75000000000000000, 2.600000000000000089, 1.649999999999989475 ) ) ;
#2507 = FACE_OUTER_BOUND ( 'NONE', #3139, .T. ) ;
#2508 = ORIENTED_EDGE ( 'NONE', *, *, #2599, .F. ) ;
#2509 = CARTESIAN_POINT ( 'NONE',  ( -2.050000000000000266, 7.100000000000000533, -0.2500000000000000000 ) ) ;
#2510 = ADVANCED_FACE ( 'NONE', ( #470 ), #1996, .F. ) ;
#2511 = CARTESIAN_POINT ( 'NONE',  ( -3.600000000000000089, 0.000000000000000000, -1.495000000000000107 ) ) ;
#2512 = ORIENTED_EDGE ( 'NONE', *, *, #2489, .F. ) ;
#2513 = DIRECTION ( 'NONE',  ( 0.000000000000000000, 0.000000000000000000, -1.000000000000000000 ) ) ;
#2514 = ORIENTED_EDGE ( 'NONE', *, *, #2, .F. ) ;
#2515 = DIRECTION ( 'NONE',  ( 0.000000000000000000, 0.000000000000000000, 1.000000000000000000 ) ) ;
#2516 = LINE ( 'NONE', #1097, #3986 ) ;
#2517 = EDGE_CURVE ( 'NONE', #2150, #3334, #1836, .T. ) ;
#2518 = PRESENTATION_STYLE_ASSIGNMENT (( #3063 ) ) ;
#2519 = CARTESIAN_POINT ( 'NONE',  ( 3.840678656782090084, 11.09999999999999964, -1.328830244128765825 ) ) ;
#2520 = ORIENTED_EDGE ( 'NONE', *, *, #4129, .T. ) ;
#2521 = VECTOR ( 'NONE', #239, 1000.000000000000114 ) ;
#2522 = ORIENTED_EDGE ( 'NONE', *, *, #1777, .T. ) ;
#2523 = CARTESIAN_POINT ( 'NONE',  ( -3.869230769230769695, 11.09999999999999964, 2.700000000000000178 ) ) ;
#2524 = CIRCLE ( 'NONE', #4172, 0.5000000000000000000 ) ;
#2525 = DIRECTION ( 'NONE',  ( 0.000000000000000000, 1.000000000000000000, 0.000000000000000000 ) ) ;
#2526 = EDGE_LOOP ( 'NONE', ( #3522, #3533, #3243, #3478, #1889, #1683, #3109, #2049, #575, #3187 ) ) ;
#2527 = AXIS2_PLACEMENT_3D ( 'NONE', #2697, #4308, #55 ) ;
#2528 = CARTESIAN_POINT ( 'NONE',  ( 10.89999999999999147, 2.600000000000000089, 2.499999999999999112 ) ) ;
#2529 = VERTEX_POINT ( 'NONE', #3620 ) ;
#2530 = FACE_BOUND ( 'NONE', #2210, .T. ) ;
#2531 = CARTESIAN_POINT ( 'NONE',  ( 5.950000000000000178, 0.000000000000000000, 3.149999999999999911 ) ) ;
#2532 = AXIS2_PLACEMENT_3D ( 'NONE', #3429, #909, #1751 ) ;
#2533 = CARTESIAN_POINT ( 'NONE',  ( 3.218269230769230216, 24.78707656525730130, -2.469230769230769784 ) ) ;
#2534 = ORIENTED_EDGE ( 'NONE', *, *, #4281, .F. ) ;
#2535 = EDGE_LOOP ( 'NONE', ( #4086, #455, #2522, #2548 ) ) ;
#2536 = EDGE_CURVE ( 'NONE', #2487, #3033, #3354, .T. ) ;
#2537 = AXIS2_PLACEMENT_3D ( 'NONE', #1563, #3973, #447 ) ;
#2538 = VECTOR ( 'NONE', #2253, 1000.000000000000000 ) ;
#2539 = DIRECTION ( 'NONE',  ( 0.000000000000000000, 0.000000000000000000, 1.000000000000000000 ) ) ;
#2540 = CARTESIAN_POINT ( 'NONE',  ( 3.024999999999999911, 24.78707656525730130, 1.875000000000000000 ) ) ;
#2541 = ORIENTED_EDGE ( 'NONE', *, *, #836, .T. ) ;
#2542 = CARTESIAN_POINT ( 'NONE',  ( -4.000000000000000000, -7.799999999999999822, 1.044999999999999929 ) ) ;
#2543 = PLANE ( 'NONE',  #614 ) ;
#2544 = ADVANCED_FACE ( 'NONE', ( #411 ), #1826, .T. ) ;
#2545 = DIRECTION ( 'NONE',  ( 0.000000000000000000, 0.000000000000000000, -1.000000000000000000 ) ) ;
#2546 = AXIS2_PLACEMENT_3D ( 'NONE', #1215, #3975, #2185 ) ;
#2547 = LINE ( 'NONE', #48, #1099 ) ;
#2548 = ORIENTED_EDGE ( 'NONE', *, *, #2771, .F. ) ;
#2549 = CARTESIAN_POINT ( 'NONE',  ( -10.89999999999999147, 2.600000000000000089, 2.999999999999999112 ) ) ;
#2550 = COLOUR_RGB ( '',0.7921568627450980005, 0.8196078431372548767, 0.9333333333333333481 ) ;
#2551 = CARTESIAN_POINT ( 'NONE',  ( 3.697435897435895402, 11.09999999999999964, -1.072195512820512064 ) ) ;
#2552 = CARTESIAN_POINT ( 'NONE',  ( 2.050000000000000266, 10.90000000000000036, 3.149999999999999911 ) ) ;
#2553 = FACE_OUTER_BOUND ( 'NONE', #1628, .T. ) ;
#2554 = ORIENTED_EDGE ( 'NONE', *, *, #1016, .F. ) ;
#2555 = EDGE_CURVE ( 'NONE', #2751, #557, #370, .T. ) ;
#2556 = DIRECTION ( 'NONE',  ( 0.000000000000000000, 0.000000000000000000, 1.000000000000000000 ) ) ;
#2557 = ORIENTED_EDGE ( 'NONE', *, *, #711, .F. ) ;
#2558 = CARTESIAN_POINT ( 'NONE',  ( -1.550000000000000044, -7.516648189186459383, 0.2500000000000000000 ) ) ;
#2559 = DIRECTION ( 'NONE',  ( 1.000000000000000000, 0.000000000000000000, 0.000000000000000000 ) ) ;
#2560 = VECTOR ( 'NONE', #3362, 1000.000000000000000 ) ;
#2561 = LINE ( 'NONE', #4140, #1017 ) ;
#2562 = CARTESIAN_POINT ( 'NONE',  ( -4.000000000000000000, -7.799999999999999822, -1.495000000000000107 ) ) ;
#2563 = CARTESIAN_POINT ( 'NONE',  ( 3.888127524333389928, 11.09999999999999964, -1.608041557511499908 ) ) ;
#2565 = EDGE_CURVE ( 'NONE', #463, #3125, #2157, .T. ) ;
#2564 = ORIENTED_EDGE ( 'NONE', *, *, #3755, .F. ) ;
#2566 = LINE ( 'NONE', #2444, #1124 ) ;
#2567 = DIRECTION ( 'NONE',  ( 0.000000000000000000, 0.000000000000000000, 1.000000000000000000 ) ) ;
#2568 = ORIENTED_EDGE ( 'NONE', *, *, #458, .T. ) ;
#2569 = CARTESIAN_POINT ( 'NONE',  ( -3.869230769230769695, 24.78707656525730130, 0.6999999999999999556 ) ) ;
#2570 = CARTESIAN_POINT ( 'NONE',  ( 4.143873796072824689, 10.90000000000000036, -1.399625478182308091 ) ) ;
#2571 = DIRECTION ( 'NONE',  ( 0.000000000000000000, -1.000000000000000000, 0.000000000000000000 ) ) ;
#2572 = EDGE_CURVE ( 'NONE', #780, #3041, #1895, .T. ) ;
#2573 = FACE_OUTER_BOUND ( 'NONE', #3743, .T. ) ;
#2574 = CARTESIAN_POINT ( 'NONE',  ( 3.662902481860434989, 10.90000000000000036, -1.039040948922437924 ) ) ;
#2575 = CARTESIAN_POINT ( 'NONE',  ( -1.550000000000000044, 3.100000000000000089, 2.649999999999999911 ) ) ;
#2576 = AXIS2_PLACEMENT_3D ( 'NONE', #2970, #2409, #3991 ) ;
#2577 = ADVANCED_FACE ( 'NONE', ( #1843 ), #3371, .F. ) ;
#2578 = LINE ( 'NONE', #1498, #4132 ) ;
#2579 = CARTESIAN_POINT ( 'NONE',  ( 3.499240873925709927, 10.90000000000000036, -2.684441503409919605 ) ) ;
#2580 = EDGE_CURVE ( 'NONE', #4292, #2186, #452, .T. ) ;
#2581 = DIRECTION ( 'NONE',  ( -0.7071067811865474617, 0.000000000000000000, -0.7071067811865474617 ) ) ;
#2582 = DIRECTION ( 'NONE',  ( 0.000000000000000000, -1.000000000000000000, 0.000000000000000000 ) ) ;
#2583 = ORIENTED_EDGE ( 'NONE', *, *, #658, .T. ) ;
#2584 = LINE ( 'NONE', #653, #2634 ) ;
#2585 = DIRECTION ( 'NONE',  ( 1.000000000000000000, 0.000000000000000000, 0.000000000000000000 ) ) ;
#2586 = PLANE ( 'NONE',  #1382 ) ;
#2587 = VECTOR ( 'NONE', #2749, 1000.000000000000000 ) ;
#2588 = VERTEX_POINT ( 'NONE', #3137 ) ;
#2589 = FACE_OUTER_BOUND ( 'NONE', #1915, .T. ) ;
#2590 = CARTESIAN_POINT ( 'NONE',  ( 3.568028846153844746, 10.90000000000000036, -2.671153846153844658 ) ) ;
#2591 = AXIS2_PLACEMENT_3D ( 'NONE', #1775, #1874, #2503 ) ;
#2592 = DIRECTION ( 'NONE',  ( 0.000000000000000000, 0.000000000000000000, -1.000000000000000000 ) ) ;
#2593 = DIRECTION ( 'NONE',  ( 0.000000000000000000, -1.000000000000000000, 0.000000000000000000 ) ) ;
#2594 = VECTOR ( 'NONE', #3428, 1000.000000000000000 ) ;
#2595 = CARTESIAN_POINT ( 'NONE',  ( -3.375000000000000000, 10.90000000000000036, -2.600000000000000089 ) ) ;
#2596 = AXIS2_PLACEMENT_3D ( 'NONE', #2860, #3943, #3557 ) ;
#2597 = CARTESIAN_POINT ( 'NONE',  ( 3.889743589743590135, 11.09999999999999964, -1.715224358974360097 ) ) ;
#2598 = CARTESIAN_POINT ( 'NONE',  ( 3.694040606428655060, 10.90000000000000036, -0.7745657103940020161 ) ) ;
#2599 = EDGE_CURVE ( 'NONE', #858, #1871, #1866, .T. ) ;
#2600 = FACE_OUTER_BOUND ( 'NONE', #871, .T. ) ;
#2601 = ORIENTED_EDGE ( 'NONE', *, *, #38, .F. ) ;
#2602 = CIRCLE ( 'NONE', #915, 1.350000000000000533 ) ;
#2603 = CARTESIAN_POINT ( 'NONE',  ( -3.587179487179489978, 10.90000000000000036, 1.546153846153845102 ) ) ;
#2604 = CARTESIAN_POINT ( 'NONE',  ( 3.488501682428630346, 10.90000000000000036, -2.446474469422815101 ) ) ;
#2605 = ORIENTED_EDGE ( 'NONE', *, *, #3720, .F. ) ;
#2606 = CARTESIAN_POINT ( 'NONE',  ( 3.375000000000000000, 11.09999999999999964, 1.525000000000000133 ) ) ;
#2607 = EDGE_CURVE ( 'NONE', #1958, #1776, #405, .T. ) ;
#2608 = LINE ( 'NONE', #223, #1201 ) ;
#2609 = PLANE ( 'NONE',  #1168 ) ;
#2610 = CARTESIAN_POINT ( 'NONE',  ( 3.600000000000000089, -8.300000000000000711, 1.044999999999999929 ) ) ;
#2611 = VECTOR ( 'NONE', #3552, 1000.000000000000000 ) ;
#2612 = CARTESIAN_POINT ( 'NONE',  ( 12.25000000000000000, 3.100000000000000089, 1.649999999999989475 ) ) ;
#2613 = CARTESIAN_POINT ( 'NONE',  ( 2.530769230769230216, 24.78707656525730130, -0.6999999999999999556 ) ) ;
#2614 = VECTOR ( 'NONE', #3434, 1000.000000000000000 ) ;
#2615 = ORIENTED_EDGE ( 'NONE', *, *, #2871, .T. ) ;
#2616 = EDGE_CURVE ( 'NONE', #1302, #1841, #3367, .T. ) ;
#2617 = VERTEX_POINT ( 'NONE', #77 ) ;
#2618 = CARTESIAN_POINT ( 'NONE',  ( -4.100000000000000533, 24.78707656525730130, -1.525000000000000133 ) ) ;
#2619 = CARTESIAN_POINT ( 'NONE',  ( 3.813162939718460098, 10.90000000000000036, -1.252398394000926007 ) ) ;
#2620 = CARTESIAN_POINT ( 'NONE',  ( -4.000000000000000000, -8.300000000000000711, 1.044999999999999929 ) ) ;
#2621 = FACE_OUTER_BOUND ( 'NONE', #330, .T. ) ;
#2622 = EDGE_LOOP ( 'NONE', ( #2445, #3913, #2050, #607 ) ) ;
#2623 = ORIENTED_EDGE ( 'NONE', *, *, #2624, .F. ) ;
#2624 = EDGE_CURVE ( 'NONE', #2021, #2529, #439, .T. ) ;
#2625 = CARTESIAN_POINT ( 'NONE',  ( -3.587179487179489978, 24.78707656525730130, 1.776923076923075051 ) ) ;
#2626 = CARTESIAN_POINT ( 'NONE',  ( 3.888736520970565103, 11.09999999999999964, -1.790329756374474890 ) ) ;
#2627 = CARTESIAN_POINT ( 'NONE',  ( 4.060627757828290108, 10.90000000000000036, -1.147204701724245934 ) ) ;
#2628 = CARTESIAN_POINT ( 'NONE',  ( 3.370475651358565194, 11.09999999999999964, -2.464127135101724875 ) ) ;
#2629 = CYLINDRICAL_SURFACE ( 'NONE', #2048, 1.650000000000000577 ) ;
#2630 = EDGE_LOOP ( 'NONE', ( #475, #3897, #2417, #2699 ) ) ;
#2631 = ORIENTED_EDGE ( 'NONE', *, *, #3032, .T. ) ;
#2632 = CARTESIAN_POINT ( 'NONE',  ( 4.060627757828290108, 11.09999999999999964, -1.147204701724245934 ) ) ;
#2633 = CARTESIAN_POINT ( 'NONE',  ( 4.142086077599020477, 11.09999999999999964, -2.021803997042380008 ) ) ;
#2634 = VECTOR ( 'NONE', #1075, 1000.000000000000000 ) ;
#2635 = LINE ( 'NONE', #3874, #4098 ) ;
#2636 = CARTESIAN_POINT ( 'NONE',  ( 3.568028846153844746, 10.90000000000000036, -2.671153846153844658 ) ) ;
#2637 = VERTEX_POINT ( 'NONE', #1452 ) ;
#2638 = ORIENTED_EDGE ( 'NONE', *, *, #121, .F. ) ;
#2639 = CARTESIAN_POINT ( 'NONE',  ( 4.094239300777680057, 11.09999999999999964, -2.186235798088039584 ) ) ;
#2640 = CARTESIAN_POINT ( 'NONE',  ( 10.89999999999999147, 0.000000000000000000, -3.000000000000000888 ) ) ;
#2641 = DIRECTION ( 'NONE',  ( -1.000000000000000000, 0.000000000000000000, 0.000000000000000000 ) ) ;
#2642 = AXIS2_PLACEMENT_3D ( 'NONE', #1387, #1597, #2985 ) ;
#2643 = VECTOR ( 'NONE', #2665, 1000.000000000000000 ) ;
#2644 = ORIENTED_EDGE ( 'NONE', *, *, #1741, .T. ) ;
#2645 = ORIENTED_EDGE ( 'NONE', *, *, #1558, .T. ) ;
#2646 = DIRECTION ( 'NONE',  ( 0.000000000000000000, 0.000000000000000000, -1.000000000000000000 ) ) ;
#2647 = EDGE_CURVE ( 'NONE', #3041, #606, #1904, .T. ) ;
#2648 =( NAMED_UNIT ( * ) PLANE_ANGLE_UNIT ( ) SI_UNIT ( $, .RADIAN. ) );
#2649 = VECTOR ( 'NONE', #488, 1000.000000000000000 ) ;
#2650 = MANIFOLD_SOLID_BREP ( 'NONE', #3467 ) ;
#2651 = ADVANCED_FACE ( 'NONE', ( #356 ), #1977, .F. ) ;
#2652 = LINE ( 'NONE', #2122, #1216 ) ;
#2653 = EDGE_LOOP ( 'NONE', ( #3439, #2220, #3635, #3299 ) ) ;
#2654 = EDGE_CURVE ( 'NONE', #219, #583, #379, .T. ) ;
#2655 = CARTESIAN_POINT ( 'NONE',  ( -4.100000000000000533, 10.90000000000000036, -1.875000000000000000 ) ) ;
#2656 = VECTOR ( 'NONE', #393, 1000.000000000000000 ) ;
#2657 = DIRECTION ( 'NONE',  ( 0.000000000000000000, -1.000000000000000000, 0.000000000000000000 ) ) ;
#2658 = VECTOR ( 'NONE', #1135, 1000.000000000000000 ) ;
#2659 = VERTEX_POINT ( 'NONE', #2756 ) ;
#2660 = ORIENTED_EDGE ( 'NONE', *, *, #3811, .F. ) ;
#2661 = DIRECTION ( 'NONE',  ( 3.854941057726240267E-15, 0.000000000000000000, 1.000000000000000000 ) ) ;
#2662 = CARTESIAN_POINT ( 'NONE',  ( 3.370475651358565194, 11.09999999999999964, -2.464127135101724875 ) ) ;
#2663 = CARTESIAN_POINT ( 'NONE',  ( 4.161613426813869587, 10.90000000000000036, -1.902782837035589925 ) ) ;
#2664 = EDGE_CURVE ( 'NONE', #1662, #1925, #3506, .T. ) ;
#2665 = DIRECTION ( 'NONE',  ( 0.000000000000000000, 0.000000000000000000, -1.000000000000000000 ) ) ;
#2666 = VECTOR ( 'NONE', #3052, 1000.000000000000000 ) ;
#2667 = ORIENTED_EDGE ( 'NONE', *, *, #3281, .F. ) ;
#2668 = CARTESIAN_POINT ( 'NONE',  ( 4.171257627318910366, 10.90000000000000036, -1.673932400105180074 ) ) ;
#2669 = EDGE_LOOP ( 'NONE', ( #4121, #3750, #1505, #2495 ) ) ;
#2670 = VERTEX_POINT ( 'NONE', #3053 ) ;
#2671 = DIRECTION ( 'NONE',  ( -0.000000000000000000, 1.000000000000000000, -0.000000000000000000 ) ) ;
#2672 = EDGE_CURVE ( 'NONE', #339, #1093, #654, .T. ) ;
#2673 = FACE_OUTER_BOUND ( 'NONE', #2535, .T. ) ;
#2674 = ORIENTED_EDGE ( 'NONE', *, *, #3469, .F. ) ;
#2675 = ORIENTED_EDGE ( 'NONE', *, *, #3820, .T. ) ;
#2676 = VERTEX_POINT ( 'NONE', #3104 ) ;
#2677 = CARTESIAN_POINT ( 'NONE',  ( 3.889743589743590135, 11.09999999999999964, -1.715224358974360097 ) ) ;
#2678 = DIRECTION ( 'NONE',  ( 0.000000000000000000, -1.000000000000000000, 0.000000000000000000 ) ) ;
#2679 = LINE ( 'NONE', #3449, #4160 ) ;
#2680 = CARTESIAN_POINT ( 'NONE',  ( 3.392242315915159789, 11.09999999999999964, -0.9386084911663931107 ) ) ;
#2681 = ORIENTED_EDGE ( 'NONE', *, *, #1016, .T. ) ;
#2683 = ORIENTED_EDGE ( 'NONE', *, *, #3070, .F. ) ;
#2682 = LINE ( 'NONE', #2847, #2692 ) ;
#2684 = ORIENTED_EDGE ( 'NONE', *, *, #2920, .F. ) ;
#2685 = CARTESIAN_POINT ( 'NONE',  ( 9.500000000000000000, 3.100000000000000089, 0.000000000000000000 ) ) ;
#2686 = LINE ( 'NONE', #584, #1292 ) ;
#2687 = CARTESIAN_POINT ( 'NONE',  ( 4.159872910394390111, 10.90000000000000036, -1.497756692729726113 ) ) ;
#2688 = PLANE ( 'NONE',  #926 ) ;
#2689 = ADVANCED_FACE ( 'NONE', ( #542 ), #1133, .T. ) ;
#2690 = MECHANICAL_DESIGN_GEOMETRIC_PRESENTATION_REPRESENTATION (  '', ( #1701 ), #107 ) ;
#2691 = VECTOR ( 'NONE', #993, 1000.000000000000000 ) ;
#2693 = ORIENTED_EDGE ( 'NONE', *, *, #1822, .T. ) ;
#2692 = VECTOR ( 'NONE', #284, 1000.000000000000000 ) ;
#2694 = DIRECTION ( 'NONE',  ( 0.000000000000000000, 0.000000000000000000, -1.000000000000000000 ) ) ;
#2695 = CARTESIAN_POINT ( 'NONE',  ( 4.142086077599020477, 10.90000000000000036, -2.021803997042380008 ) ) ;
#2696 = LINE ( 'NONE', #1431, #4249 ) ;
#2697 = CARTESIAN_POINT ( 'NONE',  ( -5.950000000000000178, 2.600000000000000089, -2.500000000000001776 ) ) ;
#2699 = ORIENTED_EDGE ( 'NONE', *, *, #3857, .T. ) ;
#2698 = LINE ( 'NONE', #4264, #2823 ) ;
#2700 = CARTESIAN_POINT ( 'NONE',  ( 3.814749600839504762, 10.90000000000000036, -2.155295205482909981 ) ) ;
#2701 =( GEOMETRIC_REPRESENTATION_CONTEXT ( 3 ) GLOBAL_UNCERTAINTY_ASSIGNED_CONTEXT ( ( #1143 ) ) GLOBAL_UNIT_ASSIGNED_CONTEXT ( ( #2818, #3403, #1402 ) ) REPRESENTATION_CONTEXT ( 'NONE', 'WORKASPACE' ) );
#2702 = B_SPLINE_CURVE_WITH_KNOTS ( 'NONE', 3,
 ( #2551, #4127, #3784, #1845, #3174, #2519, #119, #3123, #1209, #1241, #806 ),
 .UNSPECIFIED., .F., .F.,
 ( 4, 1, 1, 1, 1, 1, 1, 1, 4 ),
 ( 0.000000000000000000, 0.09777309142787120322, 0.2008595583159925035, 0.3104413856836800156, 0.4278160755510519997, 0.5551683857438869385, 0.6918337433922819857, 0.8400887298374509760, 1.000000000000000000 ),
 .UNSPECIFIED. ) ;
#2703 = EDGE_CURVE ( 'NONE', #236, #2997, #3542, .T. ) ;
#2704 = VECTOR ( 'NONE', #3270, 1000.000000000000000 ) ;
#2705 = CARTESIAN_POINT ( 'NONE',  ( -2.050000000000000266, 7.100000000000000533, -0.2500000000000000000 ) ) ;
#2707 = VERTEX_POINT ( 'NONE', #1473 ) ;
#2706 = VECTOR ( 'NONE', #1935, 1000.000000000000000 ) ;
#2708 = DIRECTION ( 'NONE',  ( 0.000000000000000000, -1.000000000000000000, 0.000000000000000000 ) ) ;
#2709 = B_SPLINE_CURVE_WITH_KNOTS ( 'NONE', 3,
 ( #3327, #1371, #336, #4022, #6, #2278, #3721, #2384, #2715, #555, #4075 ),
 .UNSPECIFIED., .F., .F.,
 ( 4, 1, 1, 1, 1, 1, 1, 1, 4 ),
 ( 0.000000000000000000, 0.09777309142787120322, 0.2008595583159925035, 0.3104413856836800156, 0.4278160755510519997, 0.5551683857438869385, 0.6918337433922819857, 0.8400887298374509760, 1.000000000000000000 ),
 .UNSPECIFIED. ) ;
#2710 = EDGE_CURVE ( 'NONE', #620, #2124, #534, .T. ) ;
#2711 = VECTOR ( 'NONE', #1343, 1000.000000000000000 ) ;
#2713 = ORIENTED_EDGE ( 'NONE', *, *, #301, .F. ) ;
#2712 = FACE_BOUND ( 'NONE', #3651, .T. ) ;
#2714 = DIRECTION ( 'NONE',  ( -1.000000000000000000, 0.000000000000000000, 0.000000000000000000 ) ) ;
#2715 = CARTESIAN_POINT ( 'NONE',  ( 3.888127524333389928, 10.90000000000000036, -1.608041557511499908 ) ) ;
#2716 = DIRECTION ( 'NONE',  ( 0.000000000000000000, 1.000000000000000000, 0.000000000000000000 ) ) ;
#2717 = VECTOR ( 'NONE', #3827, 1000.000000000000000 ) ;
#2718 = CARTESIAN_POINT ( 'NONE',  ( 3.686097470988915159, 10.90000000000000036, -1.061309807544167816 ) ) ;
#2719 = CARTESIAN_POINT ( 'NONE',  ( 4.171794871794870296, 10.90000000000000036, -1.710817307692309885 ) ) ;
#2720 = CARTESIAN_POINT ( 'NONE',  ( 4.000000000000000000, -8.300000000000000711, 1.044999999999999929 ) ) ;
#2721 = LINE ( 'NONE', #3893, #2649 ) ;
#2722 = EDGE_CURVE ( 'NONE', #14, #747, #3513, .T. ) ;
#2723 = VERTEX_POINT ( 'NONE', #1032 ) ;
#2724 = PLANE ( 'NONE',  #3679 ) ;
#2725 = ADVANCED_FACE ( 'NONE', ( #3524 ), #3341, .F. ) ;
#2726 = DIRECTION ( 'NONE',  ( -0.000000000000000000, 1.000000000000000000, -0.000000000000000000 ) ) ;
#2727 = LINE ( 'NONE', #82, #4217 ) ;
#2728 = CARTESIAN_POINT ( 'NONE',  ( -5.950000000000000178, 0.000000000000000000, -3.149999999999999911 ) ) ;
#2729 = DIRECTION ( 'NONE',  ( 0.000000000000000000, 0.000000000000000000, -1.000000000000000000 ) ) ;
#2731 = ORIENTED_EDGE ( 'NONE', *, *, #2565, .F. ) ;
#2730 = FACE_OUTER_BOUND ( 'NONE', #3761, .T. ) ;
#2732 = CARTESIAN_POINT ( 'NONE',  ( 3.024999999999999911, 10.90000000000000036, 0.8000000000000000444 ) ) ;
#2733 = EDGE_CURVE ( 'NONE', #3340, #4151, #1957, .T. ) ;
#2734 = PLANE ( 'NONE',  #433 ) ;
#2735 = ORIENTED_EDGE ( 'NONE', *, *, #3435, .F. ) ;
#2736 = DIRECTION ( 'NONE',  ( 1.000000000000000000, 0.000000000000000000, -0.000000000000000000 ) ) ;
#2737 = FILL_AREA_STYLE_COLOUR ( '', #3841 ) ;
#2738 = CIRCLE ( 'NONE', #1812, 1.650000000000000577 ) ;
#2739 = EDGE_CURVE ( 'NONE', #2165, #3349, #1951, .T. ) ;
#2740 = LINE ( 'NONE', #357, #4234 ) ;
#2741 = EDGE_CURVE ( 'NONE', #3401, #687, #3563, .T. ) ;
#2743 = EDGE_LOOP ( 'NONE', ( #4005, #1543, #2265, #2541, #3022, #910, #3099, #1649, #1600, #3604, #2583, #3209 ) ) ;
#2742 = LINE ( 'NONE', #3742, #2767 ) ;
#2744 = DIRECTION ( 'NONE',  ( 0.000000000000000000, -1.000000000000000000, 0.000000000000000000 ) ) ;
#2745 = STYLED_ITEM ( 'NONE', ( #2518 ), #943 ) ;
#2746 = DIRECTION ( 'NONE',  ( 0.000000000000000000, 1.000000000000000000, 0.000000000000000000 ) ) ;
#2747 = CARTESIAN_POINT ( 'NONE',  ( 3.214663461538459721, 11.09999999999999964, -2.700000000000000178 ) ) ;
#2748 = CARTESIAN_POINT ( 'NONE',  ( -2.050000000000000266, 10.90000000000000036, -3.149999999999999911 ) ) ;
#2749 = DIRECTION ( 'NONE',  ( -1.239088197126289880E-15, 0.000000000000000000, 1.000000000000000000 ) ) ;
#2750 = VECTOR ( 'NONE', #2453, 1000.000000000000000 ) ;
#2751 = VERTEX_POINT ( 'NONE', #1882 ) ;
#2752 = CARTESIAN_POINT ( 'NONE',  ( -10.90000000000000036, 3.100000000000000089, -1.650000000000000577 ) ) ;
#2753 = EDGE_CURVE ( 'NONE', #1126, #670, #552, .T. ) ;
#2754 = DIRECTION ( 'NONE',  ( 0.000000000000000000, 0.000000000000000000, 1.000000000000000000 ) ) ;
#2755 = PLANE ( 'NONE',  #2375 ) ;
#2756 = CARTESIAN_POINT ( 'NONE',  ( -3.024999999999999911, 11.09999999999999964, -1.875000000000000000 ) ) ;
#2757 = CYLINDRICAL_SURFACE ( 'NONE', #1513, 0.5000000000000000000 ) ;
#2758 = CARTESIAN_POINT ( 'NONE',  ( 4.170212162216654583, 11.09999999999999964, -1.602155238295610129 ) ) ;
#2759 = AXIS2_PLACEMENT_3D ( 'NONE', #460, #856, #1193 ) ;
#2760 = CARTESIAN_POINT ( 'NONE',  ( 3.560530731003324956, 10.90000000000000036, -2.422854494830439798 ) ) ;
#2762 = ORIENTED_EDGE ( 'NONE', *, *, #3326, .F. ) ;
#2761 = VECTOR ( 'NONE', #794, 1000.000000000000000 ) ;
#2763 = EDGE_CURVE ( 'NONE', #819, #3064, #2018, .T. ) ;
#2764 = DIRECTION ( 'NONE',  ( 0.000000000000000000, 0.000000000000000000, 1.000000000000000000 ) ) ;
#2765 = ADVANCED_FACE ( 'NONE', ( #626 ), #4248, .F. ) ;
#2766 = CIRCLE ( 'NONE', #3624, 1.650000000000000577 ) ;
#2768 = ORIENTED_EDGE ( 'NONE', *, *, #1453, .F. ) ;
#2767 = VECTOR ( 'NONE', #1040, 1000.000000000000000 ) ;
#2769 = DIRECTION ( 'NONE',  ( 1.000000000000000000, 0.000000000000000000, 0.000000000000000000 ) ) ;
#2770 = DIRECTION ( 'NONE',  ( 0.000000000000000000, 0.000000000000000000, -1.000000000000000000 ) ) ;
#2771 = EDGE_CURVE ( 'NONE', #1875, #1974, #3431, .T. ) ;
#2772 = LINE ( 'NONE', #1102, #1279 ) ;
#2773 = DIRECTION ( 'NONE',  ( -0.000000000000000000, 1.000000000000000000, -0.000000000000000000 ) ) ;
#2775 = LINE ( 'NONE', #114, #4225 ) ;
#2774 = FACE_OUTER_BOUND ( 'NONE', #714, .T. ) ;
#2776 = CARTESIAN_POINT ( 'NONE',  ( 4.100000000000000533, 24.78707656525730130, 1.525000000000000133 ) ) ;
#2777 = CARTESIAN_POINT ( 'NONE',  ( 3.488501682428630346, 10.90000000000000036, -2.446474469422815101 ) ) ;
#2778 = EDGE_CURVE ( 'NONE', #3081, #4087, #2089, .T. ) ;
#2779 = CARTESIAN_POINT ( 'NONE',  ( 3.568028846153844746, 11.09999999999999964, -2.671153846153844658 ) ) ;
#2780 = DIRECTION ( 'NONE',  ( 0.000000000000000000, 0.000000000000000000, 1.000000000000000000 ) ) ;
#2781 = DIRECTION ( 'NONE',  ( 0.000000000000000000, 0.000000000000000000, 1.000000000000000000 ) ) ;
#2782 = B_SPLINE_SURFACE_WITH_KNOTS ( 'NONE', 3, 1, ( 
 ( #2747, #2105 ),
 ( #2442, #1971 ),
 ( #2498, #70 ),
 ( #1396, #1772 ),
 ( #1465, #3391 ),
 ( #3069, #3044 ),
 ( #1689, #365 ),
 ( #2834, #2412 ),
 ( #2468, #3790 ),
 ( #2066, #814 ),
 ( #2779, #3360 ) ),
 .UNSPECIFIED., .F., .F., .F.,
 ( 4, 1, 1, 1, 1, 1, 1, 1, 4 ),
 ( 2, 2 ),
 ( 0.000000000000000000, 0.1578909745123444897, 0.3067942516334780101, 0.4456741526256969843, 0.5756804356331879369, 0.6946314639267260338, 0.8059778052059960451, 0.9077643550505539727, 1.000000000000000000 ),
 ( 0.000000000000000000, 1.000000000000000000 ),
 .UNSPECIFIED. ) ;
#2783 = LINE ( 'NONE', #1285, #4182 ) ;
#2784 = LINE ( 'NONE', #1109, #1361 ) ;
#2785 = CARTESIAN_POINT ( 'NONE',  ( 3.375000000000000000, 24.78707656525730130, 2.600000000000000089 ) ) ;
#2786 = DIRECTION ( 'NONE',  ( 1.000000000000000000, 0.000000000000000000, 0.000000000000000000 ) ) ;
#2787 = FACE_OUTER_BOUND ( 'NONE', #851, .T. ) ;
#2788 = CARTESIAN_POINT ( 'NONE',  ( 3.750734775073319760, 11.09999999999999964, -0.8022949072187419706 ) ) ;
#2789 = EDGE_CURVE ( 'NONE', #2529, #318, #1980, .T. ) ;
#2790 = DIRECTION ( 'NONE',  ( 0.000000000000000000, -1.000000000000000000, 0.000000000000000000 ) ) ;
#2792 = VERTEX_POINT ( 'NONE', #3983 ) ;
#2791 = FACE_OUTER_BOUND ( 'NONE', #1202, .T. ) ;
#2793 = ADVANCED_FACE ( 'NONE', ( #608 ), #2239, .F. ) ;
#2794 = AXIS2_PLACEMENT_3D ( 'NONE', #285, #1626, #1320 ) ;
#2795 = VECTOR ( 'NONE', #4207, 1000.000000000000000 ) ;
#2797 = VECTOR ( 'NONE', #3779, 1000.000000000000000 ) ;
#2796 = PRESENTATION_STYLE_ASSIGNMENT (( #40 ) ) ;
#2798 = DIRECTION ( 'NONE',  ( 1.000000000000000000, 0.000000000000000000, -5.421010862427539919E-16 ) ) ;
#2799 = CARTESIAN_POINT ( 'NONE',  ( 1.550000000000000044, 7.100000000000000533, 0.2500000000000000000 ) ) ;
#2800 = EDGE_CURVE ( 'NONE', #4283, #136, #600, .T. ) ;
#2801 = ADVANCED_FACE ( 'NONE', ( #619 ), #1314, .F. ) ;
#2802 = LINE ( 'NONE', #3985, #2691 ) ;
#2803 = PLANE ( 'NONE',  #2896 ) ;
#2805 = VECTOR ( 'NONE', #441, 1000.000000000000000 ) ;
#2804 = FACE_OUTER_BOUND ( 'NONE', #887, .T. ) ;
#2806 = B_SPLINE_SURFACE_WITH_KNOTS ( 'NONE', 3, 1, ( 
 ( #1740, #1684 ),
 ( #281, #1346 ),
 ( #3715, #2342 ),
 ( #2680, #3014 ),
 ( #2986, #3323 ),
 ( #4258, #804 ),
 ( #1767, #1207 ),
 ( #3906, #2881 ),
 ( #191, #2574 ),
 ( #2905, #3200 ),
 ( #530, #2493 ) ),
 .UNSPECIFIED., .F., .F., .F.,
 ( 4, 1, 1, 1, 1, 1, 1, 1, 4 ),
 ( 2, 2 ),
 ( 0.000000000000000000, 0.1779561529988029911, 0.3366533929852479901, 0.4761215267521700101, 0.5973339179829280088, 0.7070072996841240132, 0.8099296584364100715, 0.9070877517711410931, 1.000000000000000000 ),
 ( 0.000000000000000000, 1.000000000000000000 ),
 .UNSPECIFIED. ) ;
#2807 = CARTESIAN_POINT ( 'NONE',  ( -11.75000000000000000, 2.600000000000000089, 1.649999999999993250 ) ) ;
#2808 = DIRECTION ( 'NONE',  ( 0.000000000000000000, 0.000000000000000000, -1.000000000000000000 ) ) ;
#2809 = DIRECTION ( 'NONE',  ( 0.000000000000000000, -1.000000000000000000, 0.000000000000000000 ) ) ;
#2810 = EDGE_CURVE ( 'NONE', #2063, #3514, #513, .T. ) ;
#2811 = B_SPLINE_SURFACE_WITH_KNOTS ( 'NONE', 3, 1, ( 
 ( #51, #3630 ),
 ( #2395, #3765 ),
 ( #2005, #3336 ),
 ( #1399, #2357 ),
 ( #347, #705 ),
 ( #4084, #3025 ),
 ( #1929, #4112 ),
 ( #269, #3733 ),
 ( #1610, #75 ),
 ( #745, #1585 ),
 ( #1693, #2287 ),
 ( #599, #4059 ),
 ( #2633, #2695 ),
 ( #2954, #982 ),
 ( #1329, #2663 ),
 ( #2975, #3279 ),
 ( #3668, #1355 ),
 ( #1674, #1066 ),
 ( #755, #1700 ) ),
 .UNSPECIFIED., .F., .F., .F.,
 ( 4, 1, 1, 1, 1, 1, 1, 1, 1, 1, 1, 1, 1, 1, 1, 1, 4 ),
 ( 2, 2 ),
 ( 0.000000000000000000, 0.05681233542270229531, 0.1138818391726264118, 0.1705330684121229845, 0.2275474391905970006, 0.2853526916966465099, 0.3437011415730504837, 0.4030002293139179903, 0.4638421051035360176, 0.5258154763422759892, 0.5889670046823940464, 0.6532705244424709123, 0.7190965893252219132, 0.7867486396200310539, 0.8557883106621370084, 0.9268358117512700556, 1.000000000000000000 ),
 ( 0.000000000000000000, 1.000000000000000000 ),
 .UNSPECIFIED. ) ;
#2812 = FACE_OUTER_BOUND ( 'NONE', #493, .T. ) ;
#2813 = CARTESIAN_POINT ( 'NONE',  ( 12.25000000000000000, 2.600000000000000089, 1.649999999999989475 ) ) ;
#2814 = CARTESIAN_POINT ( 'NONE',  ( -12.25000000000000000, 0.000000000000000000, 1.649999999999989475 ) ) ;
#2815 = DIRECTION ( 'NONE',  ( 1.000000000000000000, 0.000000000000000000, 0.000000000000000000 ) ) ;
#2816 = CARTESIAN_POINT ( 'NONE',  ( -2.050000000000000266, 10.90000000000000036, 0.2500000000000000000 ) ) ;
#2817 = AXIS2_PLACEMENT_3D ( 'NONE', #4145, #2422, #2843 ) ;
#2818 =( LENGTH_UNIT ( ) NAMED_UNIT ( * ) SI_UNIT ( .MILLI., .METRE. ) );
#2819 = VERTEX_POINT ( 'NONE', #2964 ) ;
#2820 = DIRECTION ( 'NONE',  ( 0.000000000000000000, 0.000000000000000000, 1.000000000000000000 ) ) ;
#2821 = DIRECTION ( 'NONE',  ( 1.000000000000000000, 0.000000000000000000, 0.000000000000000000 ) ) ;
#2822 = EDGE_CURVE ( 'NONE', #768, #861, #3455, .T. ) ;
#2824 = ORIENTED_EDGE ( 'NONE', *, *, #1086, .T. ) ;
#2823 = VECTOR ( 'NONE', #1284, 1000.000000000000000 ) ;
#2825 = DIRECTION ( 'NONE',  ( 0.000000000000000000, -1.000000000000000000, 0.000000000000000000 ) ) ;
#2826 = DIRECTION ( 'NONE',  ( 0.000000000000000000, -1.000000000000000000, 0.000000000000000000 ) ) ;
#2827 = ADVANCED_FACE ( 'NONE', ( #3549 ), #1811, .F. ) ;
#2828 = CARTESIAN_POINT ( 'NONE',  ( 2.299999999999999822, 24.78707656525730130, 1.525000000000000133 ) ) ;
#2829 = CARTESIAN_POINT ( 'NONE',  ( -4.000000000000000000, 0.000000000000000000, -1.495000000000000107 ) ) ;
#2830 = CARTESIAN_POINT ( 'NONE',  ( 5.950000000000000178, 0.000000000000000000, 3.149999999999999911 ) ) ;
#2832 = ORIENTED_EDGE ( 'NONE', *, *, #3192, .T. ) ;
#2831 = LINE ( 'NONE', #1338, #2706 ) ;
#2833 = CARTESIAN_POINT ( 'NONE',  ( -3.024999999999999911, 10.90000000000000036, -1.525000000000000133 ) ) ;
#2834 = CARTESIAN_POINT ( 'NONE',  ( 3.499240873925709927, 11.09999999999999964, -2.684441503409919605 ) ) ;
#2835 = CARTESIAN_POINT ( 'NONE',  ( 2.050000000000000266, 7.100000000000000533, 0.2500000000000000000 ) ) ;
#2837 = ORIENTED_EDGE ( 'NONE', *, *, #1911, .T. ) ;
#2836 = LINE ( 'NONE', #3229, #1407 ) ;
#2838 = CARTESIAN_POINT ( 'NONE',  ( 3.247115384615384848, 11.09999999999999964, -0.6999999999999999556 ) ) ;
#2839 = B_SPLINE_SURFACE_WITH_KNOTS ( 'NONE', 3, 1, ( 
 ( #907, #1248 ),
 ( #1850, #2264 ),
 ( #3238, #3208 ),
 ( #3560, #252 ),
 ( #837, #2923 ),
 ( #3877, #1864 ),
 ( #923, #214 ) ),
 .UNSPECIFIED., .F., .F., .F.,
 ( 4, 1, 1, 1, 4 ),
 ( 2, 2 ),
 ( 0.000000000000000000, 0.2611948526140104865, 0.5131428079415670807, 0.7578093024478970152, 1.000000000000000000 ),
 ( 0.000000000000000000, 1.000000000000000000 ),
 .UNSPECIFIED. ) ;
#2840 = DIRECTION ( 'NONE',  ( 0.000000000000000000, 1.000000000000000000, 0.000000000000000000 ) ) ;
#2841 = DIRECTION ( 'NONE',  ( 0.000000000000000000, -1.000000000000000000, 0.000000000000000000 ) ) ;
#2842 = EDGE_CURVE ( 'NONE', #471, #2481, #2081, .T. ) ;
#2843 = DIRECTION ( 'NONE',  ( 1.000000000000000000, 0.000000000000000000, 0.000000000000000000 ) ) ;
#2845 = ORIENTED_EDGE ( 'NONE', *, *, #2810, .F. ) ;
#2844 = LINE ( 'NONE', #476, #4282 ) ;
#2846 = AXIS2_PLACEMENT_3D ( 'NONE', #434, #3896, #2539 ) ;
#2847 = CARTESIAN_POINT ( 'NONE',  ( 3.375000000000000000, 24.78707656525730130, 2.600000000000000089 ) ) ;
#2848 = AXIS2_PLACEMENT_3D ( 'NONE', #3456, #3724, #4106 ) ;
#2850 = EDGE_LOOP ( 'NONE', ( #1389, #2615, #1698, #597, #1927, #3716, #1395 ) ) ;
#2849 = LINE ( 'NONE', #728, #1400 ) ;
#2851 = DIRECTION ( 'NONE',  ( 0.000000000000000000, -1.000000000000000000, 0.000000000000000000 ) ) ;
#2852 = EDGE_CURVE ( 'NONE', #3579, #4048, #1968, .T. ) ;
#2853 = DIRECTION ( 'NONE',  ( 0.000000000000000000, -1.000000000000000000, 0.000000000000000000 ) ) ;
#2854 = AXIS2_PLACEMENT_3D ( 'NONE', #314, #2318, #1154 ) ;
#2855 = CARTESIAN_POINT ( 'NONE',  ( 2.812820512820514818, 10.90000000000000036, -2.469230769230769784 ) ) ;
#2857 = ORIENTED_EDGE ( 'NONE', *, *, #2771, .T. ) ;
#2856 = VECTOR ( 'NONE', #2567, 1000.000000000000000 ) ;
#2858 = ADVANCED_FACE ( 'NONE', ( #3400 ), #2336, .F. ) ;
#2859 = DIRECTION ( 'NONE',  ( 0.000000000000000000, 1.000000000000000000, 0.000000000000000000 ) ) ;
#2860 = CARTESIAN_POINT ( 'NONE',  ( -10.90000000000000036, 0.000000000000000000, -1.650000000000000577 ) ) ;
#2862 = ORIENTED_EDGE ( 'NONE', *, *, #438, .T. ) ;
#2861 = VECTOR ( 'NONE', #3202, 1000.000000000000000 ) ;
#2863 = DIRECTION ( 'NONE',  ( -0.000000000000000000, 1.000000000000000000, 0.000000000000000000 ) ) ;
#2864 = CARTESIAN_POINT ( 'NONE',  ( 3.024999999999999911, 10.90000000000000036, 2.600000000000000089 ) ) ;
#2865 = EDGE_CURVE ( 'NONE', #3376, #1995, #1993, .T. ) ;
#2866 = ADVANCED_FACE ( 'NONE', ( #3555 ), #2982, .T. ) ;
#2867 = DIRECTION ( 'NONE',  ( 0.000000000000000000, -1.000000000000000000, 0.000000000000000000 ) ) ;
#2868 = CARTESIAN_POINT ( 'NONE',  ( 3.814749600839504762, 11.09999999999999964, -2.155295205482909981 ) ) ;
#2870 = LINE ( 'NONE', #864, #4238 ) ;
#2869 = LINE ( 'NONE', #120, #1482 ) ;
#2871 = EDGE_CURVE ( 'NONE', #2242, #88, #556, .T. ) ;
#2872 = PLANE ( 'NONE',  #1055 ) ;
#2874 = ORIENTED_EDGE ( 'NONE', *, *, #2040, .T. ) ;
#2873 = FACE_OUTER_BOUND ( 'NONE', #1562, .T. ) ;
#2875 = DIRECTION ( 'NONE',  ( 1.000000000000000000, 0.000000000000000000, 0.000000000000000000 ) ) ;
#2876 = CARTESIAN_POINT ( 'NONE',  ( 3.814749600839504762, 10.90000000000000036, -2.155295205482909981 ) ) ;
#2877 = CARTESIAN_POINT ( 'NONE',  ( 4.000000000000000000, -7.799999999999999822, -1.044999999999999929 ) ) ;
#2878 = CARTESIAN_POINT ( 'NONE',  ( -3.587179487179489978, 24.78707656525730130, 2.469230769230769784 ) ) ;
#2879 = DIRECTION ( 'NONE',  ( 0.000000000000000000, -1.000000000000000000, 0.000000000000000000 ) ) ;
#2880 = EDGE_CURVE ( 'NONE', #3322, #4037, #1988, .T. ) ;
#2881 = CARTESIAN_POINT ( 'NONE',  ( 3.621725517846814846, 10.90000000000000036, -1.011206330708999790 ) ) ;
#2882 = FILL_AREA_STYLE ('',( #2177 ) ) ;
#2884 = VECTOR ( 'NONE', #4124, 1000.000000000000000 ) ;
#2883 = LINE ( 'NONE', #860, #1454 ) ;
#2885 = DIRECTION ( 'NONE',  ( 0.000000000000000000, 1.000000000000000000, 0.000000000000000000 ) ) ;
#2886 = DIRECTION ( 'NONE',  ( 0.000000000000000000, 0.000000000000000000, -1.000000000000000000 ) ) ;
#2887 = CARTESIAN_POINT ( 'NONE',  ( -2.458974358974360008, 24.78707656525730130, 0.9307692307692310152 ) ) ;
#2889 = ORIENTED_EDGE ( 'NONE', *, *, #1917, .F. ) ;
#2888 = LINE ( 'NONE', #4074, #29 ) ;
#2890 = DIRECTION ( 'NONE',  ( 0.000000000000000000, -1.000000000000000000, 0.000000000000000000 ) ) ;
#2891 = EDGE_CURVE ( 'NONE', #4095, #4188, #3415, .T. ) ;
#2892 = DIRECTION ( 'NONE',  ( 0.000000000000000000, 1.000000000000000000, 0.000000000000000000 ) ) ;
#2893 = CARTESIAN_POINT ( 'NONE',  ( -3.375000000000000000, 10.90000000000000036, -0.8000000000000000444 ) ) ;
#2894 = DIRECTION ( 'NONE',  ( 0.000000000000000000, -1.000000000000000000, 0.000000000000000000 ) ) ;
#2895 = CARTESIAN_POINT ( 'NONE',  ( 3.858894230769229772, 10.90000000000000036, -2.528125000000000178 ) ) ;
#2896 = AXIS2_PLACEMENT_3D ( 'NONE', #146, #443, #474 ) ;
#2897 = CARTESIAN_POINT ( 'NONE',  ( 3.865940089664395174, 11.09999999999999964, -1.993302204411799838 ) ) ;
#2899 = ORIENTED_EDGE ( 'NONE', *, *, #690, .T. ) ;
#2898 = CIRCLE ( 'NONE', #1375, 0.5000000000000000000 ) ;
#2901 = LINE ( 'NONE', #4153, #2805 ) ;
#2900 = VECTOR ( 'NONE', #659, 1000.000000000000000 ) ;
#2902 = CARTESIAN_POINT ( 'NONE',  ( -1.550000000000000044, 3.100000000000000089, 2.649999999999999911 ) ) ;
#2903 = CARTESIAN_POINT ( 'NONE',  ( 3.765554737200915270, 10.90000000000000036, -2.240882783988970228 ) ) ;
#2904 = CARTESIAN_POINT ( 'NONE',  ( 3.024999999999999911, 24.78707656525730130, 2.600000000000000089 ) ) ;
#2905 = CARTESIAN_POINT ( 'NONE',  ( 3.686097470988915159, 11.09999999999999964, -1.061309807544167816 ) ) ;
#2906 = CARTESIAN_POINT ( 'NONE',  ( -10.90000000000000036, 3.100000000000000089, 2.499999999999999556 ) ) ;
#2907 = LINE ( 'NONE', #3958, #2856 ) ;
#2908 = CARTESIAN_POINT ( 'NONE',  ( -1.550000000000000044, -7.516648189186459383, 2.649999999999999911 ) ) ;
#2909 = CARTESIAN_POINT ( 'NONE',  ( 3.858894230769229772, 24.78707656525730130, -2.528125000000000178 ) ) ;
#2910 = DIRECTION ( 'NONE',  ( 0.000000000000000000, 0.000000000000000000, 1.000000000000000000 ) ) ;
#2911 = DIRECTION ( 'NONE',  ( 0.000000000000000000, 0.000000000000000000, 1.000000000000000000 ) ) ;
#2912 = EDGE_CURVE ( 'NONE', #643, #1666, #2051, .T. ) ;
#2913 = CIRCLE ( 'NONE', #1549, 0.5000000000000000000 ) ;
#2914 = CARTESIAN_POINT ( 'NONE',  ( 3.024999999999999911, 10.90000000000000036, 0.8000000000000000444 ) ) ;
#2915 = DIRECTION ( 'NONE',  ( 1.000000000000000000, 0.000000000000000000, 4.231032868236109994E-16 ) ) ;
#2916 = DIRECTION ( 'NONE',  ( 0.000000000000000000, 0.000000000000000000, 1.000000000000000000 ) ) ;
#2917 = DIRECTION ( 'NONE',  ( 0.000000000000000000, 0.000000000000000000, 1.000000000000000000 ) ) ;
#2918 = CARTESIAN_POINT ( 'NONE',  ( 3.584178876948544978, 11.09999999999999964, -2.412554360892305017 ) ) ;
#2919 = LINE ( 'NONE', #1743, #2930 ) ;
#2920 = EDGE_CURVE ( 'NONE', #1947, #425, #3571, .T. ) ;
#2921 = B_SPLINE_CURVE_WITH_KNOTS ( 'NONE', 3,
 ( #1939, #303, #277, #615, #992, #650, #1015, #1365, #3008, #2374, #956, #594, #3622, #1999, #2390, #1325, #2413, #1582, #2719 ),
 .UNSPECIFIED., .F., .F.,
 ( 4, 1, 1, 1, 1, 1, 1, 1, 1, 1, 1, 1, 1, 1, 1, 1, 4 ),
 ( 0.000000000000000000, 0.05681233542270229531, 0.1138818391726264118, 0.1705330684121229845, 0.2275474391905970006, 0.2853526916966465099, 0.3437011415730504837, 0.4030002293139179903, 0.4638421051035360176, 0.5258154763422759892, 0.5889670046823940464, 0.6532705244424709123, 0.7190965893252219132, 0.7867486396200310539, 0.8557883106621370084, 0.9268358117512700556, 1.000000000000000000 ),
 .UNSPECIFIED. ) ;
#2922 = FACE_OUTER_BOUND ( 'NONE', #3865, .T. ) ;
#2923 = CARTESIAN_POINT ( 'NONE',  ( 3.796526684985859657, 10.90000000000000036, -2.577604581025330077 ) ) ;
#2924 = CARTESIAN_POINT ( 'NONE',  ( 3.888736520970565103, 10.90000000000000036, -1.790329756374474890 ) ) ;
#2925 = CARTESIAN_POINT ( 'NONE',  ( 3.985114489552510353, 10.90000000000000036, -1.016175804648705938 ) ) ;
#2926 = CARTESIAN_POINT ( 'NONE',  ( 3.600000000000000089, -8.300000000000000711, -1.044999999999999929 ) ) ;
#2927 = EDGE_CURVE ( 'NONE', #2021, #2819, #671, .T. ) ;
#2928 = CARTESIAN_POINT ( 'NONE',  ( -3.375000000000000000, 10.90000000000000036, -1.875000000000000000 ) ) ;
#2929 = CARTESIAN_POINT ( 'NONE',  ( -11.75000000000000000, 2.600000000000000089, -1.649999999999990807 ) ) ;
#2930 = VECTOR ( 'NONE', #807, 1000.000000000000000 ) ;
#2931 = DIRECTION ( 'NONE',  ( 1.000000000000000000, 0.000000000000000000, 0.000000000000000000 ) ) ;
#2932 = AXIS2_PLACEMENT_3D ( 'NONE', #524, #3815, #2488 ) ;
#2933 = EDGE_CURVE ( 'NONE', #1197, #1126, #499, .T. ) ;
#2934 = CARTESIAN_POINT ( 'NONE',  ( 3.568028846153844746, 10.90000000000000036, -2.671153846153844658 ) ) ;
#2935 = CARTESIAN_POINT ( 'NONE',  ( -2.050000000000000266, 7.100000000000000533, 0.2500000000000000000 ) ) ;
#2936 = CARTESIAN_POINT ( 'NONE',  ( -3.587179487179489978, 11.09999999999999964, 1.776923076923075051 ) ) ;
#2937 = DIRECTION ( 'NONE',  ( 0.000000000000000000, 1.000000000000000000, 0.000000000000000000 ) ) ;
#2938 = DIRECTION ( 'NONE',  ( 0.000000000000000000, -1.000000000000000000, 0.000000000000000000 ) ) ;
#2939 = CARTESIAN_POINT ( 'NONE',  ( 4.100000000000000533, 11.09999999999999964, 1.875000000000000000 ) ) ;
#2940 = CARTESIAN_POINT ( 'NONE',  ( 3.323143657395595252, 11.09999999999999964, -2.467196514113905170 ) ) ;
#2941 = AXIS2_PLACEMENT_3D ( 'NONE', #68, #25, #2716 ) ;
#2942 = LINE ( 'NONE', #3040, #4314 ) ;
#2943 = EDGE_CURVE ( 'NONE', #2013, #1069, #2026, .T. ) ;
#2944 = VERTEX_POINT ( 'NONE', #3748 ) ;
#2945 = VECTOR ( 'NONE', #1501, 1000.000000000000000 ) ;
#2946 = DIRECTION ( 'NONE',  ( 0.000000000000000000, -1.000000000000000000, 0.000000000000000000 ) ) ;
#2947 = CARTESIAN_POINT ( 'NONE',  ( 4.171257627318910366, 10.90000000000000036, -1.673932400105180074 ) ) ;
#2948 = CARTESIAN_POINT ( 'NONE',  ( 3.453119941125879944, 11.09999999999999964, -2.453879079032005084 ) ) ;
#2949 = EDGE_CURVE ( 'NONE', #4148, #795, #1946, .T. ) ;
#2950 = ADVANCED_FACE ( 'NONE', ( #2002 ), #3480, .T. ) ;
#2951 = ORIENTED_EDGE ( 'NONE', *, *, #1439, .T. ) ;
#2952 = CARTESIAN_POINT ( 'NONE',  ( 3.247115384615384848, 11.09999999999999964, -0.6999999999999999556 ) ) ;
#2953 = LINE ( 'NONE', #1369, #41 ) ;
#2954 = CARTESIAN_POINT ( 'NONE',  ( 4.152512072541800769, 11.09999999999999964, -1.963119612482169707 ) ) ;
#2955 = ORIENTED_EDGE ( 'NONE', *, *, #2410, .T. ) ;
#2956 = ORIENTED_EDGE ( 'NONE', *, *, #636, .T. ) ;
#2957 = LINE ( 'NONE', #4186, #43 ) ;
#2958 = DIRECTION ( 'NONE',  ( -1.000000000000000000, 0.000000000000000000, 0.000000000000000000 ) ) ;
#2959 = CARTESIAN_POINT ( 'NONE',  ( -3.375000000000000000, 24.78707656525730130, -1.525000000000000133 ) ) ;
#2960 = PLANE ( 'NONE',  #1117 ) ;
#2961 = DIRECTION ( 'NONE',  ( -1.000000000000000000, 0.000000000000000000, 0.000000000000000000 ) ) ;
#2962 = EDGE_CURVE ( 'NONE', #606, #3113, #525, .T. ) ;
#2963 = ORIENTED_EDGE ( 'NONE', *, *, #2933, .T. ) ;
#2964 = CARTESIAN_POINT ( 'NONE',  ( 2.812820512820514818, 10.90000000000098090, -2.469230769230769784 ) ) ;
#2965 = CARTESIAN_POINT ( 'NONE',  ( -4.950000000000000178, 10.90000000000000036, 3.149999999999999911 ) ) ;
#2966 = LINE ( 'NONE', #2988, #13 ) ;
#2967 = ORIENTED_EDGE ( 'NONE', *, *, #1896, .F. ) ;
#2968 = LINE ( 'NONE', #150, #2974 ) ;
#2969 = EDGE_CURVE ( 'NONE', #3606, #339, #3438, .T. ) ;
#2970 = CARTESIAN_POINT ( 'NONE',  ( -3.024999999999999911, 24.78707656525730130, -0.8000000000000000444 ) ) ;
#2971 = DIRECTION ( 'NONE',  ( 0.000000000000000000, 0.000000000000000000, 1.000000000000000000 ) ) ;
#2972 = AXIS2_PLACEMENT_3D ( 'NONE', #2752, #368, #3460 ) ;
#2973 = DIRECTION ( 'NONE',  ( 1.000000000000000000, 0.000000000000000000, 0.000000000000000000 ) ) ;
#2974 = VECTOR ( 'NONE', #4165, 1000.000000000000000 ) ;
#2975 = CARTESIAN_POINT ( 'NONE',  ( 4.167391212398435130, 11.09999999999999964, -1.840448326642499799 ) ) ;
#2976 = ADVANCED_FACE ( 'NONE', ( #3653 ), #3060, .F. ) ;
#2977 = CARTESIAN_POINT ( 'NONE',  ( 4.024617230478384933, 10.90000000000000036, -1.077978688153305775 ) ) ;
#2978 = VECTOR ( 'NONE', #3426, 1000.000000000000000 ) ;
#2979 = DIRECTION ( 'NONE',  ( 0.000000000000000000, 0.000000000000000000, 1.000000000000000000 ) ) ;
#2980 = DIRECTION ( 'NONE',  ( 1.000000000000000000, 0.000000000000000000, 0.000000000000000000 ) ) ;
#2981 = PRESENTATION_LAYER_ASSIGNMENT (  '', '', ( #4027 ) ) ;
#2982 = PLANE ( 'NONE',  #503 ) ;
#2983 = EDGE_CURVE ( 'NONE', #2723, #148, #2218, .T. ) ;
#2984 = LINE ( 'NONE', #1274, #149 ) ;
#2985 = DIRECTION ( 'NONE',  ( 1.000000000000000000, 0.000000000000000000, 0.000000000000000000 ) ) ;
#2986 = CARTESIAN_POINT ( 'NONE',  ( 3.462266912523559892, 11.09999999999999964, -0.9498855950119000635 ) ) ;
#2987 = ORIENTED_EDGE ( 'NONE', *, *, #2288, .F. ) ;
#2988 = CARTESIAN_POINT ( 'NONE',  ( 2.050000000000000266, 7.100000000000000533, -0.2500000000000000000 ) ) ;
#2989 = EDGE_CURVE ( 'NONE', #1569, #2124, #2148, .T. ) ;
#2990 = FACE_OUTER_BOUND ( 'NONE', #2083, .T. ) ;
#2991 = PLANE ( 'NONE',  #2794 ) ;
#2992 = PLANE ( 'NONE',  #2941 ) ;
#2993 = CARTESIAN_POINT ( 'NONE',  ( 4.120589349693076109, 10.90000000000000036, -1.308350841798079811 ) ) ;
#2994 = PLANE ( 'NONE',  #350 ) ;
#2995 = ORIENTED_EDGE ( 'NONE', *, *, #2778, .F. ) ;
#2996 = CARTESIAN_POINT ( 'NONE',  ( 3.600000000000000089, -8.300000000000000711, -1.044999999999999929 ) ) ;
#2997 = VERTEX_POINT ( 'NONE', #1435 ) ;
#2998 = CARTESIAN_POINT ( 'NONE',  ( 3.492439648125020391, 11.09999999999999964, -0.7181953472586870557 ) ) ;
#2999 = VECTOR ( 'NONE', #2429, 1000.000000000000000 ) ;
#3000 = CARTESIAN_POINT ( 'NONE',  ( -5.950000000000000178, 9.900000000000000355, 3.149999999999999911 ) ) ;
#3001 = EDGE_CURVE ( 'NONE', #687, #721, #2921, .T. ) ;
#3002 = CARTESIAN_POINT ( 'NONE',  ( 3.985114489552510353, 11.09999999999999964, -1.016175804648705938 ) ) ;
#3003 = ORIENTED_EDGE ( 'NONE', *, *, #3046, .F. ) ;
#3004 = FACE_OUTER_BOUND ( 'NONE', #735, .T. ) ;
#3005 = CARTESIAN_POINT ( 'NONE',  ( 3.738737573734650432, 10.90000000000000036, -2.278273079237739918 ) ) ;
#3006 = EDGE_CURVE ( 'NONE', #3086, #1776, #2361, .T. ) ;
#3007 = ADVANCED_FACE ( 'NONE', ( #3625 ), #2688, .T. ) ;
#3008 = CARTESIAN_POINT ( 'NONE',  ( 4.073395557355615537, 10.90000000000000036, -2.236990633932059769 ) ) ;
#3009 = B_SPLINE_CURVE_WITH_KNOTS ( 'NONE', 3,
 ( #1489, #538, #1246, #3914, #937, #3179, #3633, #3234, #1824, #1515, #2292 ),
 .UNSPECIFIED., .F., .F.,
 ( 4, 1, 1, 1, 1, 1, 1, 1, 4 ),
 ( 0.000000000000000000, 0.1578909745123444897, 0.3067942516334780101, 0.4456741526256969843, 0.5756804356331879369, 0.6946314639267260338, 0.8059778052059960451, 0.9077643550505539727, 1.000000000000000000 ),
 .UNSPECIFIED. ) ;
#3010 = ORIENTED_EDGE ( 'NONE', *, *, #990, .F. ) ;
#3011 = ORIENTED_EDGE ( 'NONE', *, *, #3307, .F. ) ;
#3012 = LINE ( 'NONE', #4029, #3042 ) ;
#3013 = PRODUCT_CONTEXT ( 'NONE', #1680, 'mechanical' ) ;
#3014 = CARTESIAN_POINT ( 'NONE',  ( 3.392242315915159789, 10.90000000000000036, -0.9386084911663931107 ) ) ;
#3015 = EDGE_CURVE ( 'NONE', #3017, #3606, #757, .T. ) ;
#3016 = CARTESIAN_POINT ( 'NONE',  ( 1.550000000000000044, 3.100000000000000089, 2.649999999999999911 ) ) ;
#3017 = VERTEX_POINT ( 'NONE', #340 ) ;
#3018 = LINE ( 'NONE', #1432, #3095 ) ;
#3019 = DIRECTION ( 'NONE',  ( 0.000000000000000000, -1.000000000000000000, 0.000000000000000000 ) ) ;
#3020 = PLANE ( 'NONE',  #2199 ) ;
#3021 = STYLED_ITEM ( 'NONE', ( #2796 ), #1318 ) ;
#3022 = ORIENTED_EDGE ( 'NONE', *, *, #56, .T. ) ;
#3023 = CARTESIAN_POINT ( 'NONE',  ( 0.000000000000000000, 7.100000000000000533, 0.000000000000000000 ) ) ;
#3024 = LINE ( 'NONE', #2416, #1576 ) ;
#3025 = CARTESIAN_POINT ( 'NONE',  ( 3.997094304411905163, 10.90000000000000036, -2.376129967985269875 ) ) ;
#3026 = CARTESIAN_POINT ( 'NONE',  ( 4.120589349693076109, 11.09999999999999964, -1.308350841798079811 ) ) ;
#3027 = DIRECTION ( 'NONE',  ( 0.000000000000000000, -1.000000000000000000, 0.000000000000000000 ) ) ;
#3028 = EDGE_LOOP ( 'NONE', ( #1045, #2534, #3858, #3464 ) ) ;
#3029 = FACE_OUTER_BOUND ( 'NONE', #664, .T. ) ;
#3030 = CARTESIAN_POINT ( 'NONE',  ( 3.584178876948544978, 10.90000000000000036, -2.412554360892305017 ) ) ;
#3031 = CARTESIAN_POINT ( 'NONE',  ( 4.100000000000000533, 24.78707656525730130, 1.525000000000000133 ) ) ;
#3032 = EDGE_CURVE ( 'NONE', #1987, #2150, #3662, .T. ) ;
#3033 = VERTEX_POINT ( 'NONE', #2283 ) ;
#3034 = DIRECTION ( 'NONE',  ( 0.000000000000000000, 0.000000000000000000, -1.000000000000000000 ) ) ;
#3035 = VERTEX_POINT ( 'NONE', #4275 ) ;
#3036 = VECTOR ( 'NONE', #3709, 1000.000000000000000 ) ;
#3037 = B_SPLINE_SURFACE_WITH_KNOTS ( 'NONE', 3, 1, ( 
 ( #2597, #3223 ),
 ( #3585, #1890 ),
 ( #2626, #2924 ),
 ( #558, #1267 ),
 ( #954, #527 ),
 ( #2251, #3089 ),
 ( #3146, #1144 ),
 ( #3932, #215 ),
 ( #1839, #2876 ),
 ( #1479, #1792 ),
 ( #2213, #2903 ),
 ( #1108, #763 ),
 ( #2055, #4203 ),
 ( #412, #1457 ),
 ( #1762, #3117 ),
 ( #3442, #3855 ),
 ( #139, #1171 ),
 ( #839, #2760 ),
 ( #1785, #3373 ) ),
 .UNSPECIFIED., .F., .F., .F.,
 ( 4, 1, 1, 1, 1, 1, 1, 1, 1, 1, 1, 1, 1, 1, 1, 1, 4 ),
 ( 2, 2 ),
 ( 0.000000000000000000, 0.09125792857114779777, 0.1774017172687080146, 0.2586939028057239631, 0.3347914606470454579, 0.4060450965974949922, 0.4735814421468780289, 0.5371871940170570570, 0.5970124112690080587, 0.6545333578100730465, 0.7092861979284389440, 0.7615179959346599636, 0.8118475490470660194, 0.8606042373546139990, 0.9078057491050459671, 0.9542592786578929509, 1.000000000000000000 ),
 ( 0.000000000000000000, 1.000000000000000000 ),
 .UNSPECIFIED. ) ;
#3038 = ADVANCED_FACE ( 'NONE', ( #3797 ), #2994, .F. ) ;
#3039 = EDGE_CURVE ( 'NONE', #3579, #1978, #2211, .T. ) ;
#3040 = CARTESIAN_POINT ( 'NONE',  ( -2.458974358974360008, 11.09999999999999964, 0.6999999999999999556 ) ) ;
#3041 = VERTEX_POINT ( 'NONE', #560 ) ;
#3042 = VECTOR ( 'NONE', #3999, 1000.000000000000000 ) ;
#3043 = DIRECTION ( 'NONE',  ( 1.000000000000000000, 0.000000000000000000, 1.752245935330111879E-16 ) ) ;
#3044 = CARTESIAN_POINT ( 'NONE',  ( 3.417703134546205224, 10.90000000000000036, -2.693109094508430168 ) ) ;
#3045 = CARTESIAN_POINT ( 'NONE',  ( 3.600000000000000089, -7.799999999999999822, 1.044999999999999929 ) ) ;
#3046 = EDGE_CURVE ( 'NONE', #1932, #4142, #2205, .T. ) ;
#3047 = CARTESIAN_POINT ( 'NONE',  ( -5.950000000000000178, 3.100000000000000089, 2.999999999999999112 ) ) ;
#3048 = CARTESIAN_POINT ( 'NONE',  ( -11.75000000000000000, 3.100000000000000089, 1.649999999999989475 ) ) ;
#3049 = ORIENTED_EDGE ( 'NONE', *, *, #2174, .T. ) ;
#3050 = CARTESIAN_POINT ( 'NONE',  ( -3.024999999999999911, 24.78707656525730130, -0.8000000000000000444 ) ) ;
#3051 = TOROIDAL_SURFACE ( 'NONE', #1004, 0.8500000000000000888, 0.5000000000000000000 ) ;
#3052 = DIRECTION ( 'NONE',  ( -1.000000000000000000, 0.000000000000000000, 0.000000000000000000 ) ) ;
#3053 = CARTESIAN_POINT ( 'NONE',  ( -4.000000000000000000, 0.000000000000000000, -1.495000000000000107 ) ) ;
#3054 = DIRECTION ( 'NONE',  ( -1.000000000000000000, 0.000000000000000000, 0.000000000000000000 ) ) ;
#3055 = EDGE_CURVE ( 'NONE', #3768, #2676, #906, .T. ) ;
#3056 = ORIENTED_EDGE ( 'NONE', *, *, #78, .F. ) ;
#3057 = VECTOR ( 'NONE', #1377, 1000.000000000000000 ) ;
#3058 = CARTESIAN_POINT ( 'NONE',  ( -5.950000000000000178, 3.100000000000000089, -2.500000000000000444 ) ) ;
#3059 = ORIENTED_EDGE ( 'NONE', *, *, #3938, .T. ) ;
#3060 = PLANE ( 'NONE',  #1191 ) ;
#3061 = EDGE_LOOP ( 'NONE', ( #1026, #3687, #2457, #1317, #1714, #3190, #2683 ) ) ;
#3062 = DIRECTION ( 'NONE',  ( 0.000000000000000000, -1.000000000000000000, 0.000000000000000000 ) ) ;
#3063 = SURFACE_STYLE_USAGE ( .BOTH. , #3908 ) ;
#3064 = VERTEX_POINT ( 'NONE', #2067 ) ;
#3065 = DIRECTION ( 'NONE',  ( -1.000000000000000000, 0.000000000000000000, 0.000000000000000000 ) ) ;
#3066 = ORIENTED_EDGE ( 'NONE', *, *, #1184, .F. ) ;
#3067 = DIRECTION ( 'NONE',  ( 0.000000000000000000, -1.000000000000000000, 0.000000000000000000 ) ) ;
#3068 = CARTESIAN_POINT ( 'NONE',  ( 3.413711495051569678, 10.90000000000000036, -2.459076149520705190 ) ) ;
#3069 = CARTESIAN_POINT ( 'NONE',  ( 3.417703134546205224, 11.09999999999999964, -2.693109094508430168 ) ) ;
#3070 = EDGE_CURVE ( 'NONE', #3309, #683, #2332, .T. ) ;
#3071 = ADVANCED_FACE ( 'NONE', ( #2168 ), #4137, .F. ) ;
#3072 = DIRECTION ( 'NONE',  ( 1.000000000000000000, 0.000000000000000000, 0.000000000000000000 ) ) ;
#3073 = AXIS2_PLACEMENT_3D ( 'NONE', #1139, #829, #1833 ) ;
#3074 = EDGE_LOOP ( 'NONE', ( #3066, #242, #2347, #3746 ) ) ;
#3075 = VERTEX_POINT ( 'NONE', #2443 ) ;
#3076 = CARTESIAN_POINT ( 'NONE',  ( 3.375000000000000000, 10.90000000000000036, 2.600000000000000089 ) ) ;
#3077 = CIRCLE ( 'NONE', #3957, 0.5000000000000000000 ) ;
#3078 = CARTESIAN_POINT ( 'NONE',  ( -3.587179487179489978, 24.78707656525730130, 1.546153846153845102 ) ) ;
#3079 = CARTESIAN_POINT ( 'NONE',  ( 3.750734775073319760, 10.90000000000000036, -0.8022949072187419706 ) ) ;
#3080 = EDGE_LOOP ( 'NONE', ( #2514, #2344, #3895, #3176 ) ) ;
#3081 = VERTEX_POINT ( 'NONE', #3424 ) ;
#3082 = CARTESIAN_POINT ( 'NONE',  ( 3.024999999999999911, 11.09999999999999964, 2.600000000000000089 ) ) ;
#3083 = CARTESIAN_POINT ( 'NONE',  ( 3.888736520970565103, 11.09999999999999964, -1.790329756374474890 ) ) ;
#3084 = LINE ( 'NONE', #4065, #144 ) ;
#3085 =( NAMED_UNIT ( * ) SI_UNIT ( $, .STERADIAN. ) SOLID_ANGLE_UNIT ( ) );
#3086 = VERTEX_POINT ( 'NONE', #2748 ) ;
#3087 = CARTESIAN_POINT ( 'NONE',  ( 11.75000000000000000, 3.100000000000000089, -1.650000000000000577 ) ) ;
#3088 = EDGE_LOOP ( 'NONE', ( #3739, #1634, #196, #2987 ) ) ;
#3089 = CARTESIAN_POINT ( 'NONE',  ( 3.865940089664395174, 10.90000000000000036, -1.993302204411799838 ) ) ;
#3090 = DIRECTION ( 'NONE',  ( 0.000000000000000000, -1.000000000000000000, 0.000000000000000000 ) ) ;
#3091 = EDGE_CURVE ( 'NONE', #425, #973, #922, .T. ) ;
#3092 = DIRECTION ( 'NONE',  ( 0.000000000000000000, 0.000000000000000000, -1.000000000000000000 ) ) ;
#3093 = DIRECTION ( 'NONE',  ( -1.000000000000000000, 0.000000000000000000, 0.000000000000000000 ) ) ;
#3094 = ORIENTED_EDGE ( 'NONE', *, *, #3414, .F. ) ;
#3095 = VECTOR ( 'NONE', #1728, 1000.000000000000000 ) ;
#3096 = EDGE_CURVE ( 'NONE', #3035, #155, #2314, .T. ) ;
#3097 = DIRECTION ( 'NONE',  ( 0.000000000000000000, 0.000000000000000000, 1.000000000000000000 ) ) ;
#3098 = PLANE ( 'NONE',  #3163 ) ;
#3099 = ORIENTED_EDGE ( 'NONE', *, *, #817, .T. ) ;
#3100 = CARTESIAN_POINT ( 'NONE',  ( -9.500000000000000000, 3.100000000000000089, 0.000000000000000000 ) ) ;
#3101 = FACE_OUTER_BOUND ( 'NONE', #1809, .T. ) ;
#3102 = CARTESIAN_POINT ( 'NONE',  ( -2.050000000000000266, 7.100000000000000533, 0.2500000000000000000 ) ) ;
#3103 = ORIENTED_EDGE ( 'NONE', *, *, #1627, .T. ) ;
#3104 = CARTESIAN_POINT ( 'NONE',  ( -4.000000000000000000, 0.000000000000000000, 1.495000000000000107 ) ) ;
#3105 = EDGE_CURVE ( 'NONE', #683, #3369, #3680, .T. ) ;
#3106 = ORIENTED_EDGE ( 'NONE', *, *, #2852, .F. ) ;
#3107 = PLANE ( 'NONE',  #3073 ) ;
#3108 = VECTOR ( 'NONE', #4152, 1000.000000000000000 ) ;
#3109 = ORIENTED_EDGE ( 'NONE', *, *, #2112, .T. ) ;
#3110 = CARTESIAN_POINT ( 'NONE',  ( 10.89999999999999147, 3.100000000000000089, 2.999999999999999112 ) ) ;
#3111 = AXIS2_PLACEMENT_3D ( 'NONE', #4110, #2863, #818 ) ;
#3112 = PRODUCT_DEFINITION_SHAPE ( 'NONE', 'NONE',  #28 ) ;
#3113 = VERTEX_POINT ( 'NONE', #96 ) ;
#3114 = CARTESIAN_POINT ( 'NONE',  ( -2.535897435897434882, 10.90000000000000036, 1.776923076923075051 ) ) ;
#3115 = ORIENTED_EDGE ( 'NONE', *, *, #169, .T. ) ;
#3116 = LINE ( 'NONE', #2612, #3222 ) ;
#3117 = CARTESIAN_POINT ( 'NONE',  ( 3.650086919159340137, 10.90000000000000036, -2.369281844343415155 ) ) ;
#3118 = CARTESIAN_POINT ( 'NONE',  ( -1.550000000000000044, 10.90000000000000036, -0.2500000000000000000 ) ) ;
#3119 = ORIENTED_EDGE ( 'NONE', *, *, #2880, .F. ) ;
#3120 = EDGE_CURVE ( 'NONE', #3450, #3113, #784, .T. ) ;
#3121 = DIRECTION ( 'NONE',  ( 0.000000000000000000, 0.000000000000000000, -1.000000000000000000 ) ) ;
#3122 = PRESENTATION_LAYER_ASSIGNMENT (  '', '', ( #2745 ) ) ;
#3123 = CARTESIAN_POINT ( 'NONE',  ( 3.878288943335039818, 11.09999999999999964, -1.506590620034810035 ) ) ;
#3124 = CARTESIAN_POINT ( 'NONE',  ( -1.550000000000000044, 10.90000000000000036, -2.649999999999999911 ) ) ;
#3125 = VERTEX_POINT ( 'NONE', #1445 ) ;
#3126 = EDGE_CURVE ( 'NONE', #3041, #3450, #2123, .T. ) ;
#3127 = CIRCLE ( 'NONE', #194, 1.650000000000000577 ) ;
#3128 = CARTESIAN_POINT ( 'NONE',  ( -2.458974358974360008, 10.90000000000000036, 0.9307692307692310152 ) ) ;
#3129 = DIRECTION ( 'NONE',  ( 0.000000000000000000, 0.000000000000000000, -1.000000000000000000 ) ) ;
#3130 = EDGE_CURVE ( 'NONE', #2208, #3340, #2340, .T. ) ;
#3131 = CARTESIAN_POINT ( 'NONE',  ( -2.458974358974360008, 11.09999999999999964, 0.6999999999999999556 ) ) ;
#3132 = ORIENTED_EDGE ( 'NONE', *, *, #3922, .F. ) ;
#3133 = CARTESIAN_POINT ( 'NONE',  ( 4.000000000000000000, 0.000000000000000000, -1.044999999999999929 ) ) ;
#3134 = LINE ( 'NONE', #186, #1746 ) ;
#3135 = CARTESIAN_POINT ( 'NONE',  ( -3.869230769230769695, 11.09999999999999964, 0.6999999999999999556 ) ) ;
#3136 = AXIS2_PLACEMENT_3D ( 'NONE', #1754, #1697, #3433 ) ;
#3137 = CARTESIAN_POINT ( 'NONE',  ( -1.550000000000000044, 10.90000000000000036, 2.649999999999999911 ) ) ;
#3138 = EDGE_CURVE ( 'NONE', #1739, #249, #3816, .T. ) ;
#3139 = EDGE_LOOP ( 'NONE', ( #2684, #3677, #2238, #3230 ) ) ;
#3140 = FACE_OUTER_BOUND ( 'NONE', #2526, .T. ) ;
#3141 = CARTESIAN_POINT ( 'NONE',  ( -3.587179487179489978, 11.09999999999999964, 1.546153846153845102 ) ) ;
#3142 = EDGE_CURVE ( 'NONE', #3379, #2792, #3807, .T. ) ;
#3143 = CARTESIAN_POINT ( 'NONE',  ( 2.530769230769230216, 10.90000000000000036, -0.6999999999999999556 ) ) ;
#3144 = ORIENTED_EDGE ( 'NONE', *, *, #2572, .T. ) ;
#3145 = LINE ( 'NONE', #890, #1696 ) ;
#3146 = CARTESIAN_POINT ( 'NONE',  ( 3.851649458239700063, 11.09999999999999964, -2.051691603631510041 ) ) ;
#3147 = CARTESIAN_POINT ( 'NONE',  ( -5.950000000000000178, 0.000000000000000000, 2.999999999999999112 ) ) ;
#3148 = VERTEX_POINT ( 'NONE', #3829 ) ;
#3149 = CARTESIAN_POINT ( 'NONE',  ( 3.600000000000000089, -8.300000000000000711, -1.495000000000000107 ) ) ;
#3150 = DIRECTION ( 'NONE',  ( 0.000000000000000000, 0.000000000000000000, 1.000000000000000000 ) ) ;
#3151 = EDGE_CURVE ( 'NONE', #3379, #2279, #2201, .T. ) ;
#3152 = ORIENTED_EDGE ( 'NONE', *, *, #3520, .F. ) ;
#3153 = LINE ( 'NONE', #2310, #259 ) ;
#3154 = DIRECTION ( 'NONE',  ( 0.000000000000000000, 0.000000000000000000, 1.000000000000000000 ) ) ;
#3155 = ORIENTED_EDGE ( 'NONE', *, *, #4297, .T. ) ;
#3156 = VECTOR ( 'NONE', #3529, 1000.000000000000000 ) ;
#3157 = DIRECTION ( 'NONE',  ( 1.000000000000000000, -0.000000000000000000, -1.752245935330111879E-16 ) ) ;
#3158 = EDGE_CURVE ( 'NONE', #4087, #3393, #3670, .T. ) ;
#3159 = CARTESIAN_POINT ( 'NONE',  ( 2.812820512820514818, 24.78707656525730130, -0.9307692307692310152 ) ) ;
#3160 = CARTESIAN_POINT ( 'NONE',  ( 3.218269230769230216, 11.09999999999999964, -2.469230769230769784 ) ) ;
#3161 = ORIENTED_EDGE ( 'NONE', *, *, #953, .T. ) ;
#3162 = VECTOR ( 'NONE', #2890, 1000.000000000000000 ) ;
#3163 = AXIS2_PLACEMENT_3D ( 'NONE', #1088, #2149, #449 ) ;
#3164 = ADVANCED_FACE ( 'NONE', ( #2110 ), #1084, .F. ) ;
#3165 = DIRECTION ( 'NONE',  ( 0.000000000000000000, 0.000000000000000000, -1.000000000000000000 ) ) ;
#3166 = EDGE_CURVE ( 'NONE', #725, #2349, #2351, .T. ) ;
#3167 = PLANE ( 'NONE',  #796 ) ;
#3168 = ORIENTED_EDGE ( 'NONE', *, *, #3846, .T. ) ;
#3169 = FACE_OUTER_BOUND ( 'NONE', #3440, .T. ) ;
#3170 = DIRECTION ( 'NONE',  ( 0.000000000000000000, 0.000000000000000000, -1.000000000000000000 ) ) ;
#3171 = ORIENTED_EDGE ( 'NONE', *, *, #3989, .F. ) ;
#3172 = CARTESIAN_POINT ( 'NONE',  ( 5.950000000000000178, 0.000000000000000000, 3.149999999999999911 ) ) ;
#3173 =( GEOMETRIC_REPRESENTATION_CONTEXT ( 3 ) GLOBAL_UNCERTAINTY_ASSIGNED_CONTEXT ( ( #3236 ) ) GLOBAL_UNIT_ASSIGNED_CONTEXT ( ( #3319, #994, #1044 ) ) REPRESENTATION_CONTEXT ( 'NONE', 'WORKASPACE' ) );
#3174 = CARTESIAN_POINT ( 'NONE',  ( 3.813162939718460098, 11.09999999999999964, -1.252398394000926007 ) ) ;
#3175 = CARTESIAN_POINT ( 'NONE',  ( 10.90000000000000036, 3.100000000000000089, 1.649999999999999245 ) ) ;
#3176 = ORIENTED_EDGE ( 'NONE', *, *, #2891, .F. ) ;
#3177 = LINE ( 'NONE', #2569, #1644 ) ;
#3178 = ORIENTED_EDGE ( 'NONE', *, *, #1502, .T. ) ;
#3179 = CARTESIAN_POINT ( 'NONE',  ( 3.417703134546205224, 11.09999999999999964, -2.693109094508430168 ) ) ;
#3180 = DIRECTION ( 'NONE',  ( -1.000000000000000000, 0.000000000000000000, 0.000000000000000000 ) ) ;
#3181 = CARTESIAN_POINT ( 'NONE',  ( 3.600000000000000089, 0.000000000000000000, -1.495000000000000107 ) ) ;
#3182 = DIRECTION ( 'NONE',  ( 0.000000000000000000, -1.000000000000000000, 0.000000000000000000 ) ) ;
#3183 = ORIENTED_EDGE ( 'NONE', *, *, #3883, .F. ) ;
#3184 = VECTOR ( 'NONE', #2132, 1000.000000000000000 ) ;
#3185 = CARTESIAN_POINT ( 'NONE',  ( -10.89999999999999147, 2.600000000000000089, -3.000000000000000888 ) ) ;
#3186 = EDGE_CURVE ( 'NONE', #468, #3641, #867, .T. ) ;
#3187 = ORIENTED_EDGE ( 'NONE', *, *, #1370, .F. ) ;
#3188 = DIRECTION ( 'NONE',  ( 0.000000000000000000, -1.000000000000000000, 0.000000000000000000 ) ) ;
#3189 = CARTESIAN_POINT ( 'NONE',  ( 3.738737573734650432, 11.09999999999999964, -2.278273079237739918 ) ) ;
#3190 = ORIENTED_EDGE ( 'NONE', *, *, #3105, .F. ) ;
#3191 = VERTEX_POINT ( 'NONE', #1281 ) ;
#3192 = EDGE_CURVE ( 'NONE', #3334, #4095, #746, .T. ) ;
#3193 = CARTESIAN_POINT ( 'NONE',  ( -4.100000000000000533, 10.90000000000000036, -1.525000000000000133 ) ) ;
#3194 = CARTESIAN_POINT ( 'NONE',  ( -2.535897435897434882, 11.09999999999999964, 1.546153846153845102 ) ) ;
#3195 = ORIENTED_EDGE ( 'NONE', *, *, #853, .T. ) ;
#3196 = CARTESIAN_POINT ( 'NONE',  ( 2.050000000000000266, 10.90000000000000036, -3.149999999999999911 ) ) ;
#3197 = DIRECTION ( 'NONE',  ( 0.000000000000000000, -1.000000000000000000, 0.000000000000000000 ) ) ;
#3198 = ORIENTED_EDGE ( 'NONE', *, *, #1502, .F. ) ;
#3199 = DIRECTION ( 'NONE',  ( 0.000000000000000000, 0.000000000000000000, -1.000000000000000000 ) ) ;
#3200 = CARTESIAN_POINT ( 'NONE',  ( 3.686097470988915159, 10.90000000000000036, -1.061309807544167816 ) ) ;
#3201 =( NAMED_UNIT ( * ) PLANE_ANGLE_UNIT ( ) SI_UNIT ( $, .RADIAN. ) );
#3202 = DIRECTION ( 'NONE',  ( -2.454797371665295086E-16, 0.000000000000000000, -1.000000000000000000 ) ) ;
#3203 = ORIENTED_EDGE ( 'NONE', *, *, #1261, .F. ) ;
#3204 = LINE ( 'NONE', #1447, #322 ) ;
#3205 = EDGE_LOOP ( 'NONE', ( #2256, #717, #3723, #3599 ) ) ;
#3206 = CARTESIAN_POINT ( 'NONE',  ( 5.950000000000000178, 0.000000000000000000, 2.999999999999999112 ) ) ;
#3207 = DIRECTION ( 'NONE',  ( 0.000000000000000000, 1.000000000000000000, 0.000000000000000000 ) ) ;
#3208 = CARTESIAN_POINT ( 'NONE',  ( 3.649803556244809677, 10.90000000000000036, -2.649699295179889891 ) ) ;
#3209 = ORIENTED_EDGE ( 'NONE', *, *, #1658, .T. ) ;
#3210 = CARTESIAN_POINT ( 'NONE',  ( 4.000000000000000000, -7.799999999999999822, 1.044999999999999929 ) ) ;
#3211 = LINE ( 'NONE', #1531, #333 ) ;
#3212 = DIRECTION ( 'NONE',  ( 0.000000000000000000, -1.000000000000000000, 0.000000000000000000 ) ) ;
#3213 = ORIENTED_EDGE ( 'NONE', *, *, #1863, .F. ) ;
#3214 = AXIS2_PLACEMENT_3D ( 'NONE', #228, #1675, #646 ) ;
#3215 = DIRECTION ( 'NONE',  ( 0.000000000000000000, 0.000000000000000000, 1.000000000000000000 ) ) ;
#3216 = ORIENTED_EDGE ( 'NONE', *, *, #2184, .F. ) ;
#3217 = CIRCLE ( 'NONE', #20, 1.349999999999999867 ) ;
#3218 = CARTESIAN_POINT ( 'NONE',  ( -2.407692307692309797, 24.78707656525730130, 2.469230769230769784 ) ) ;
#3219 = ORIENTED_EDGE ( 'NONE', *, *, #3015, .T. ) ;
#3220 = DIRECTION ( 'NONE',  ( 1.000000000000000000, 0.000000000000000000, 0.000000000000000000 ) ) ;
#3221 = ORIENTED_EDGE ( 'NONE', *, *, #2517, .F. ) ;
#3222 = VECTOR ( 'NONE', #2582, 1000.000000000000000 ) ;
#3223 = CARTESIAN_POINT ( 'NONE',  ( 3.889743589743590135, 10.90000000000000036, -1.715224358974360097 ) ) ;
#3224 = CARTESIAN_POINT ( 'NONE',  ( 2.299999999999999822, 24.78707656525730130, 1.525000000000000133 ) ) ;
#3225 = CARTESIAN_POINT ( 'NONE',  ( -3.375000000000000000, 11.09999999999999964, -0.8000000000000000444 ) ) ;
#3226 = DIRECTION ( 'NONE',  ( 1.000000000000000000, 0.000000000000000000, 0.000000000000000000 ) ) ;
#3227 = MECHANICAL_DESIGN_GEOMETRIC_PRESENTATION_REPRESENTATION (  '', ( #118 ), #2701 ) ;
#3228 = CARTESIAN_POINT ( 'NONE',  ( 0.000000000000000000, 0.000000000000000000, 0.000000000000000000 ) ) ;
#3229 = CARTESIAN_POINT ( 'NONE',  ( 5.950000000000000178, 3.100000000000000089, 2.999999999999999112 ) ) ;
#3230 = ORIENTED_EDGE ( 'NONE', *, *, #3091, .F. ) ;
#3231 = LINE ( 'NONE', #2189, #3162 ) ;
#3232 = ORIENTED_EDGE ( 'NONE', *, *, #2354, .T. ) ;
#3233 = ADVANCED_FACE ( 'NONE', ( #677 ), #199, .F. ) ;
#3234 = CARTESIAN_POINT ( 'NONE',  ( 3.499240873925709927, 11.09999999999999964, -2.684441503409919605 ) ) ;
#3235 = DIRECTION ( 'NONE',  ( -1.000000000000000000, 0.000000000000000000, -2.990902544787600071E-16 ) ) ;
#3236 = UNCERTAINTY_MEASURE_WITH_UNIT (LENGTH_MEASURE( 1.000000000000000082E-05 ), #3319, 'distance_accuracy_value', 'NONE');
#3237 = EDGE_CURVE ( 'NONE', #2150, #261, #2178, .T. ) ;
#3238 = CARTESIAN_POINT ( 'NONE',  ( 3.649803556244809677, 11.09999999999999964, -2.649699295179889891 ) ) ;
#3239 = ORIENTED_EDGE ( 'NONE', *, *, #2763, .F. ) ;
#3240 = DIRECTION ( 'NONE',  ( 1.000000000000000000, 0.000000000000000000, 0.000000000000000000 ) ) ;
#3241 = FACE_OUTER_BOUND ( 'NONE', #1580, .T. ) ;
#3242 = DIRECTION ( 'NONE',  ( 1.000000000000000000, 0.000000000000000000, 0.000000000000000000 ) ) ;
#3243 = ORIENTED_EDGE ( 'NONE', *, *, #3698, .F. ) ;
#3244 = ADVANCED_FACE ( 'NONE', ( #2188 ), #3915, .T. ) ;
#3245 = ORIENTED_EDGE ( 'NONE', *, *, #2580, .T. ) ;
#3246 = DIRECTION ( 'NONE',  ( 0.000000000000000000, -1.000000000000000000, 0.000000000000000000 ) ) ;
#3247 = CARTESIAN_POINT ( 'NONE',  ( 3.218269230769230216, 11.09999999999999964, -2.469230769230769784 ) ) ;
#3248 = CARTESIAN_POINT ( 'NONE',  ( 3.560530731003324956, 11.09999999999999964, -2.422854494830439798 ) ) ;
#3249 = EDGE_CURVE ( 'NONE', #339, #508, #2309, .T. ) ;
#3250 = ORIENTED_EDGE ( 'NONE', *, *, #1590, .F. ) ;
#3251 = ORIENTED_EDGE ( 'NONE', *, *, #1351, .F. ) ;
#3252 = ORIENTED_EDGE ( 'NONE', *, *, #1551, .F. ) ;
#3253 = CARTESIAN_POINT ( 'NONE',  ( 4.024617230478384933, 10.90000000000000036, -1.077978688153305775 ) ) ;
#3254 = CARTESIAN_POINT ( 'NONE',  ( 3.271963749032134938, 11.09999999999999964, -2.468587476016619764 ) ) ;
#3255 = ORIENTED_EDGE ( 'NONE', *, *, #3782, .T. ) ;
#3256 = CARTESIAN_POINT ( 'NONE',  ( 4.171257627318910366, 11.09999999999999964, -1.673932400105180074 ) ) ;
#3257 = DIRECTION ( 'NONE',  ( 1.000000000000000000, 0.000000000000000000, 0.000000000000000000 ) ) ;
#3258 = ORIENTED_EDGE ( 'NONE', *, *, #42, .T. ) ;
#3259 = DIRECTION ( 'NONE',  ( 0.000000000000000000, 0.000000000000000000, 1.000000000000000000 ) ) ;
#3260 = DIRECTION ( 'NONE',  ( -0.000000000000000000, 1.000000000000000000, 0.000000000000000000 ) ) ;
#3261 = ORIENTED_EDGE ( 'NONE', *, *, #940, .F. ) ;
#3262 = CARTESIAN_POINT ( 'NONE',  ( -3.375000000000000000, 24.78707656525730130, -1.875000000000000000 ) ) ;
#3263 = CYLINDRICAL_SURFACE ( 'NONE', #3363, 0.5000000000000004441 ) ;
#3264 = CARTESIAN_POINT ( 'NONE',  ( 4.171794871794870296, 10.90000000000000036, -1.710817307692309885 ) ) ;
#3265 = ADVANCED_FACE ( 'NONE', ( #3589 ), #2806, .T. ) ;
#3266 = EDGE_CURVE ( 'NONE', #2063, #1217, #879, .T. ) ;
#3267 = CARTESIAN_POINT ( 'NONE',  ( -12.25000000000000000, 3.100000000000000089, -1.649999999999990807 ) ) ;
#3268 = AXIS2_PLACEMENT_3D ( 'NONE', #1757, #3848, #2085 ) ;
#3269 = CARTESIAN_POINT ( 'NONE',  ( 3.851649458239700063, 11.09999999999999964, -2.051691603631510041 ) ) ;
#3270 = DIRECTION ( 'NONE',  ( 0.000000000000000000, 1.000000000000000000, 0.000000000000000000 ) ) ;
#3271 = EDGE_LOOP ( 'NONE', ( #4134, #3402, #2034, #553 ) ) ;
#3272 = EDGE_LOOP ( 'NONE', ( #3812, #1493, #3059, #116 ) ) ;
#3273 = DIRECTION ( 'NONE',  ( 0.000000000000000000, -1.000000000000000000, 0.000000000000000000 ) ) ;
#3274 = AXIS2_PLACEMENT_3D ( 'NONE', #319, #2726, #3767 ) ;
#3275 = ORIENTED_EDGE ( 'NONE', *, *, #3006, .T. ) ;
#3276 = VECTOR ( 'NONE', #2746, 1000.000000000000000 ) ;
#3277 = DIRECTION ( 'NONE',  ( 1.000000000000000000, 0.000000000000000000, 0.000000000000000000 ) ) ;
#3278 = CARTESIAN_POINT ( 'NONE',  ( 3.694040606428655060, 11.09999999999999964, -0.7745657103940020161 ) ) ;
#3279 = CARTESIAN_POINT ( 'NONE',  ( 4.167391212398435130, 10.90000000000000036, -1.840448326642499799 ) ) ;
#3280 = ORIENTED_EDGE ( 'NONE', *, *, #3318, .T. ) ;
#3281 = EDGE_CURVE ( 'NONE', #2240, #1623, #3786, .T. ) ;
#3282 = CARTESIAN_POINT ( 'NONE',  ( 3.492439648125020391, 11.09999999999999964, -0.7181953472586870557 ) ) ;
#3283 = DIRECTION ( 'NONE',  ( 0.000000000000000000, 0.000000000000000000, 1.000000000000000000 ) ) ;
#3284 = CARTESIAN_POINT ( 'NONE',  ( 4.152512072541800769, 11.09999999999999964, -1.963119612482169707 ) ) ;
#3285 = ORIENTED_EDGE ( 'NONE', *, *, #1466, .F. ) ;
#3286 = VECTOR ( 'NONE', #2346, 1000.000000000000000 ) ;
#3287 = EDGE_CURVE ( 'NONE', #3643, #2670, #2159, .T. ) ;
#3288 = PLANE ( 'NONE',  #494 ) ;
#3289 = CARTESIAN_POINT ( 'NONE',  ( -10.89999999999999147, 3.100000000000000089, -3.000000000000000888 ) ) ;
#3290 = CARTESIAN_POINT ( 'NONE',  ( 3.889191486603339687, 11.09999999999999964, -1.678607053205015021 ) ) ;
#3291 = CARTESIAN_POINT ( 'NONE',  ( 0.000000000000000000, 0.000000000000000000, 0.000000000000000000 ) ) ;
#3292 = ORIENTED_EDGE ( 'NONE', *, *, #4052, .T. ) ;
#3293 = VECTOR ( 'NONE', #4117, 1000.000000000000000 ) ;
#3294 = ADVANCED_FACE ( 'NONE', ( #706 ), #30, .T. ) ;
#3295 = ORIENTED_EDGE ( 'NONE', *, *, #3249, .F. ) ;
#3296 = DIRECTION ( 'NONE',  ( -1.000000000000000000, 0.000000000000000000, 1.752245935330111386E-16 ) ) ;
#3297 = EDGE_CURVE ( 'NONE', #1871, #3664, #2140, .T. ) ;
#3298 = CARTESIAN_POINT ( 'NONE',  ( 3.600000000000000089, -8.300000000000000711, -1.495000000000000107 ) ) ;
#3299 = ORIENTED_EDGE ( 'NONE', *, *, #2733, .T. ) ;
#3300 = VECTOR ( 'NONE', #998, 1000.000000000000000 ) ;
#3301 = CARTESIAN_POINT ( 'NONE',  ( 3.750734775073319760, 10.90000000000000036, -0.8022949072187419706 ) ) ;
#3302 = CARTESIAN_POINT ( 'NONE',  ( 3.236565885942084719, 11.09999999999999964, -2.469011564095960232 ) ) ;
#3303 = AXIS2_PLACEMENT_3D ( 'NONE', #661, #1603, #3273 ) ;
#3304 = CARTESIAN_POINT ( 'NONE',  ( 4.159872910394390111, 11.09999999999999964, -1.497756692729726113 ) ) ;
#3305 = DIRECTION ( 'NONE',  ( -0.000000000000000000, 1.000000000000000000, 0.000000000000000000 ) ) ;
#3306 = EDGE_LOOP ( 'NONE', ( #3152, #1759, #786, #3261 ) ) ;
#3307 = EDGE_CURVE ( 'NONE', #2080, #1662, #715, .T. ) ;
#3308 = SURFACE_STYLE_FILL_AREA ( #2480 ) ;
#3309 = VERTEX_POINT ( 'NONE', #3996 ) ;
#3310 = CARTESIAN_POINT ( 'NONE',  ( 3.564698562715235219, 10.90000000000000036, -0.7327961543174150716 ) ) ;
#3311 = CARTESIAN_POINT ( 'NONE',  ( 3.889401510046925026, 10.90000000000000036, -1.740736054152180134 ) ) ;
#3312 = AXIS2_PLACEMENT_3D ( 'NONE', #2302, #2641, #2916 ) ;
#3313 = EDGE_LOOP ( 'NONE', ( #1752, #3144, #3775, #729 ) ) ;
#3314 = CARTESIAN_POINT ( 'NONE',  ( -5.950000000000000178, 9.900000000000000355, 3.149999999999999911 ) ) ;
#3315 = CIRCLE ( 'NONE', #4014, 1.650000000000000577 ) ;
#3316 = EDGE_CURVE ( 'NONE', #1093, #533, #3632, .T. ) ;
#3317 = DIRECTION ( 'NONE',  ( 1.000000000000000000, 0.000000000000000000, 0.000000000000000000 ) ) ;
#3318 = EDGE_CURVE ( 'NONE', #111, #971, #1041, .T. ) ;
#3319 =( LENGTH_UNIT ( ) NAMED_UNIT ( * ) SI_UNIT ( .MILLI., .METRE. ) );
#3320 = VERTEX_POINT ( 'NONE', #2996 ) ;
#3321 = VECTOR ( 'NONE', #348, 1000.000000000000000 ) ;
#3322 = VERTEX_POINT ( 'NONE', #1326 ) ;
#3323 = CARTESIAN_POINT ( 'NONE',  ( 3.462266912523559892, 10.90000000000000036, -0.9498855950119000635 ) ) ;
#3324 = AXIS2_PLACEMENT_3D ( 'NONE', #2562, #1255, #1547 ) ;
#3325 = DIRECTION ( 'NONE',  ( 0.000000000000000000, 0.000000000000000000, 1.000000000000000000 ) ) ;
#3326 = EDGE_CURVE ( 'NONE', #2330, #3844, #3939, .T. ) ;
#3327 = CARTESIAN_POINT ( 'NONE',  ( 3.697435897435895402, 10.90000000000000036, -1.072195512820512064 ) ) ;
#3328 = ORIENTED_EDGE ( 'NONE', *, *, #957, .F. ) ;
#3329 = LINE ( 'NONE', #262, #1849 ) ;
#3330 = CARTESIAN_POINT ( 'NONE',  ( 2.812820512820514818, 10.90000000000000036, -0.9307692307692310152 ) ) ;
#3331 = ORIENTED_EDGE ( 'NONE', *, *, #2739, .F. ) ;
#3332 = ADVANCED_FACE ( 'NONE', ( #930 ), #562, .T. ) ;
#3333 = DIRECTION ( 'NONE',  ( -0.000000000000000000, 1.000000000000000000, 0.000000000000000000 ) ) ;
#3334 = VERTEX_POINT ( 'NONE', #1127 ) ;
#3335 = CARTESIAN_POINT ( 'NONE',  ( 12.25000000000000000, 2.600000000000000089, -1.649999999999990807 ) ) ;
#3336 = CARTESIAN_POINT ( 'NONE',  ( 3.897544611418270133, 10.90000000000000036, -2.494183693459659956 ) ) ;
#3337 = EDGE_CURVE ( 'NONE', #4072, #3436, #2477, .T. ) ;
#3338 = ORIENTED_EDGE ( 'NONE', *, *, #2822, .F. ) ;
#3339 = ORIENTED_EDGE ( 'NONE', *, *, #1525, .T. ) ;
#3340 = VERTEX_POINT ( 'NONE', #2814 ) ;
#3341 = PLANE ( 'NONE',  #1391 ) ;
#3342 = DIRECTION ( 'NONE',  ( -0.000000000000000000, -1.000000000000000000, -0.000000000000000000 ) ) ;
#3343 = CARTESIAN_POINT ( 'NONE',  ( -2.535897435897434882, 11.09999999999999964, 1.546153846153845102 ) ) ;
#3344 = CARTESIAN_POINT ( 'NONE',  ( -5.950000000000000178, 0.000000000000000000, -3.149999999999999911 ) ) ;
#3345 = CARTESIAN_POINT ( 'NONE',  ( -4.950000000000000178, 10.90000000000000036, -3.149999999999999911 ) ) ;
#3346 = ORIENTED_EDGE ( 'NONE', *, *, #427, .F. ) ;
#3347 = DIRECTION ( 'NONE',  ( 0.000000000000000000, 0.000000000000000000, 1.000000000000000000 ) ) ;
#3348 = VECTOR ( 'NONE', #1713, 1000.000000000000000 ) ;
#3349 = VERTEX_POINT ( 'NONE', #3048 ) ;
#3350 = VERTEX_POINT ( 'NONE', #3837 ) ;
#3351 = DIRECTION ( 'NONE',  ( -1.000000000000000000, 0.000000000000000000, 0.000000000000000000 ) ) ;
#3352 = CARTESIAN_POINT ( 'NONE',  ( -3.587179487179489978, 10.90000000000000036, 2.469230769230769784 ) ) ;
#3353 = ORIENTED_EDGE ( 'NONE', *, *, #3766, .T. ) ;
#3354 = LINE ( 'NONE', #1920, #1919 ) ;
#3355 = ORIENTED_EDGE ( 'NONE', *, *, #162, .F. ) ;
#3356 = EDGE_CURVE ( 'NONE', #2349, #360, #2467, .T. ) ;
#3357 = CARTESIAN_POINT ( 'NONE',  ( 3.225080128205130237, 11.09999999999999964, -0.9307692307692310152 ) ) ;
#3358 = CARTESIAN_POINT ( 'NONE',  ( 3.218269230769230216, 10.90000000000000036, -2.469230769230769784 ) ) ;
#3359 = VERTEX_POINT ( 'NONE', #451 ) ;
#3360 = CARTESIAN_POINT ( 'NONE',  ( 3.568028846153844746, 10.90000000000000036, -2.671153846153844658 ) ) ;
#3361 = DIRECTION ( 'NONE',  ( 0.000000000000000000, 1.000000000000000000, 0.000000000000000000 ) ) ;
#3362 = DIRECTION ( 'NONE',  ( 1.927470528863120133E-15, 0.000000000000000000, 1.000000000000000000 ) ) ;
#3363 = AXIS2_PLACEMENT_3D ( 'NONE', #4271, #589, #3220 ) ;
#3364 = DIRECTION ( 'NONE',  ( 0.000000000000000000, 1.000000000000000000, 0.000000000000000000 ) ) ;
#3365 = DIRECTION ( 'NONE',  ( 0.000000000000000000, -1.000000000000000000, 0.000000000000000000 ) ) ;
#3366 = ORIENTED_EDGE ( 'NONE', *, *, #1009, .F. ) ;
#3367 = LINE ( 'NONE', #2041, #3378 ) ;
#3368 = CARTESIAN_POINT ( 'NONE',  ( -3.600000000000000089, 0.000000000000000000, -1.495000000000000107 ) ) ;
#3369 = VERTEX_POINT ( 'NONE', #1492 ) ;
#3370 = ADVANCED_FACE ( 'NONE', ( #1021 ), #4240, .T. ) ;
#3371 = PLANE ( 'NONE',  #2817 ) ;
#3372 = CARTESIAN_POINT ( 'NONE',  ( 4.171794871794870296, 11.09999999999999964, -1.710817307692309885 ) ) ;
#3373 = CARTESIAN_POINT ( 'NONE',  ( 3.548798076923074696, 10.90000000000000036, -2.427964743589744678 ) ) ;
#3374 = PLANE ( 'NONE',  #3268 ) ;
#3375 = CARTESIAN_POINT ( 'NONE',  ( 3.680852044684720159, 10.90000000000000036, -2.342270004954174922 ) ) ;
#3376 = VERTEX_POINT ( 'NONE', #509 ) ;
#3377 = FILL_AREA_STYLE ('',( #1362 ) ) ;
#3378 = VECTOR ( 'NONE', #3800, 1000.000000000000000 ) ;
#3379 = VERTEX_POINT ( 'NONE', #2610 ) ;
#3380 = CARTESIAN_POINT ( 'NONE',  ( 10.89999999999999147, 3.100000000000000089, 2.999999999999999112 ) ) ;
#3381 = CARTESIAN_POINT ( 'NONE',  ( -3.587179487179489978, 24.78707656525730130, 2.469230769230769784 ) ) ;
#3382 = ORIENTED_EDGE ( 'NONE', *, *, #1670, .T. ) ;
#3383 = VECTOR ( 'NONE', #1783, 1000.000000000000000 ) ;
#3384 = ORIENTED_EDGE ( 'NONE', *, *, #4045, .T. ) ;
#3385 = ORIENTED_EDGE ( 'NONE', *, *, #1512, .F. ) ;
#3386 = EDGE_CURVE ( 'NONE', #508, #1096, #2483, .T. ) ;
#3387 = CARTESIAN_POINT ( 'NONE',  ( -2.407692307692309797, 11.09999999999999964, 2.469230769230769784 ) ) ;
#3388 = CARTESIAN_POINT ( 'NONE',  ( 3.662902481860434989, 11.09999999999999964, -1.039040948922437924 ) ) ;
#3389 = CARTESIAN_POINT ( 'NONE',  ( 3.370475651358565194, 10.90000000000000036, -2.464127135101724875 ) ) ;
#3390 = EDGE_LOOP ( 'NONE', ( #3250, #2631, #4017, #3850 ) ) ;
#3391 = CARTESIAN_POINT ( 'NONE',  ( 3.371875137137759992, 10.90000000000000036, -2.696182417864169789 ) ) ;
#3392 = CARTESIAN_POINT ( 'NONE',  ( 3.600000000000000089, -8.300000000000000711, 1.044999999999999929 ) ) ;
#3393 = VERTEX_POINT ( 'NONE', #964 ) ;
#3394 = ORIENTED_EDGE ( 'NONE', *, *, #2753, .F. ) ;
#3395 = CARTESIAN_POINT ( 'NONE',  ( -4.000000000000000000, -7.799999999999999822, -1.495000000000000107 ) ) ;
#3396 = DIRECTION ( 'NONE',  ( 0.000000000000000000, 0.000000000000000000, 1.000000000000000000 ) ) ;
#3397 = CARTESIAN_POINT ( 'NONE',  ( -3.375000000000000000, 11.09999999999999964, -1.525000000000000133 ) ) ;
#3398 = ADVANCED_FACE ( 'NONE', ( #2449 ), #1183, .T. ) ;
#3399 = ORIENTED_EDGE ( 'NONE', *, *, #3466, .F. ) ;
#3400 = FACE_OUTER_BOUND ( 'NONE', #4162, .T. ) ;
#3401 = VERTEX_POINT ( 'NONE', #2934 ) ;
#3402 = ORIENTED_EDGE ( 'NONE', *, *, #3386, .F. ) ;
#3403 =( NAMED_UNIT ( * ) PLANE_ANGLE_UNIT ( ) SI_UNIT ( $, .RADIAN. ) );
#3404 = DIRECTION ( 'NONE',  ( 0.000000000000000000, 0.000000000000000000, -1.000000000000000000 ) ) ;
#3405 = VERTEX_POINT ( 'NONE', #905 ) ;
#3406 = CARTESIAN_POINT ( 'NONE',  ( -5.950000000000000178, 9.900000000000000355, -3.149999999999999911 ) ) ;
#3407 = VECTOR ( 'NONE', #2769, 1000.000000000000000 ) ;
#3408 = ORIENTED_EDGE ( 'NONE', *, *, #2800, .F. ) ;
#3409 = ORIENTED_EDGE ( 'NONE', *, *, #1364, .T. ) ;
#3410 = ADVANCED_FACE ( 'NONE', ( #2462 ), #1490, .F. ) ;
#3411 = CARTESIAN_POINT ( 'NONE',  ( -12.25000000000000000, 2.600000000000000089, 1.649999999999989475 ) ) ;
#3412 = DIRECTION ( 'NONE',  ( 0.000000000000000000, 0.000000000000000000, -1.000000000000000000 ) ) ;
#3413 = ORIENTED_EDGE ( 'NONE', *, *, #4157, .T. ) ;
#3414 = EDGE_CURVE ( 'NONE', #3405, #1894, #3925, .T. ) ;
#3415 = LINE ( 'NONE', #682, #3465 ) ;
#3416 = ORIENTED_EDGE ( 'NONE', *, *, #2097, .F. ) ;
#3417 = DIRECTION ( 'NONE',  ( 0.000000000000000000, 0.000000000000000000, 1.000000000000000000 ) ) ;
#3418 = DIRECTION ( 'NONE',  ( 0.000000000000000000, 0.000000000000000000, 1.000000000000000000 ) ) ;
#3419 = CARTESIAN_POINT ( 'NONE',  ( 3.214663461538459721, 24.78707656525730130, -2.700000000000000178 ) ) ;
#3420 = AXIS2_PLACEMENT_3D ( 'NONE', #1807, #402, #50 ) ;
#3421 = CARTESIAN_POINT ( 'NONE',  ( 2.050000000000000266, 7.100000000000000533, 0.2500000000000000000 ) ) ;
#3422 = ORIENTED_EDGE ( 'NONE', *, *, #2017, .F. ) ;
#3423 = PLANE ( 'NONE',  #1234 ) ;
#3424 = CARTESIAN_POINT ( 'NONE',  ( 3.375000000000000000, 11.09999999999999964, 1.875000000000000000 ) ) ;
#3425 = ORIENTED_EDGE ( 'NONE', *, *, #16, .T. ) ;
#3426 = DIRECTION ( 'NONE',  ( 0.000000000000000000, 0.000000000000000000, -1.000000000000000000 ) ) ;
#3427 = EDGE_CURVE ( 'NONE', #3503, #1258, #3930, .T. ) ;
#3428 = DIRECTION ( 'NONE',  ( 0.000000000000000000, -1.000000000000000000, 0.000000000000000000 ) ) ;
#3429 = CARTESIAN_POINT ( 'NONE',  ( 3.600000000000000089, -7.799999999999999822, 1.495000000000000107 ) ) ;
#3430 = ORIENTED_EDGE ( 'NONE', *, *, #1488, .F. ) ;
#3431 = LINE ( 'NONE', #2197, #1973 ) ;
#3432 = EDGE_LOOP ( 'NONE', ( #3613, #845, #808, #1731 ) ) ;
#3433 = DIRECTION ( 'NONE',  ( 1.000000000000000000, 0.000000000000000000, 0.000000000000000000 ) ) ;
#3434 = DIRECTION ( 'NONE',  ( -1.000000000000000000, 0.000000000000000000, 0.000000000000000000 ) ) ;
#3435 = EDGE_CURVE ( 'NONE', #1958, #601, #1047, .T. ) ;
#3436 = VERTEX_POINT ( 'NONE', #224 ) ;
#3437 = PLANE ( 'NONE',  #1596 ) ;
#3438 = LINE ( 'NONE', #3087, #873 ) ;
#3439 = ORIENTED_EDGE ( 'NONE', *, *, #1212, .F. ) ;
#3440 = EDGE_LOOP ( 'NONE', ( #3550, #3596, #478, #3445 ) ) ;
#3441 = CARTESIAN_POINT ( 'NONE',  ( -3.600000000000000089, -8.300000000000000711, -1.044999999999999929 ) ) ;
#3442 = CARTESIAN_POINT ( 'NONE',  ( 3.617832443443975254, 11.09999999999999964, -2.392712362754049860 ) ) ;
#3443 = CARTESIAN_POINT ( 'NONE',  ( -3.375000000000000000, 24.78707656525730130, -2.600000000000000089 ) ) ;
#3444 = EDGE_CURVE ( 'NONE', #1974, #2165, #3882, .T. ) ;
#3445 = ORIENTED_EDGE ( 'NONE', *, *, #3266, .F. ) ;
#3446 = VECTOR ( 'NONE', #33, 1000.000000000000000 ) ;
#3447 = UNCERTAINTY_MEASURE_WITH_UNIT (LENGTH_MEASURE( 1.000000000000000082E-05 ), #1730, 'distance_accuracy_value', 'NONE');
#3448 = ORIENTED_EDGE ( 'NONE', *, *, #908, .F. ) ;
#3449 = CARTESIAN_POINT ( 'NONE',  ( -4.950000000000000178, 10.90000000000000036, 3.149999999999999911 ) ) ;
#3450 = VERTEX_POINT ( 'NONE', #2523 ) ;
#3451 = DIRECTION ( 'NONE',  ( -1.000000000000000000, 0.000000000000000000, 0.000000000000000000 ) ) ;
#3452 = CARTESIAN_POINT ( 'NONE',  ( -10.89999999999999503, 2.600000000000000089, -2.500000000000000888 ) ) ;
#3453 = EDGE_LOOP ( 'NONE', ( #1051, #3161, #3941, #3570 ) ) ;
#3454 = EDGE_CURVE ( 'NONE', #4037, #861, #2380, .T. ) ;
#3455 = LINE ( 'NONE', #3267, #2035 ) ;
#3456 = CARTESIAN_POINT ( 'NONE',  ( 10.90000000000000036, 2.600000000000000089, -1.650000000000000577 ) ) ;
#3457 = DIRECTION ( 'NONE',  ( 0.000000000000000000, 1.000000000000000000, 0.000000000000000000 ) ) ;
#3458 = ORIENTED_EDGE ( 'NONE', *, *, #1469, .T. ) ;
#3459 = EDGE_LOOP ( 'NONE', ( #4206, #2060, #2568, #3010 ) ) ;
#3460 = DIRECTION ( 'NONE',  ( 0.000000000000000000, 0.000000000000000000, 1.000000000000000000 ) ) ;
#3461 = PLANE ( 'NONE',  #969 ) ;
#3462 = PLANE ( 'NONE',  #547 ) ;
#3463 = VERTEX_POINT ( 'NONE', #3598 ) ;
#3464 = ORIENTED_EDGE ( 'NONE', *, *, #2983, .F. ) ;
#3465 = VECTOR ( 'NONE', #3317, 1000.000000000000000 ) ;
#3466 = EDGE_CURVE ( 'NONE', #1635, #136, #3946, .T. ) ;
#3467 = CLOSED_SHELL ( 'NONE', ( #294, #3934, #3926, #2793, #3038, #900 ) ) ;
#3468 = DIRECTION ( 'NONE',  ( 7.372574772901422263E-15, 0.000000000000000000, -1.000000000000000000 ) ) ;
#3469 = EDGE_CURVE ( 'NONE', #557, #865, #2456, .T. ) ;
#3470 = PLANE ( 'NONE',  #3486 ) ;
#3471 = EDGE_LOOP ( 'NONE', ( #485, #335, #1990, #446 ) ) ;
#3472 = DIRECTION ( 'NONE',  ( 0.000000000000000000, 1.000000000000000000, 0.000000000000000000 ) ) ;
#3473 = VECTOR ( 'NONE', #1707, 1000.000000000000000 ) ;
#3474 = ORIENTED_EDGE ( 'NONE', *, *, #2451, .F. ) ;
#3475 = AXIS2_PLACEMENT_3D ( 'NONE', #1956, #3342, #2009 ) ;
#3476 = DIRECTION ( 'NONE',  ( 1.000000000000000000, 0.000000000000000000, 0.000000000000000000 ) ) ;
#3477 = ADVANCED_FACE ( 'NONE', ( #3910 ), #1010, .T. ) ;
#3478 = ORIENTED_EDGE ( 'NONE', *, *, #465, .F. ) ;
#3479 = ORIENTED_EDGE ( 'NONE', *, *, #2616, .T. ) ;
#3480 = CYLINDRICAL_SURFACE ( 'NONE', #1853, 0.5000000000000000000 ) ;
#3481 = MANIFOLD_SOLID_BREP ( 'NONE', #354 ) ;
#3482 = CARTESIAN_POINT ( 'NONE',  ( -2.407692307692309797, 10.90000000000000036, 2.469230769230769784 ) ) ;
#3483 = ORIENTED_EDGE ( 'NONE', *, *, #1460, .T. ) ;
#3484 = AXIS2_PLACEMENT_3D ( 'NONE', #1470, #2815, #2840 ) ;
#3485 = CARTESIAN_POINT ( 'NONE',  ( 4.000000000000000000, 0.000000000000000000, -1.495000000000000107 ) ) ;
#3486 = AXIS2_PLACEMENT_3D ( 'NONE', #857, #778, #1421 ) ;
#3487 = ORIENTED_EDGE ( 'NONE', *, *, #2989, .F. ) ;
#3488 = VECTOR ( 'NONE', #1962, 1000.000000000000000 ) ;
#3489 = CARTESIAN_POINT ( 'NONE',  ( 11.75000000000000000, 3.100000000000000089, -1.649999999999994582 ) ) ;
#3490 = EDGE_CURVE ( 'NONE', #3588, #1987, #2441, .T. ) ;
#3491 = ORIENTED_EDGE ( 'NONE', *, *, #1497, .T. ) ;
#3492 = PLANE ( 'NONE',  #3111 ) ;
#3493 = EDGE_LOOP ( 'NONE', ( #3399, #4195, #1331, #520 ) ) ;
#3494 = CARTESIAN_POINT ( 'NONE',  ( 10.89999999999999147, 3.100000000000000089, -2.500000000000000888 ) ) ;
#3495 = ORIENTED_EDGE ( 'NONE', *, *, #2933, .F. ) ;
#3496 = AXIS2_PLACEMENT_3D ( 'NONE', #1825, #2144, #1540 ) ;
#3497 = VECTOR ( 'NONE', #3246, 1000.000000000000000 ) ;
#3498 = ORIENTED_EDGE ( 'NONE', *, *, #2215, .T. ) ;
#3499 = DIRECTION ( 'NONE',  ( 0.000000000000000000, 0.000000000000000000, -1.000000000000000000 ) ) ;
#3500 = EDGE_CURVE ( 'NONE', #404, #2707, #3980, .T. ) ;
#3501 = B_SPLINE_SURFACE_WITH_KNOTS ( 'NONE', 3, 1, ( 
 ( #1018, #1647 ),
 ( #532, #1898 ),
 ( #3553, #3936 ),
 ( #3594, #2604 ),
 ( #3969, #3629 ),
 ( #596, #564 ),
 ( #2662, #1328 ),
 ( #2940, #1256 ),
 ( #3576, #882 ),
 ( #1859, #3923 ),
 ( #3247, #3952 ) ),
 .UNSPECIFIED., .F., .F., .F.,
 ( 4, 1, 1, 1, 1, 1, 1, 1, 4 ),
 ( 2, 2 ),
 ( 0.000000000000000000, 0.08742501092859790435, 0.1852478649797585086, 0.2927383539894214959, 0.4112061016770249822, 0.5412455942323231017, 0.6827809385249519192, 0.8360339502047999805, 1.000000000000000000 ),
 ( 0.000000000000000000, 1.000000000000000000 ),
 .UNSPECIFIED. ) ;
#3502 = CARTESIAN_POINT ( 'NONE',  ( 3.835307874093119906, 11.09999999999999964, -2.105925594649834753 ) ) ;
#3503 = VERTEX_POINT ( 'NONE', #3738 ) ;
#3504 = EDGE_LOOP ( 'NONE', ( #1249, #2138, #1105, #2180 ) ) ;
#3505 = CARTESIAN_POINT ( 'NONE',  ( -3.600000000000000089, -8.300000000000000711, 1.044999999999999929 ) ) ;
#3506 = LINE ( 'NONE', #1094, #2044 ) ;
#3507 = EDGE_LOOP ( 'NONE', ( #3346, #2109, #676, #1930, #3213, #1991, #3385, #2008, #417, #3251, #3394, #3495 ) ) ;
#3508 = FACE_OUTER_BOUND ( 'NONE', #917, .T. ) ;
#3509 = EDGE_CURVE ( 'NONE', #4048, #752, #2516, .T. ) ;
#3510 = DIRECTION ( 'NONE',  ( 0.000000000000000000, 0.000000000000000000, -1.000000000000000000 ) ) ;
#3511 = DIRECTION ( 'NONE',  ( -0.7071067811865470176, -0.7071067811865480168, 0.000000000000000000 ) ) ;
#3512 = ORIENTED_EDGE ( 'NONE', *, *, #561, .F. ) ;
#3513 = LINE ( 'NONE', #53, #590 ) ;
#3514 = VERTEX_POINT ( 'NONE', #3672 ) ;
#3515 = DIRECTION ( 'NONE',  ( 1.000000000000000000, 0.000000000000000000, 1.239088197126289880E-15 ) ) ;
#3516 = ORIENTED_EDGE ( 'NONE', *, *, #2406, .T. ) ;
#3517 = LINE ( 'NONE', #2400, #656 ) ;
#3518 = CARTESIAN_POINT ( 'NONE',  ( -4.100000000000000533, 11.09999999999999964, -1.525000000000000133 ) ) ;
#3519 = CARTESIAN_POINT ( 'NONE',  ( -5.950000000000000178, 2.600000000000000089, 2.999999999999999112 ) ) ;
#3520 = EDGE_CURVE ( 'NONE', #4148, #2659, #3836, .T. ) ;
#3521 = ADVANCED_FACE ( 'NONE', ( #939 ), #3867, .F. ) ;
#3522 = ORIENTED_EDGE ( 'NONE', *, *, #1179, .F. ) ;
#3523 = ORIENTED_EDGE ( 'NONE', *, *, #2983, .T. ) ;
#3524 = FACE_OUTER_BOUND ( 'NONE', #1591, .T. ) ;
#3525 = CARTESIAN_POINT ( 'NONE',  ( 3.600000000000000089, -7.799999999999999822, 1.044999999999999929 ) ) ;
#3526 = ORIENTED_EDGE ( 'NONE', *, *, #435, .T. ) ;
#3527 = ORIENTED_EDGE ( 'NONE', *, *, #3427, .T. ) ;
#3528 = LINE ( 'NONE', #1295, #666 ) ;
#3529 = DIRECTION ( 'NONE',  ( 0.000000000000000000, 1.000000000000000000, 0.000000000000000000 ) ) ;
#3530 = CARTESIAN_POINT ( 'NONE',  ( 3.600000000000000089, -8.300000000000000711, 1.495000000000000107 ) ) ;
#3531 = DIRECTION ( 'NONE',  ( 0.000000000000000000, 0.000000000000000000, -1.000000000000000000 ) ) ;
#3532 = CARTESIAN_POINT ( 'NONE',  ( 3.247115384615384848, 10.90000000000000036, -0.6999999999999999556 ) ) ;
#3533 = ORIENTED_EDGE ( 'NONE', *, *, #623, .F. ) ;
#3534 = EDGE_CURVE ( 'NONE', #508, #1061, #958, .T. ) ;
#3535 = VECTOR ( 'NONE', #3188, 1000.000000000000000 ) ;
#3536 = ORIENTED_EDGE ( 'NONE', *, *, #2672, .T. ) ;
#3537 = LINE ( 'NONE', #1145, #2029 ) ;
#3538 = CARTESIAN_POINT ( 'NONE',  ( 3.375000000000000000, 10.90000000000000036, 1.875000000000000000 ) ) ;
#3539 = CARTESIAN_POINT ( 'NONE',  ( 3.712190597147765114, 10.90000000000000036, -1.089066397686376142 ) ) ;
#3540 = EDGE_LOOP ( 'NONE', ( #2024, #651, #1786, #407 ) ) ;
#3541 = DIRECTION ( 'NONE',  ( 1.000000000000000000, 0.000000000000000000, 0.000000000000000000 ) ) ;
#3542 = CIRCLE ( 'NONE', #166, 0.5000000000000000000 ) ;
#3543 = ORIENTED_EDGE ( 'NONE', *, *, #3749, .F. ) ;
#3544 = LINE ( 'NONE', #3974, #3551 ) ;
#3545 = CARTESIAN_POINT ( 'NONE',  ( -4.950000000000000178, 10.90000000000000036, 3.149999999999999911 ) ) ;
#3546 = CARTESIAN_POINT ( 'NONE',  ( 3.492439648125020391, 10.90000000000000036, -0.7181953472586870557 ) ) ;
#3547 = ORIENTED_EDGE ( 'NONE', *, *, #1627, .F. ) ;
#3548 = ORIENTED_EDGE ( 'NONE', *, *, #3001, .F. ) ;
#3549 = FACE_OUTER_BOUND ( 'NONE', #422, .T. ) ;
#3550 = ORIENTED_EDGE ( 'NONE', *, *, #2160, .F. ) ;
#3551 = VECTOR ( 'NONE', #1182, 1000.000000000000000 ) ;
#3552 = DIRECTION ( 'NONE',  ( 1.000000000000000000, 0.000000000000000000, 0.000000000000000000 ) ) ;
#3553 = CARTESIAN_POINT ( 'NONE',  ( 3.520205464316290112, 11.09999999999999964, -2.438428403222760110 ) ) ;
#3554 = ORIENTED_EDGE ( 'NONE', *, *, #2739, .T. ) ;
#3555 = FACE_OUTER_BOUND ( 'NONE', #1955, .T. ) ;
#3556 = DIRECTION ( 'NONE',  ( 0.000000000000000000, 1.000000000000000000, 0.000000000000000000 ) ) ;
#3557 = DIRECTION ( 'NONE',  ( 0.000000000000000000, 0.000000000000000000, 1.000000000000000000 ) ) ;
#3558 = VERTEX_POINT ( 'NONE', #880 ) ;
#3559 = LINE ( 'NONE', #2022, #727 ) ;
#3560 = CARTESIAN_POINT ( 'NONE',  ( 3.726299802237354797, 11.09999999999999964, -2.617718567952125319 ) ) ;
#3561 = ORIENTED_EDGE ( 'NONE', *, *, #2007, .T. ) ;
#3562 = AXIS2_PLACEMENT_3D ( 'NONE', #2262, #2911, #3884 ) ;
#3563 = B_SPLINE_CURVE_WITH_KNOTS ( 'NONE', 3,
 ( #2590, #881, #3921, #1524, #1832, #3892, #2895 ),
 .UNSPECIFIED., .F., .F.,
 ( 4, 1, 1, 1, 4 ),
 ( 0.000000000000000000, 0.2611948526140104865, 0.5131428079415670807, 0.7578093024478970152, 1.000000000000000000 ),
 .UNSPECIFIED. ) ;
#3564 = CARTESIAN_POINT ( 'NONE',  ( -10.89999999999999147, 3.100000000000000089, 2.999999999999999112 ) ) ;
#3565 = CARTESIAN_POINT ( 'NONE',  ( -2.050000000000000266, -7.516648189186459383, -3.149999999999999911 ) ) ;
#3566 = CARTESIAN_POINT ( 'NONE',  ( -3.024999999999999911, 10.90000000000000036, -0.8000000000000000444 ) ) ;
#3567 = EDGE_CURVE ( 'NONE', #927, #973, #2407, .T. ) ;
#3568 = ADVANCED_FACE ( 'NONE', ( #2436 ), #3288, .F. ) ;
#3569 = EDGE_LOOP ( 'NONE', ( #2016, #3927, #2454, #3216 ) ) ;
#3570 = ORIENTED_EDGE ( 'NONE', *, *, #188, .F. ) ;
#3571 = LINE ( 'NONE', #4316, #3488 ) ;
#3572 = CARTESIAN_POINT ( 'NONE',  ( -2.458974358974360008, 11.09999999999999964, 0.9307692307692310152 ) ) ;
#3573 = EDGE_LOOP ( 'NONE', ( #824, #2296, #2209, #1720 ) ) ;
#3574 = FACE_OUTER_BOUND ( 'NONE', #1643, .T. ) ;
#3575 = DIRECTION ( 'NONE',  ( 1.000000000000000000, 0.000000000000000000, 0.000000000000000000 ) ) ;
#3576 = CARTESIAN_POINT ( 'NONE',  ( 3.271963749032134938, 11.09999999999999964, -2.468587476016619764 ) ) ;
#3577 = DIRECTION ( 'NONE',  ( 1.000000000000000000, 0.000000000000000000, 0.000000000000000000 ) ) ;
#3578 = ORIENTED_EDGE ( 'NONE', *, *, #3638, .T. ) ;
#3579 = VERTEX_POINT ( 'NONE', #649 ) ;
#3580 = EDGE_CURVE ( 'NONE', #1131, #1947, #3878, .T. ) ;
#3581 = VECTOR ( 'NONE', #87, 1000.000000000000000 ) ;
#3582 = ORIENTED_EDGE ( 'NONE', *, *, #2466, .F. ) ;
#3583 = EDGE_LOOP ( 'NONE', ( #4021, #901, #2963, #1575 ) ) ;
#3584 = VECTOR ( 'NONE', #903, 1000.000000000000000 ) ;
#3585 = CARTESIAN_POINT ( 'NONE',  ( 3.889401510046925026, 11.09999999999999964, -1.740736054152180134 ) ) ;
#3586 = DIRECTION ( 'NONE',  ( 0.000000000000000000, 1.000000000000000000, 0.000000000000000000 ) ) ;
#3587 = CARTESIAN_POINT ( 'NONE',  ( 10.90000000000000036, 3.100000000000000089, 1.649999999999999245 ) ) ;
#3588 = VERTEX_POINT ( 'NONE', #3194 ) ;
#3589 = FACE_OUTER_BOUND ( 'NONE', #802, .T. ) ;
#3590 = EDGE_CURVE ( 'NONE', #1176, #3558, #3902, .T. ) ;
#3591 = EDGE_LOOP ( 'NONE', ( #3623, #3543, #3813, #726 ) ) ;
#3592 = FACE_OUTER_BOUND ( 'NONE', #2303, .T. ) ;
#3593 = CARTESIAN_POINT ( 'NONE',  ( 3.564698562715235219, 11.09999999999999964, -0.7327961543174150716 ) ) ;
#3594 = CARTESIAN_POINT ( 'NONE',  ( 3.488501682428630346, 11.09999999999999964, -2.446474469422815101 ) ) ;
#3595 = CARTESIAN_POINT ( 'NONE',  ( -1.550000000000000044, 3.100000000000000089, -2.649999999999999911 ) ) ;
#3596 = ORIENTED_EDGE ( 'NONE', *, *, #352, .T. ) ;
#3597 = VECTOR ( 'NONE', #3097, 1000.000000000000000 ) ;
#3598 = CARTESIAN_POINT ( 'NONE',  ( -4.100000000000000533, 10.90000000000000036, -1.525000000000000133 ) ) ;
#3599 = ORIENTED_EDGE ( 'NONE', *, *, #2536, .T. ) ;
#3600 = VECTOR ( 'NONE', #295, 1000.000000000000114 ) ;
#3601 = CARTESIAN_POINT ( 'NONE',  ( 5.950000000000000178, 3.100000000000000089, -3.000000000000001776 ) ) ;
#3602 = EDGE_CURVE ( 'NONE', #4072, #810, #1152, .T. ) ;
#3603 =( NAMED_UNIT ( * ) PLANE_ANGLE_UNIT ( ) SI_UNIT ( $, .RADIAN. ) );
#3604 = ORIENTED_EDGE ( 'NONE', *, *, #702, .T. ) ;
#3605 = DIRECTION ( 'NONE',  ( 0.000000000000000000, 0.000000000000000000, -1.000000000000000000 ) ) ;
#3606 = VERTEX_POINT ( 'NONE', #286 ) ;
#3607 = VECTOR ( 'NONE', #3121, 1000.000000000000000 ) ;
#3608 = ORIENTED_EDGE ( 'NONE', *, *, #3900, .F. ) ;
#3609 = VECTOR ( 'NONE', #2770, 1000.000000000000000 ) ;
#3610 = CARTESIAN_POINT ( 'NONE',  ( -10.90000000000000036, 0.000000000000000000, 1.649999999999999245 ) ) ;
#3611 = CARTESIAN_POINT ( 'NONE',  ( 3.840678656782090084, 11.09999999999999964, -1.328830244128765825 ) ) ;
#3612 = SURFACE_SIDE_STYLE ('',( #2366 ) ) ;
#3613 = ORIENTED_EDGE ( 'NONE', *, *, #4297, .F. ) ;
#3614 = ADVANCED_FACE ( 'NONE', ( #2600 ), #2992, .T. ) ;
#3615 = VERTEX_POINT ( 'NONE', #3722 ) ;
#3616 = VECTOR ( 'NONE', #1608, 1000.000000000000000 ) ;
#3617 = ORIENTED_EDGE ( 'NONE', *, *, #983, .T. ) ;
#3618 = VECTOR ( 'NONE', #4053, 1000.000000000000000 ) ;
#3619 = ORIENTED_EDGE ( 'NONE', *, *, #1829, .T. ) ;
#3620 = CARTESIAN_POINT ( 'NONE',  ( 2.812820512820514818, 11.09999999999999964, -0.9307692307692310152 ) ) ;
#3621 = CARTESIAN_POINT ( 'NONE',  ( 4.091912122772559890, 10.90000000000000036, -1.224439025304373985 ) ) ;
#3622 = CARTESIAN_POINT ( 'NONE',  ( 4.142086077599020477, 10.90000000000000036, -2.021803997042380008 ) ) ;
#3623 = ORIENTED_EDGE ( 'NONE', *, *, #4034, .T. ) ;
#3624 = AXIS2_PLACEMENT_3D ( 'NONE', #1842, #142, #3199 ) ;
#3625 = FACE_OUTER_BOUND ( 'NONE', #1963, .T. ) ;
#3626 = VERTEX_POINT ( 'NONE', #364 ) ;
#3627 = VECTOR ( 'NONE', #3019, 1000.000000000000000 ) ;
#3628 = CARTESIAN_POINT ( 'NONE',  ( 4.024617230478384933, 11.09999999999999964, -1.077978688153305775 ) ) ;
#3629 = CARTESIAN_POINT ( 'NONE',  ( 3.453119941125879944, 10.90000000000000036, -2.453879079032005084 ) ) ;
#3630 = CARTESIAN_POINT ( 'NONE',  ( 3.858894230769229772, 10.90000000000000036, -2.528125000000000178 ) ) ;
#3631 = ORIENTED_EDGE ( 'NONE', *, *, #885, .F. ) ;
#3632 = LINE ( 'NONE', #2285, #2420 ) ;
#3633 = CARTESIAN_POINT ( 'NONE',  ( 3.460176467659834998, 11.09999999999999964, -2.689017228444450236 ) ) ;
#3634 = FILL_AREA_STYLE_COLOUR ( '', #1034 ) ;
#3635 = ORIENTED_EDGE ( 'NONE', *, *, #3130, .T. ) ;
#3636 = VERTEX_POINT ( 'NONE', #1081 ) ;
#3637 = TOROIDAL_SURFACE ( 'NONE', #3795, 0.8500000000000000888, 0.5000000000000000000 ) ;
#3638 = EDGE_CURVE ( 'NONE', #3450, #591, #2608, .T. ) ;
#3639 = CARTESIAN_POINT ( 'NONE',  ( -4.000000000000000000, -7.799999999999999822, 1.044999999999999929 ) ) ;
#3640 = FILL_AREA_STYLE_COLOUR ( '', #1336 ) ;
#3641 = VERTEX_POINT ( 'NONE', #1180 ) ;
#3642 = CARTESIAN_POINT ( 'NONE',  ( 5.950000000000000178, 10.90000000000000036, 3.149999999999999911 ) ) ;
#3643 = VERTEX_POINT ( 'NONE', #479 ) ;
#3644 = VECTOR ( 'NONE', #3129, 1000.000000000000000 ) ;
#3645 = EDGE_LOOP ( 'NONE', ( #2129, #2645, #2118, #2638 ) ) ;
#3646 = VECTOR ( 'NONE', #852, 1000.000000000000000 ) ;
#3647 = DIRECTION ( 'NONE',  ( 0.000000000000000000, -1.000000000000000000, 0.000000000000000000 ) ) ;
#3648 = CARTESIAN_POINT ( 'NONE',  ( 3.765554737200915270, 11.09999999999999964, -2.240882783988970228 ) ) ;
#3649 = EDGE_CURVE ( 'NONE', #1096, #3626, #1196, .T. ) ;
#3650 = ORIENTED_EDGE ( 'NONE', *, *, #3126, .T. ) ;
#3651 = EDGE_LOOP ( 'NONE', ( #1434, #2053 ) ) ;
#3652 = DIRECTION ( 'NONE',  ( 0.000000000000000000, 0.000000000000000000, 1.000000000000000000 ) ) ;
#3653 = FACE_OUTER_BOUND ( 'NONE', #2492, .T. ) ;
#3654 = ORIENTED_EDGE ( 'NONE', *, *, #376, .T. ) ;
#3655 = FACE_OUTER_BOUND ( 'NONE', #1867, .T. ) ;
#3656 = DIRECTION ( 'NONE',  ( 1.000000000000000000, 0.000000000000000000, -5.421010862427539919E-16 ) ) ;
#3657 = EDGE_CURVE ( 'NONE', #1178, #687, #4018, .T. ) ;
#3658 = CARTESIAN_POINT ( 'NONE',  ( 3.803558654875299538, 10.90000000000000036, -0.8331766423787499987 ) ) ;
#3659 = CARTESIAN_POINT ( 'NONE',  ( 3.539630647044699874, 11.09999999999999964, -2.431319626449734983 ) ) ;
#3660 = ADVANCED_FACE ( 'NONE', ( #4120 ), #1277, .T. ) ;
#3661 = EDGE_LOOP ( 'NONE', ( #3119, #3760, #3353, #588 ) ) ;
#3662 = LINE ( 'NONE', #1922, #2131 ) ;
#3663 = ORIENTED_EDGE ( 'NONE', *, *, #2865, .F. ) ;
#3664 = VERTEX_POINT ( 'NONE', #1872 ) ;
#3665 = VECTOR ( 'NONE', #3511, 1000.000000000000000 ) ;
#3666 = DIRECTION ( 'NONE',  ( 0.000000000000000000, -1.000000000000000000, 0.000000000000000000 ) ) ;
#3667 = CARTESIAN_POINT ( 'NONE',  ( 4.091912122772559890, 11.09999999999999964, -1.224439025304373985 ) ) ;
#3668 = CARTESIAN_POINT ( 'NONE',  ( 4.171140033972500660, 11.09999999999999964, -1.776302160787450068 ) ) ;
#3669 = ORIENTED_EDGE ( 'NONE', *, *, #3590, .T. ) ;
#3670 = LINE ( 'NONE', #1716, #773 ) ;
#3671 = CARTESIAN_POINT ( 'NONE',  ( 4.091912122772559890, 11.09999999999999964, -1.224439025304373985 ) ) ;
#3672 = CARTESIAN_POINT ( 'NONE',  ( 5.950000000000000178, 0.000000000000000000, -3.149999999999999911 ) ) ;
#3673 = VERTEX_POINT ( 'NONE', #2261 ) ;
#3674 = VERTEX_POINT ( 'NONE', #3863 ) ;
#3675 = LINE ( 'NONE', #2461, #3665 ) ;
#3676 = CARTESIAN_POINT ( 'NONE',  ( -9.500000000000000000, 0.000000000000000000, 1.650000000000000577 ) ) ;
#3677 = ORIENTED_EDGE ( 'NONE', *, *, #2236, .T. ) ;
#3678 = EDGE_LOOP ( 'NONE', ( #4201, #1187, #2956, #3548 ) ) ;
#3679 = AXIS2_PLACEMENT_3D ( 'NONE', #3023, #4083, #3798 ) ;
#3680 = LINE ( 'NONE', #366, #793 ) ;
#3681 = DIRECTION ( 'NONE',  ( 0.000000000000000000, 0.000000000000000000, -1.000000000000000000 ) ) ;
#3682 = ORIENTED_EDGE ( 'NONE', *, *, #789, .T. ) ;
#3683 = EDGE_CURVE ( 'NONE', #249, #425, #1114, .T. ) ;
#3684 = LINE ( 'NONE', #1533, #2064 ) ;
#3685 = CARTESIAN_POINT ( 'NONE',  ( 1.550000000000000044, -7.516648189186459383, -2.649999999999999911 ) ) ;
#3686 = DIRECTION ( 'NONE',  ( 1.000000000000000000, 0.000000000000000000, 0.000000000000000000 ) ) ;
#3687 = ORIENTED_EDGE ( 'NONE', *, *, #953, .F. ) ;
#3688 = ORIENTED_EDGE ( 'NONE', *, *, #237, .T. ) ;
#3689 = VECTOR ( 'NONE', #3457, 1000.000000000000000 ) ;
#3690 = ORIENTED_EDGE ( 'NONE', *, *, #1966, .F. ) ;
#3691 = VERTEX_POINT ( 'NONE', #3368 ) ;
#3692 = VECTOR ( 'NONE', #3556, 1000.000000000000000 ) ;
#3693 = CARTESIAN_POINT ( 'NONE',  ( -9.500000000000000000, 3.100000000000000089, 1.650000000000000577 ) ) ;
#3694 = DIRECTION ( 'NONE',  ( -1.000000000000000000, 0.000000000000000000, 0.000000000000000000 ) ) ;
#3695 = AXIS2_PLACEMENT_3D ( 'NONE', #1735, #1646, #3034 ) ;
#3696 = EDGE_LOOP ( 'NONE', ( #4156, #4315, #716, #2091, #767, #4126, #3526, #1438 ) ) ;
#3697 = CARTESIAN_POINT ( 'NONE',  ( 3.247115384615384848, 10.90000000000000036, -0.6999999999999999556 ) ) ;
#3698 = EDGE_CURVE ( 'NONE', #3844, #2723, #4077, .T. ) ;
#3699 = ORIENTED_EDGE ( 'NONE', *, *, #1024, .F. ) ;
#3700 = LINE ( 'NONE', #2613, #3729 ) ;
#3701 = DIRECTION ( 'NONE',  ( 0.000000000000000000, 1.000000000000000000, 0.000000000000000000 ) ) ;
#3702 = CARTESIAN_POINT ( 'NONE',  ( 1.550000000000000044, -7.516648189186459383, -2.649999999999999911 ) ) ;
#3703 = ORIENTED_EDGE ( 'NONE', *, *, #2763, .T. ) ;
#3704 = ADVANCED_FACE ( 'NONE', ( #2621 ), #1162, .F. ) ;
#3705 = EDGE_LOOP ( 'NONE', ( #1975, #2228, #679, #2377 ) ) ;
#3706 = CARTESIAN_POINT ( 'NONE',  ( 4.159872910394390111, 11.09999999999999964, -1.497756692729726113 ) ) ;
#3707 = ORIENTED_EDGE ( 'NONE', *, *, #2466, .T. ) ;
#3708 = LINE ( 'NONE', #3485, #896 ) ;
#3709 = DIRECTION ( 'NONE',  ( 0.000000000000000000, 0.000000000000000000, -1.000000000000000000 ) ) ;
#3710 = DIRECTION ( 'NONE',  ( 0.7071067811865480168, -0.7071067811865470176, 0.000000000000000000 ) ) ;
#3711 = ORIENTED_EDGE ( 'NONE', *, *, #1900, .F. ) ;
#3712 = EDGE_LOOP ( 'NONE', ( #604, #2385, #3711, #895 ) ) ;
#3713 = VECTOR ( 'NONE', #2894, 1000.000000000000000 ) ;
#3714 = ORIENTED_EDGE ( 'NONE', *, *, #3151, .T. ) ;
#3715 = CARTESIAN_POINT ( 'NONE',  ( 3.312009685268634929, 11.09999999999999964, -0.9320705310053479797 ) ) ;
#3716 = ORIENTED_EDGE ( 'NONE', *, *, #3001, .T. ) ;
#3717 = ORIENTED_EDGE ( 'NONE', *, *, #217, .F. ) ;
#3718 = LINE ( 'NONE', #457, #2250 ) ;
#3719 = DIRECTION ( 'NONE',  ( 1.000000000000000000, 0.000000000000000000, 0.000000000000000000 ) ) ;
#3720 = EDGE_CURVE ( 'NONE', #3035, #111, #1078, .T. ) ;
#3721 = CARTESIAN_POINT ( 'NONE',  ( 3.863240832694839977, 10.90000000000000036, -1.413308757677983918 ) ) ;
#3722 = CARTESIAN_POINT ( 'NONE',  ( 3.024999999999999911, 11.09999999999999964, 0.8000000000000000444 ) ) ;
#3723 = ORIENTED_EDGE ( 'NONE', *, *, #1870, .T. ) ;
#3724 = DIRECTION ( 'NONE',  ( 0.000000000000000000, -1.000000000000000000, 0.000000000000000000 ) ) ;
#3725 = CARTESIAN_POINT ( 'NONE',  ( -3.587179487179489978, 24.78707656525730130, 1.776923076923075051 ) ) ;
#3726 = DIRECTION ( 'NONE',  ( 1.000000000000000000, 0.000000000000000000, 0.000000000000000000 ) ) ;
#3727 = ORIENTED_EDGE ( 'NONE', *, *, #4184, .F. ) ;
#3728 = ORIENTED_EDGE ( 'NONE', *, *, #3105, .T. ) ;
#3729 = VECTOR ( 'NONE', #2938, 1000.000000000000000 ) ;
#3730 = DIRECTION ( 'NONE',  ( 1.000000000000000000, 0.000000000000000000, 0.000000000000000000 ) ) ;
#3731 = AXIS2_PLACEMENT_3D ( 'NONE', #1712, #3065, #4049 ) ;
#3732 = CARTESIAN_POINT ( 'NONE',  ( 2.530769230769230216, 24.78707656525730130, -0.6999999999999999556 ) ) ;
#3733 = CARTESIAN_POINT ( 'NONE',  ( 4.050751250384250213, 10.90000000000000036, -2.285802609063395163 ) ) ;
#3734 = AXIS2_PLACEMENT_3D ( 'NONE', #2542, #2173, #1172 ) ;
#3735 = ORIENTED_EDGE ( 'NONE', *, *, #4229, .F. ) ;
#3736 = CARTESIAN_POINT ( 'NONE',  ( -1.550000000000000044, -7.516648189186459383, -2.649999999999999911 ) ) ;
#3737 = CARTESIAN_POINT ( 'NONE',  ( 4.060627757828290108, 11.09999999999999964, -1.147204701724245934 ) ) ;
#3738 = CARTESIAN_POINT ( 'NONE',  ( 4.000000000000000000, -8.300000000000000711, 1.495000000000000107 ) ) ;
#3739 = ORIENTED_EDGE ( 'NONE', *, *, #580, .F. ) ;
#3740 = FACE_OUTER_BOUND ( 'NONE', #2161, .T. ) ;
#3741 = CARTESIAN_POINT ( 'NONE',  ( 4.100000000000000533, 11.09999999999999964, 1.525000000000000133 ) ) ;
#3742 = CARTESIAN_POINT ( 'NONE',  ( -2.050000000000000266, 10.90000000000000036, -0.2500000000000000000 ) ) ;
#3743 = EDGE_LOOP ( 'NONE', ( #3561, #3735, #827, #3788 ) ) ;
#3744 = ADVANCED_FACE ( 'NONE', ( #3992 ), #3037, .T. ) ;
#3745 = AXIS2_PLACEMENT_3D ( 'NONE', #4285, #572, #2729 ) ;
#3746 = ORIENTED_EDGE ( 'NONE', *, *, #154, .F. ) ;
#3747 = LINE ( 'NONE', #229, #803 ) ;
#3748 = CARTESIAN_POINT ( 'NONE',  ( -5.950000000000000178, 0.000000000000000000, -3.000000000000001776 ) ) ;
#3749 = EDGE_CURVE ( 'NONE', #1258, #4099, #2652, .T. ) ;
#3750 = ORIENTED_EDGE ( 'NONE', *, *, #2065, .T. ) ;
#3751 = ORIENTED_EDGE ( 'NONE', *, *, #2647, .F. ) ;
#3752 = VERTEX_POINT ( 'NONE', #377 ) ;
#3753 = VECTOR ( 'NONE', #4193, 1000.000000000000000 ) ;
#3754 = CARTESIAN_POINT ( 'NONE',  ( -4.100000000000000533, 24.78707656525730130, -1.875000000000000000 ) ) ;
#3755 = EDGE_CURVE ( 'NONE', #4142, #2021, #1141, .T. ) ;
#3757 = ORIENTED_EDGE ( 'NONE', *, *, #3186, .F. ) ;
#3756 = ORIENTED_EDGE ( 'NONE', *, *, #2580, .F. ) ;
#3758 = DIRECTION ( 'NONE',  ( -0.000000000000000000, 1.000000000000000000, 0.000000000000000000 ) ) ;
#3759 = DIRECTION ( 'NONE',  ( 1.000000000000000000, 0.000000000000000000, 0.000000000000000000 ) ) ;
#3760 = ORIENTED_EDGE ( 'NONE', *, *, #529, .T. ) ;
#3761 = EDGE_LOOP ( 'NONE', ( #1936, #1283, #758, #4105 ) ) ;
#3762 = CARTESIAN_POINT ( 'NONE',  ( -3.024999999999999911, 10.90000000000000036, -0.8000000000000000444 ) ) ;
#3763 = LINE ( 'NONE', #1286, #866 ) ;
#3764 = VECTOR ( 'NONE', #26, 1000.000000000000000 ) ;
#3765 = CARTESIAN_POINT ( 'NONE',  ( 3.871758280727899848, 10.90000000000000036, -2.516828276509429863 ) ) ;
#3766 = EDGE_CURVE ( 'NONE', #551, #2944, #2635, .T. ) ;
#3767 = DIRECTION ( 'NONE',  ( 0.000000000000000000, 0.000000000000000000, -1.000000000000000000 ) ) ;
#3768 = VERTEX_POINT ( 'NONE', #1195 ) ;
#3769 = LINE ( 'NONE', #3102, #2260 ) ;
#3770 = VECTOR ( 'NONE', #1271, 1000.000000000000000 ) ;
#3771 = DIRECTION ( 'NONE',  ( 1.000000000000000000, 0.000000000000000000, 0.000000000000000000 ) ) ;
#3772 = DIRECTION ( 'NONE',  ( 0.000000000000000000, -1.000000000000000000, 0.000000000000000000 ) ) ;
#3773 = CARTESIAN_POINT ( 'NONE',  ( 3.865940089664395174, 10.90000000000000036, -1.993302204411799838 ) ) ;
#3774 = EDGE_CURVE ( 'NONE', #3148, #1771, #2578, .T. ) ;
#3775 = ORIENTED_EDGE ( 'NONE', *, *, #2647, .T. ) ;
#3776 = VECTOR ( 'NONE', #2559, 1000.000000000000000 ) ;
#3777 = CARTESIAN_POINT ( 'NONE',  ( 3.600000000000000089, 0.000000000000000000, -1.495000000000000107 ) ) ;
#3778 = VECTOR ( 'NONE', #3759, 1000.000000000000000 ) ;
#3779 = DIRECTION ( 'NONE',  ( 0.000000000000000000, -1.000000000000000000, 0.000000000000000000 ) ) ;
#3780 = ORIENTED_EDGE ( 'NONE', *, *, #3287, .T. ) ;
#3781 = ADVANCED_FACE ( 'NONE', ( #4066 ), #573, .T. ) ;
#3782 = EDGE_CURVE ( 'NONE', #3558, #2013, #4071, .T. ) ;
#3783 = ORIENTED_EDGE ( 'NONE', *, *, #3982, .T. ) ;
#3784 = CARTESIAN_POINT ( 'NONE',  ( 3.742501825154679995, 11.09999999999999964, -1.123724997849969931 ) ) ;
#3785 = LINE ( 'NONE', #1742, #888 ) ;
#3786 = LINE ( 'NONE', #2928, #686 ) ;
#3787 = DIRECTION ( 'NONE',  ( -1.000000000000000000, 0.000000000000000000, 0.000000000000000000 ) ) ;
#3789 = ORIENTED_EDGE ( 'NONE', *, *, #817, .F. ) ;
#3788 = ORIENTED_EDGE ( 'NONE', *, *, #1837, .T. ) ;
#3790 = CARTESIAN_POINT ( 'NONE',  ( 3.534926834352094982, 10.90000000000000036, -2.678473068307235305 ) ) ;
#3791 = DIRECTION ( 'NONE',  ( 1.000000000000000000, 0.000000000000000000, 0.000000000000000000 ) ) ;
#3792 = AXIS2_PLACEMENT_3D ( 'NONE', #779, #850, #874 ) ;
#3793 = ORIENTED_EDGE ( 'NONE', *, *, #3414, .T. ) ;
#3794 = EDGE_LOOP ( 'NONE', ( #3536, #2146, #500, #3295 ) ) ;
#3795 = AXIS2_PLACEMENT_3D ( 'NONE', #1436, #1793, #1736 ) ;
#3796 = FACE_OUTER_BOUND ( 'NONE', #855, .T. ) ;
#3797 = FACE_OUTER_BOUND ( 'NONE', #1865, .T. ) ;
#3798 = DIRECTION ( 'NONE',  ( 0.000000000000000000, 0.000000000000000000, -1.000000000000000000 ) ) ;
#3799 = EDGE_CURVE ( 'NONE', #174, #3320, #1167, .T. ) ;
#3800 = DIRECTION ( 'NONE',  ( 0.000000000000000000, -1.000000000000000000, 0.000000000000000000 ) ) ;
#3801 = DIRECTION ( 'NONE',  ( 0.000000000000000000, 0.000000000000000000, 1.000000000000000000 ) ) ;
#3802 = PRODUCT_RELATED_PRODUCT_CATEGORY ( 'part', '', ( #1769 ) ) ;
#3803 = ORIENTED_EDGE ( 'NONE', *, *, #1614, .F. ) ;
#3804 = ORIENTED_EDGE ( 'NONE', *, *, #3055, .F. ) ;
#3805 = FACE_OUTER_BOUND ( 'NONE', #2630, .T. ) ;
#3806 = B_SPLINE_CURVE_WITH_KNOTS ( 'NONE', 3,
 ( #1380, #1673, #3083, #3809, #2402, #2897, #3269, #3502, #2868, #1341, #3648, #3189, #207, #582, #519, #279, #2918, #3248, #916 ),
 .UNSPECIFIED., .F., .F.,
 ( 4, 1, 1, 1, 1, 1, 1, 1, 1, 1, 1, 1, 1, 1, 1, 1, 4 ),
 ( 0.000000000000000000, 0.09125792857114779777, 0.1774017172687080146, 0.2586939028057239631, 0.3347914606470454579, 0.4060450965974949922, 0.4735814421468780289, 0.5371871940170570570, 0.5970124112690080587, 0.6545333578100730465, 0.7092861979284389440, 0.7615179959346599636, 0.8118475490470660194, 0.8606042373546139990, 0.9078057491050459671, 0.9542592786578929509, 1.000000000000000000 ),
 .UNSPECIFIED. ) ;
#3807 = LINE ( 'NONE', #3045, #2372 ) ;
#3808 = CARTESIAN_POINT ( 'NONE',  ( -3.869230769230769695, 10.90000000000000036, 2.700000000000000178 ) ) ;
#3809 = CARTESIAN_POINT ( 'NONE',  ( 3.884590883498194369, 11.09999999999999964, -1.862579463491075060 ) ) ;
#3810 = ORIENTED_EDGE ( 'NONE', *, *, #940, .T. ) ;
#3811 = EDGE_CURVE ( 'NONE', #468, #3579, #4085, .T. ) ;
#3812 = ORIENTED_EDGE ( 'NONE', *, *, #1577, .F. ) ;
#3813 = ORIENTED_EDGE ( 'NONE', *, *, #3427, .F. ) ;
#3814 = VECTOR ( 'NONE', #3822, 1000.000000000000000 ) ;
#3815 = DIRECTION ( 'NONE',  ( 1.752245935330111879E-16, 0.000000000000000000, -1.000000000000000000 ) ) ;
#3816 = LINE ( 'NONE', #777, #3597 ) ;
#3817 = DIRECTION ( 'NONE',  ( 0.000000000000000000, -1.000000000000000000, 0.000000000000000000 ) ) ;
#3818 = ADVANCED_BREP_SHAPE_REPRESENTATION ( 'TCST2103', ( #1318, #3481, #943, #2650, #1291, #1014 ), #3173 ) ;
#3819 = ADVANCED_FACE ( 'NONE', ( #1087 ), #2543, .T. ) ;
#3820 = EDGE_CURVE ( 'NONE', #3376, #2481, #1185, .T. ) ;
#3821 = ORIENTED_EDGE ( 'NONE', *, *, #1896, .T. ) ;
#3822 = DIRECTION ( 'NONE',  ( 0.000000000000000000, -1.000000000000000000, 0.000000000000000000 ) ) ;
#3823 = ORIENTED_EDGE ( 'NONE', *, *, #1571, .T. ) ;
#3824 = CYLINDRICAL_SURFACE ( 'NONE', #724, 0.5000000000000000000 ) ;
#3825 = DIRECTION ( 'NONE',  ( 0.000000000000000000, -1.000000000000000000, 0.000000000000000000 ) ) ;
#3826 = VECTOR ( 'NONE', #3277, 1000.000000000000000 ) ;
#3827 = DIRECTION ( 'NONE',  ( 0.000000000000000000, 1.000000000000000000, 0.000000000000000000 ) ) ;
#3828 = CARTESIAN_POINT ( 'NONE',  ( 3.662902481860434989, 10.90000000000000036, -1.039040948922437924 ) ) ;
#3829 = CARTESIAN_POINT ( 'NONE',  ( -3.024999999999999911, 11.09999999999999964, -1.525000000000000133 ) ) ;
#3830 = ADVANCED_FACE ( 'NONE', ( #4046 ), #4015, .F. ) ;
#3831 = EDGE_CURVE ( 'NONE', #2396, #4283, #4036, .T. ) ;
#3832 = ORIENTED_EDGE ( 'NONE', *, *, #3158, .F. ) ;
#3833 = ORIENTED_EDGE ( 'NONE', *, *, #3799, .F. ) ;
#3834 = CARTESIAN_POINT ( 'NONE',  ( 3.024999999999999911, 10.90000000000000036, 1.525000000000000133 ) ) ;
#3835 = LINE ( 'NONE', #505, #2463 ) ;
#3836 = LINE ( 'NONE', #57, #3847 ) ;
#3837 = CARTESIAN_POINT ( 'NONE',  ( -2.050000000000000266, 10.90000000000000036, 3.149999999999999911 ) ) ;
#3838 = DIRECTION ( 'NONE',  ( -0.000000000000000000, 1.000000000000000000, -0.000000000000000000 ) ) ;
#3839 = CARTESIAN_POINT ( 'NONE',  ( 12.25000000000000000, 0.000000000000000000, -1.649999999999990807 ) ) ;
#3840 = ORIENTED_EDGE ( 'NONE', *, *, #2299, .F. ) ;
#3841 = COLOUR_RGB ( '',0.7921568627450980005, 0.8196078431372548767, 0.9333333333333333481 ) ;
#3842 = CARTESIAN_POINT ( 'NONE',  ( -10.89999999999999147, 2.600000000000000089, 2.499999999999999112 ) ) ;
#3843 = ORIENTED_EDGE ( 'NONE', *, *, #4007, .T. ) ;
#3844 = VERTEX_POINT ( 'NONE', #1813 ) ;
#3845 = VECTOR ( 'NONE', #4167, 1000.000000000000000 ) ;
#3846 = EDGE_CURVE ( 'NONE', #148, #1548, #1064, .T. ) ;
#3847 = VECTOR ( 'NONE', #3054, 1000.000000000000000 ) ;
#3848 = DIRECTION ( 'NONE',  ( -1.000000000000000000, 0.000000000000000000, 0.000000000000000000 ) ) ;
#3849 = CARTESIAN_POINT ( 'NONE',  ( -4.000000000000000000, -7.799999999999999822, 1.044999999999999929 ) ) ;
#3850 = ORIENTED_EDGE ( 'NONE', *, *, #2354, .F. ) ;
#3851 = ORIENTED_EDGE ( 'NONE', *, *, #765, .T. ) ;
#3852 = FACE_OUTER_BOUND ( 'NONE', #3591, .T. ) ;
#3853 = CARTESIAN_POINT ( 'NONE',  ( 9.500000000000000000, 3.100000000000000089, 0.000000000000000000 ) ) ;
#3854 = VECTOR ( 'NONE', #3180, 1000.000000000000000 ) ;
#3855 = CARTESIAN_POINT ( 'NONE',  ( 3.617832443443975254, 10.90000000000000036, -2.392712362754049860 ) ) ;
#3856 = CARTESIAN_POINT ( 'NONE',  ( -4.950000000000000178, 10.90000000000000036, 3.149999999999999911 ) ) ;
#3857 = EDGE_CURVE ( 'NONE', #810, #747, #4092, .T. ) ;
#3858 = ORIENTED_EDGE ( 'NONE', *, *, #3846, .F. ) ;
#3859 = DIRECTION ( 'NONE',  ( 0.000000000000000000, 0.000000000000000000, -1.000000000000000000 ) ) ;
#3860 = DIRECTION ( 'NONE',  ( -0.000000000000000000, -0.000000000000000000, -1.000000000000000000 ) ) ;
#3861 = VECTOR ( 'NONE', #3283, 1000.000000000000000 ) ;
#3862 = PRESENTATION_LAYER_ASSIGNMENT (  '', '', ( #3021 ) ) ;
#3863 = CARTESIAN_POINT ( 'NONE',  ( 3.889743589743590135, 11.09999999999999964, -1.715224358974360097 ) ) ;
#3864 = ADVANCED_FACE ( 'NONE', ( #4125 ), #2629, .F. ) ;
#3865 = EDGE_LOOP ( 'NONE', ( #2967, #813, #2358, #3803 ) ) ;
#3866 = CARTESIAN_POINT ( 'NONE',  ( -3.587179487179489978, 11.09999999999999964, 0.9307692307692310152 ) ) ;
#3867 = CYLINDRICAL_SURFACE ( 'NONE', #341, 1.650000000000000577 ) ;
#3868 = DIRECTION ( 'NONE',  ( 0.000000000000000000, 0.000000000000000000, -1.000000000000000000 ) ) ;
#3869 = CARTESIAN_POINT ( 'NONE',  ( 5.950000000000000178, 2.600000000000000089, 2.999999999999999112 ) ) ;
#3870 = ORIENTED_EDGE ( 'NONE', *, *, #3138, .F. ) ;
#3871 = ADVANCED_FACE ( 'NONE', ( #1072 ), #3470, .F. ) ;
#3872 = DIRECTION ( 'NONE',  ( 0.000000000000000000, -1.000000000000000000, 0.000000000000000000 ) ) ;
#3873 = AXIS2_PLACEMENT_3D ( 'NONE', #959, #1664, #3730 ) ;
#3874 = CARTESIAN_POINT ( 'NONE',  ( -5.950000000000000178, 3.100000000000000089, -3.000000000000001776 ) ) ;
#3875 = VECTOR ( 'NONE', #1937, 1000.000000000000000 ) ;
#3876 = PLANE ( 'NONE',  #245 ) ;
#3877 = CARTESIAN_POINT ( 'NONE',  ( 3.838175647486650188, 11.09999999999999964, -2.544562183913274822 ) ) ;
#3878 = LINE ( 'NONE', #3572, #2411 ) ;
#3879 = ORIENTED_EDGE ( 'NONE', *, *, #312, .F. ) ;
#3880 = CARTESIAN_POINT ( 'NONE',  ( 3.697435897435895402, 11.09999999999999964, -1.072195512820512064 ) ) ;
#3881 = CARTESIAN_POINT ( 'NONE',  ( 3.600000000000000089, -7.799999999999999822, 1.044999999999999929 ) ) ;
#3882 = CIRCLE ( 'NONE', #37, 0.8500000000000005329 ) ;
#3883 = EDGE_CURVE ( 'NONE', #3674, #3075, #4051, .T. ) ;
#3884 = DIRECTION ( 'NONE',  ( -1.000000000000000000, 0.000000000000000000, 0.000000000000000000 ) ) ;
#3885 = SHAPE_DEFINITION_REPRESENTATION ( #3112, #3818 ) ;
#3886 = PLANE ( 'NONE',  #2972 ) ;
#3887 = PRESENTATION_STYLE_ASSIGNMENT (( #1359 ) ) ;
#3888 = CARTESIAN_POINT ( 'NONE',  ( 3.225080128205130237, 11.09999999999999964, -0.9307692307692310152 ) ) ;
#3889 = CARTESIAN_POINT ( 'NONE',  ( 3.600000000000000089, -7.799999999999999822, -1.495000000000000107 ) ) ;
#3890 = VERTEX_POINT ( 'NONE', #399 ) ;
#3891 = EDGE_CURVE ( 'NONE', #4099, #2792, #2547, .T. ) ;
#3892 = CARTESIAN_POINT ( 'NONE',  ( 3.838175647486650188, 10.90000000000000036, -2.544562183913274822 ) ) ;
#3893 = CARTESIAN_POINT ( 'NONE',  ( 3.600000000000000089, 0.000000000000000000, 1.044999999999999929 ) ) ;
#3894 = CARTESIAN_POINT ( 'NONE',  ( 3.697435897435895402, 11.09999999999999964, -1.072195512820512064 ) ) ;
#3895 = ORIENTED_EDGE ( 'NONE', *, *, #338, .T. ) ;
#3896 = DIRECTION ( 'NONE',  ( 0.000000000000000000, 1.000000000000000000, 0.000000000000000000 ) ) ;
#3897 = ORIENTED_EDGE ( 'NONE', *, *, #2065, .F. ) ;
#3898 = B_SPLINE_CURVE_WITH_KNOTS ( 'NONE', 3,
 ( #2163, #210, #5, #161, #1233, #4250, #1529 ),
 .UNSPECIFIED., .F., .F.,
 ( 4, 1, 1, 1, 4 ),
 ( 0.000000000000000000, 0.2611948526140104865, 0.5131428079415670807, 0.7578093024478970152, 1.000000000000000000 ),
 .UNSPECIFIED. ) ;
#3899 = ADVANCED_FACE ( 'NONE', ( #2553 ), #367, .F. ) ;
#3900 = EDGE_CURVE ( 'NONE', #2279, #3503, #1104, .T. ) ;
#3901 = DIRECTION ( 'NONE',  ( -1.000000000000000000, 0.000000000000000000, 0.000000000000000000 ) ) ;
#3902 = LINE ( 'NONE', #1264, #991 ) ;
#3903 = EDGE_LOOP ( 'NONE', ( #688, #2263, #3608, #2028 ) ) ;
#3904 = PLANE ( 'NONE',  #384 ) ;
#3905 = DIRECTION ( 'NONE',  ( 1.000000000000000000, 0.000000000000000000, 0.000000000000000000 ) ) ;
#3906 = CARTESIAN_POINT ( 'NONE',  ( 3.621725517846814846, 11.09999999999999964, -1.011206330708999790 ) ) ;
#3907 = AXIS2_PLACEMENT_3D ( 'NONE', #820, #2075, #2473 ) ;
#3908 = SURFACE_SIDE_STYLE ('',( #1128 ) ) ;
#3909 = CARTESIAN_POINT ( 'NONE',  ( 4.000000000000000000, 0.000000000000000000, 1.495000000000000107 ) ) ;
#3910 = FACE_OUTER_BOUND ( 'NONE', #598, .T. ) ;
#3911 = VECTOR ( 'NONE', #822, 1000.000000000000000 ) ;
#3912 = AXIS2_PLACEMENT_3D ( 'NONE', #545, #945, #830 ) ;
#3913 = ORIENTED_EDGE ( 'NONE', *, *, #2341, .T. ) ;
#3914 = CARTESIAN_POINT ( 'NONE',  ( 3.322461343529464983, 11.09999999999999964, -2.698705397854765042 ) ) ;
#3915 = PLANE ( 'NONE',  #442 ) ;
#3916 = CARTESIAN_POINT ( 'NONE',  ( -4.000000000000000000, -8.300000000000000711, -1.044999999999999929 ) ) ;
#3917 = FACE_OUTER_BOUND ( 'NONE', #102, .T. ) ;
#3918 = ORIENTED_EDGE ( 'NONE', *, *, #2272, .F. ) ;
#3919 = CARTESIAN_POINT ( 'NONE',  ( -5.950000000000000178, 2.600000000000000089, -3.000000000000001776 ) ) ;
#3920 = PRESENTATION_LAYER_ASSIGNMENT (  '', '', ( #118 ) ) ;
#3921 = CARTESIAN_POINT ( 'NONE',  ( 3.649803556244809677, 10.90000000000000036, -2.649699295179889891 ) ) ;
#3922 = EDGE_CURVE ( 'NONE', #3615, #3405, #2566, .T. ) ;
#3923 = CARTESIAN_POINT ( 'NONE',  ( 3.236565885942084719, 10.90000000000000036, -2.469011564095960232 ) ) ;
#3924 = CARTESIAN_POINT ( 'NONE',  ( 3.863240832694839977, 11.09999999999999964, -1.413308757677983918 ) ) ;
#3925 = LINE ( 'NONE', #1848, #3954 ) ;
#3926 = ADVANCED_FACE ( 'NONE', ( #2573 ), #3020, .F. ) ;
#3927 = ORIENTED_EDGE ( 'NONE', *, *, #3755, .T. ) ;
#3928 = EDGE_CURVE ( 'NONE', #1894, #1800, #1136, .T. ) ;
#3929 = CARTESIAN_POINT ( 'NONE',  ( -3.600000000000000089, 0.000000000000000000, 1.495000000000000107 ) ) ;
#3930 = LINE ( 'NONE', #2226, #3854 ) ;
#3931 = FACE_OUTER_BOUND ( 'NONE', #942, .T. ) ;
#3932 = CARTESIAN_POINT ( 'NONE',  ( 3.835307874093119906, 11.09999999999999964, -2.105925594649834753 ) ) ;
#3933 = PLANE ( 'NONE',  #4019 ) ;
#3934 = ADVANCED_FACE ( 'NONE', ( #4060 ), #4138, .F. ) ;
#3935 = CARTESIAN_POINT ( 'NONE',  ( 3.898446693500820182, 11.09999999999999964, -0.9128443052572430272 ) ) ;
#3936 = CARTESIAN_POINT ( 'NONE',  ( 3.520205464316290112, 10.90000000000000036, -2.438428403222760110 ) ) ;
#3937 = CARTESIAN_POINT ( 'NONE',  ( -2.299999999999999822, 11.09999999999999964, -1.525000000000000133 ) ) ;
#3938 = EDGE_CURVE ( 'NONE', #3752, #2198, #1147, .T. ) ;
#3939 = LINE ( 'NONE', #243, #979 ) ;
#3940 = LINE ( 'NONE', #3210, #2491 ) ;
#3941 = ORIENTED_EDGE ( 'NONE', *, *, #1046, .T. ) ;
#3942 = PLANE ( 'NONE',  #1944 ) ;
#3943 = DIRECTION ( 'NONE',  ( -0.000000000000000000, 1.000000000000000000, -0.000000000000000000 ) ) ;
#3944 = UNCERTAINTY_MEASURE_WITH_UNIT (LENGTH_MEASURE( 1.000000000000000082E-05 ), #2306, 'distance_accuracy_value', 'NONE');
#3945 = CARTESIAN_POINT ( 'NONE',  ( 3.897544611418270133, 11.09999999999999964, -2.494183693459659956 ) ) ;
#3946 = LINE ( 'NONE', #480, #2398 ) ;
#3947 = DIRECTION ( 'NONE',  ( 0.000000000000000000, -1.000000000000000000, 0.000000000000000000 ) ) ;
#3948 = DIRECTION ( 'NONE',  ( 0.000000000000000000, -1.000000000000000000, 0.000000000000000000 ) ) ;
#3949 = FACE_OUTER_BOUND ( 'NONE', #762, .T. ) ;
#3950 = DIRECTION ( 'NONE',  ( 0.000000000000000000, -1.000000000000000000, 0.000000000000000000 ) ) ;
#3951 = ORIENTED_EDGE ( 'NONE', *, *, #1551, .T. ) ;
#3952 = CARTESIAN_POINT ( 'NONE',  ( 3.218269230769230216, 10.90000000000000036, -2.469230769230769784 ) ) ;
#3953 = PLANE ( 'NONE',  #112 ) ;
#3954 = VECTOR ( 'NONE', #3235, 1000.000000000000000 ) ;
#3955 = LINE ( 'NONE', #514, #1035 ) ;
#3956 = ORIENTED_EDGE ( 'NONE', *, *, #1879, .F. ) ;
#3957 = AXIS2_PLACEMENT_3D ( 'NONE', #3452, #1484, #1799 ) ;
#3958 = CARTESIAN_POINT ( 'NONE',  ( -12.25000000000000000, 0.000000000000000000, 1.649999999999989475 ) ) ;
#3959 = ORIENTED_EDGE ( 'NONE', *, *, #2246, .F. ) ;
#3960 = FACE_OUTER_BOUND ( 'NONE', #2653, .T. ) ;
#3961 = DIRECTION ( 'NONE',  ( 0.000000000000000000, 0.000000000000000000, -1.000000000000000000 ) ) ;
#3962 = LINE ( 'NONE', #2356, #1142 ) ;
#3963 = DIRECTION ( 'NONE',  ( 0.000000000000000000, -1.000000000000000000, 0.000000000000000000 ) ) ;
#3964 = ORIENTED_EDGE ( 'NONE', *, *, #1602, .T. ) ;
#3965 = CARTESIAN_POINT ( 'NONE',  ( -10.89999999999999147, 2.600000000000000089, 2.999999999999999112 ) ) ;
#3966 = ADVANCED_FACE ( 'NONE', ( #1307 ), #3107, .F. ) ;
#3967 = AXIS2_PLACEMENT_3D ( 'NONE', #31, #531, #3701 ) ;
#3968 = CARTESIAN_POINT ( 'NONE',  ( 3.631636808582660247, 11.09999999999999964, -0.7522853112251949304 ) ) ;
#3969 = CARTESIAN_POINT ( 'NONE',  ( 3.453119941125879944, 11.09999999999999964, -2.453879079032005084 ) ) ;
#3970 = CARTESIAN_POINT ( 'NONE',  ( -2.458974358974360008, 10.90000000000000036, 0.6999999999999999556 ) ) ;
#3971 = EDGE_CURVE ( 'NONE', #3113, #157, #4147, .T. ) ;
#3972 = LINE ( 'NONE', #1354, #1149 ) ;
#3973 = DIRECTION ( 'NONE',  ( -0.000000000000000000, 1.000000000000000000, 0.000000000000000000 ) ) ;
#3974 = CARTESIAN_POINT ( 'NONE',  ( -2.407692307692309797, 24.78707656525730130, 2.469230769230769784 ) ) ;
#3975 = DIRECTION ( 'NONE',  ( -1.000000000000000000, 0.000000000000000000, 0.000000000000000000 ) ) ;
#3976 = VERTEX_POINT ( 'NONE', #3082 ) ;
#3977 = ADVANCED_FACE ( 'NONE', ( #4187 ), #3374, .F. ) ;
#3978 = CARTESIAN_POINT ( 'NONE',  ( 4.112809654072365539, 11.09999999999999964, -2.133340274862340014 ) ) ;
#3979 = AXIS2_PLACEMENT_3D ( 'NONE', #1386, #1620, #1042 ) ;
#3980 = LINE ( 'NONE', #2425, #1056 ) ;
#3981 = VECTOR ( 'NONE', #3396, 1000.000000000000000 ) ;
#3982 = EDGE_CURVE ( 'NONE', #1662, #2155, #2727, .T. ) ;
#3983 = CARTESIAN_POINT ( 'NONE',  ( 3.600000000000000089, 0.000000000000000000, 1.044999999999999929 ) ) ;
#3984 = B_SPLINE_CURVE_WITH_KNOTS ( 'NONE', 3,
 ( #2388, #95, #1715, #396, #1083, #1418, #2031, #1444, #3828, #2718, #4163 ),
 .UNSPECIFIED., .F., .F.,
 ( 4, 1, 1, 1, 1, 1, 1, 1, 4 ),
 ( 0.000000000000000000, 0.1779561529988029911, 0.3366533929852479901, 0.4761215267521700101, 0.5973339179829280088, 0.7070072996841240132, 0.8099296584364100715, 0.9070877517711410931, 1.000000000000000000 ),
 .UNSPECIFIED. ) ;
#3985 = CARTESIAN_POINT ( 'NONE',  ( -2.299999999999999822, 24.78707656525730130, -1.525000000000000133 ) ) ;
#3986 = VECTOR ( 'NONE', #1725, 1000.000000000000000 ) ;
#3987 = EDGE_LOOP ( 'NONE', ( #2012, #3252, #1007, #1059 ) ) ;
#3988 = VECTOR ( 'NONE', #3364, 1000.000000000000000 ) ;
#3989 = EDGE_CURVE ( 'NONE', #2158, #1511, #4194, .T. ) ;
#3990 = ORIENTED_EDGE ( 'NONE', *, *, #1280, .F. ) ;
#3991 = DIRECTION ( 'NONE',  ( 0.000000000000000000, 0.000000000000000000, 1.000000000000000000 ) ) ;
#3992 = FACE_OUTER_BOUND ( 'NONE', #634, .T. ) ;
#3993 = VECTOR ( 'NONE', #2754, 1000.000000000000000 ) ;
#3994 = CARTESIAN_POINT ( 'NONE',  ( -4.000000000000000000, -7.799999999999999822, -1.044999999999999929 ) ) ;
#3995 = ORIENTED_EDGE ( 'NONE', *, *, #2017, .T. ) ;
#3996 = CARTESIAN_POINT ( 'NONE',  ( 2.530769230769230216, 11.09999999999999964, -0.6999999999999999556 ) ) ;
#3997 = CARTESIAN_POINT ( 'NONE',  ( 3.985114489552510353, 11.09999999999999964, -1.016175804648705938 ) ) ;
#3998 = ORIENTED_EDGE ( 'NONE', *, *, #3120, .T. ) ;
#3999 = DIRECTION ( 'NONE',  ( 0.000000000000000000, 0.000000000000000000, 1.000000000000000000 ) ) ;
#4000 = VECTOR ( 'NONE', #2426, 1000.000000000000000 ) ;
#4001 = CIRCLE ( 'NONE', #2121, 0.5000000000000000000 ) ;
#4002 = CARTESIAN_POINT ( 'NONE',  ( 1.550000000000000044, 10.90000000000000036, -2.649999999999999911 ) ) ;
#4003 = ADVANCED_FACE ( 'NONE', ( #2673 ), #2757, .T. ) ;
#4004 = CARTESIAN_POINT ( 'NONE',  ( -3.600000000000000089, -7.799999999999999822, 1.044999999999999929 ) ) ;
#4005 = ORIENTED_EDGE ( 'NONE', *, *, #3520, .T. ) ;
#4006 = CARTESIAN_POINT ( 'NONE',  ( 3.965818093465095284, 11.09999999999999964, -2.417296721754274902 ) ) ;
#4007 = EDGE_CURVE ( 'NONE', #3081, #670, #2772, .T. ) ;
#4008 = VECTOR ( 'NONE', #4081, 1000.000000000000000 ) ;
#4009 = CARTESIAN_POINT ( 'NONE',  ( -3.587179487179489978, 10.90000000000000036, 1.776923076923075051 ) ) ;
#4010 =( LENGTH_UNIT ( ) NAMED_UNIT ( * ) SI_UNIT ( .MILLI., .METRE. ) );
#4011 = CARTESIAN_POINT ( 'NONE',  ( 12.25000000000000000, 0.000000000000000000, 1.649999999999989475 ) ) ;
#4012 = ORIENTED_EDGE ( 'NONE', *, *, #2789, .F. ) ;
#4013 = ORIENTED_EDGE ( 'NONE', *, *, #1704, .T. ) ;
#4014 = AXIS2_PLACEMENT_3D ( 'NONE', #2685, #310, #952 ) ;
#4015 = PLANE ( 'NONE',  #160 ) ;
#4016 = CARTESIAN_POINT ( 'NONE',  ( -10.90000000000000036, 3.100000000000000089, 1.649999999999999245 ) ) ;
#4017 = ORIENTED_EDGE ( 'NONE', *, *, #2517, .T. ) ;
#4018 = LINE ( 'NONE', #2909, #4030 ) ;
#4019 = AXIS2_PLACEMENT_3D ( 'NONE', #1324, #2352, #2971 ) ;
#4020 = LINE ( 'NONE', #3050, #4068 ) ;
#4021 = ORIENTED_EDGE ( 'NONE', *, *, #270, .F. ) ;
#4022 = CARTESIAN_POINT ( 'NONE',  ( 3.780247165281270139, 10.90000000000000036, -1.184271728614434194 ) ) ;
#4023 = VECTOR ( 'NONE', #2571, 1000.000000000000000 ) ;
#4024 = LINE ( 'NONE', #2505, #2478 ) ;
#4025 = CARTESIAN_POINT ( 'NONE',  ( 3.564698562715235219, 10.90000000000000036, -0.7327961543174150716 ) ) ;
#4026 = CARTESIAN_POINT ( 'NONE',  ( 3.520205464316290112, 11.09999999999999964, -2.438428403222760110 ) ) ;
#4027 = STYLED_ITEM ( 'NONE', ( #951 ), #3818 ) ;
#4028 = CARTESIAN_POINT ( 'NONE',  ( 4.120589349693076109, 11.09999999999999964, -1.308350841798079811 ) ) ;
#4029 = CARTESIAN_POINT ( 'NONE',  ( -2.050000000000000266, 7.100000000000000533, 0.2500000000000000000 ) ) ;
#4030 = VECTOR ( 'NONE', #537, 1000.000000000000000 ) ;
#4031 = VECTOR ( 'NONE', #275, 1000.000000000000000 ) ;
#4032 = CARTESIAN_POINT ( 'NONE',  ( 3.631636808582660247, 11.09999999999999964, -0.7522853112251949304 ) ) ;
#4033 = EDGE_LOOP ( 'NONE', ( #3780, #821, #696, #3688 ) ) ;
#4034 = EDGE_CURVE ( 'NONE', #1657, #4099, #2696, .T. ) ;
#4035 = CARTESIAN_POINT ( 'NONE',  ( 3.871758280727899848, 11.09999999999999964, -2.516828276509429863 ) ) ;
#4036 = LINE ( 'NONE', #1840, #1175 ) ;
#4037 = VERTEX_POINT ( 'NONE', #791 ) ;
#4038 = LINE ( 'NONE', #981, #1090 ) ;
#4039 = ADVANCED_FACE ( 'NONE', ( #1288 ), #875, .F. ) ;
#4040 = CLOSED_SHELL ( 'NONE', ( #4289, #4039, #1181, #3966, #3410, #233 ) ) ;
#4041 = DIRECTION ( 'NONE',  ( 0.000000000000000000, -1.000000000000000000, 0.000000000000000000 ) ) ;
#4042 = DIRECTION ( 'NONE',  ( -0.000000000000000000, -0.000000000000000000, -1.000000000000000000 ) ) ;
#4043 = CARTESIAN_POINT ( 'NONE',  ( 3.889743589743590135, 10.90000000000000036, -1.715224358974360097 ) ) ;
#4044 = APPLICATION_PROTOCOL_DEFINITION ( 'draft international standard', 'automotive_design', 1998, #1621 ) ;
#4045 = EDGE_CURVE ( 'NONE', #601, #3035, #4223, .T. ) ;
#4046 = FACE_OUTER_BOUND ( 'NONE', #526, .T. ) ;
#4047 = LINE ( 'NONE', #454, #2594 ) ;
#4048 = VERTEX_POINT ( 'NONE', #2893 ) ;
#4049 = DIRECTION ( 'NONE',  ( 0.000000000000000000, 0.000000000000000000, 1.000000000000000000 ) ) ;
#4050 = DIRECTION ( 'NONE',  ( 0.000000000000000000, 1.000000000000000000, 0.000000000000000000 ) ) ;
#4051 = LINE ( 'NONE', #1661, #4008 ) ;
#4052 = EDGE_CURVE ( 'NONE', #601, #3086, #1240, .T. ) ;
#4053 = DIRECTION ( 'NONE',  ( 0.000000000000000000, -1.000000000000000000, 0.000000000000000000 ) ) ;
#4054 = CARTESIAN_POINT ( 'NONE',  ( -4.000000000000000000, -7.799999999999999822, 1.495000000000000107 ) ) ;
#4055 = ORIENTED_EDGE ( 'NONE', *, *, #3337, .F. ) ;
#4056 = ORIENTED_EDGE ( 'NONE', *, *, #325, .F. ) ;
#4057 = DIRECTION ( 'NONE',  ( 0.000000000000000000, 1.000000000000000000, 0.000000000000000000 ) ) ;
#4058 = DIRECTION ( 'NONE',  ( 0.000000000000000000, 1.000000000000000000, -7.372574772901430151E-15 ) ) ;
#4059 = CARTESIAN_POINT ( 'NONE',  ( 4.128068267874875019, 10.90000000000000036, -2.078338223412790065 ) ) ;
#4060 = FACE_OUTER_BOUND ( 'NONE', #3205, .T. ) ;
#4061 = CIRCLE ( 'NONE', #731, 1.650000000000000577 ) ;
#4062 = DIRECTION ( 'NONE',  ( -1.000000000000000000, 0.000000000000000000, -7.372574772901423840E-15 ) ) ;
#4063 = ORIENTED_EDGE ( 'NONE', *, *, #2624, .T. ) ;
#4064 = EDGE_CURVE ( 'NONE', #3673, #3081, #2783, .T. ) ;
#4065 = CARTESIAN_POINT ( 'NONE',  ( -4.000000000000000000, -8.300000000000000711, -1.495000000000000107 ) ) ;
#4066 = FACE_OUTER_BOUND ( 'NONE', #3471, .T. ) ;
#4067 = ORIENTED_EDGE ( 'NONE', *, *, #2865, .T. ) ;
#4068 = VECTOR ( 'NONE', #74, 1000.000000000000000 ) ;
#4069 =( GEOMETRIC_REPRESENTATION_CONTEXT ( 3 ) GLOBAL_UNCERTAINTY_ASSIGNED_CONTEXT ( ( #3447 ) ) GLOBAL_UNIT_ASSIGNED_CONTEXT ( ( #1730, #1642, #3085 ) ) REPRESENTATION_CONTEXT ( 'NONE', 'WORKASPACE' ) );
#4070 = DIRECTION ( 'NONE',  ( 0.000000000000000000, 0.000000000000000000, -1.000000000000000000 ) ) ;
#4071 = LINE ( 'NONE', #3181, #1208 ) ;
#4072 = VERTEX_POINT ( 'NONE', #1253 ) ;
#4073 = ADVANCED_FACE ( 'NONE', ( #2787 ), #2234, .F. ) ;
#4074 = CARTESIAN_POINT ( 'NONE',  ( -2.535897435897434882, 24.78707656525730130, 1.776923076923075051 ) ) ;
#4075 = CARTESIAN_POINT ( 'NONE',  ( 3.889743589743590135, 10.90000000000000036, -1.715224358974360097 ) ) ;
#4076 = AXIS2_PLACEMENT_3D ( 'NONE', #2618, #518, #4293 ) ;
#4077 = LINE ( 'NONE', #4002, #2643 ) ;
#4078 = FACE_OUTER_BOUND ( 'NONE', #3432, .T. ) ;
#4079 = CARTESIAN_POINT ( 'NONE',  ( 3.214663461538459721, 10.90000000000000036, -2.700000000000000178 ) ) ;
#4080 = DIRECTION ( 'NONE',  ( -0.000000000000000000, 1.000000000000000000, -0.000000000000000000 ) ) ;
#4081 = DIRECTION ( 'NONE',  ( 0.000000000000000000, -1.000000000000000000, 0.000000000000000000 ) ) ;
#4082 = CARTESIAN_POINT ( 'NONE',  ( 4.100000000000000533, 11.09999999999999964, 1.525000000000000133 ) ) ;
#4083 = DIRECTION ( 'NONE',  ( 0.000000000000000000, -1.000000000000000000, 0.000000000000000000 ) ) ;
#4084 = CARTESIAN_POINT ( 'NONE',  ( 3.997094304411905163, 11.09999999999999964, -2.376129967985269875 ) ) ;
#4085 = LINE ( 'NONE', #3225, #4104 ) ;
#4086 = ORIENTED_EDGE ( 'NONE', *, *, #438, .F. ) ;
#4087 = VERTEX_POINT ( 'NONE', #1474 ) ;
#4088 = CARTESIAN_POINT ( 'NONE',  ( 3.803558654875299538, 10.90000000000000036, -0.8331766423787499987 ) ) ;
#4089 =( NAMED_UNIT ( * ) SI_UNIT ( $, .STERADIAN. ) SOLID_ANGLE_UNIT ( ) );
#4090 = LINE ( 'NONE', #1019, #1082 ) ;
#4091 = CARTESIAN_POINT ( 'NONE',  ( -4.000000000000000000, 0.000000000000000000, 1.044999999999999929 ) ) ;
#4092 = LINE ( 'NONE', #2509, #2658 ) ;
#4093 = ORIENTED_EDGE ( 'NONE', *, *, #908, .T. ) ;
#4094 = ORIENTED_EDGE ( 'NONE', *, *, #2077, .T. ) ;
#4095 = VERTEX_POINT ( 'NONE', #3352 ) ;
#4096 = EDGE_CURVE ( 'NONE', #3641, #4048, #2740, .T. ) ;
#4097 = DIRECTION ( 'NONE',  ( 0.000000000000000000, -1.000000000000000000, 0.000000000000000000 ) ) ;
#4098 = VECTOR ( 'NONE', #1726, 1000.000000000000000 ) ;
#4099 = VERTEX_POINT ( 'NONE', #1924 ) ;
#4100 = ORIENTED_EDGE ( 'NONE', *, *, #3297, .F. ) ;
#4101 = CARTESIAN_POINT ( 'NONE',  ( 10.90000000000000036, 3.100000000000000089, -1.650000000000000577 ) ) ;
#4102 = CARTESIAN_POINT ( 'NONE',  ( -2.050000000000000266, 7.100000000000000533, 0.2500000000000000000 ) ) ;
#4103 = DIRECTION ( 'NONE',  ( 0.000000000000000000, 0.000000000000000000, -1.000000000000000000 ) ) ;
#4104 = VECTOR ( 'NONE', #4274, 1000.000000000000000 ) ;
#4105 = ORIENTED_EDGE ( 'NONE', *, *, #4180, .T. ) ;
#4106 = DIRECTION ( 'NONE',  ( 0.000000000000000000, 0.000000000000000000, 1.000000000000000000 ) ) ;
#4107 = DIRECTION ( 'NONE',  ( 0.000000000000000000, -1.000000000000000000, 0.000000000000000000 ) ) ;
#4108 = ADVANCED_FACE ( 'NONE', ( #1334 ), #1206, .F. ) ;
#4109 = CARTESIAN_POINT ( 'NONE',  ( 0.000000000000000000, -8.300000000000000711, 0.000000000000000000 ) ) ;
#4110 = CARTESIAN_POINT ( 'NONE',  ( 0.000000000000000000, 0.000000000000000000, 0.000000000000000000 ) ) ;
#4111 = LINE ( 'NONE', #92, #2656 ) ;
#4112 = CARTESIAN_POINT ( 'NONE',  ( 4.024790217835584549, 10.90000000000000036, -2.331873995308380021 ) ) ;
#4113 = ORIENTED_EDGE ( 'NONE', *, *, #809, .F. ) ;
#4114 = EDGE_CURVE ( 'NONE', #1061, #1217, #4198, .T. ) ;
#4115 = ORIENTED_EDGE ( 'NONE', *, *, #2607, .F. ) ;
#4116 = ORIENTED_EDGE ( 'NONE', *, *, #3237, .T. ) ;
#4117 = DIRECTION ( 'NONE',  ( -1.000000000000000000, 0.000000000000000000, 0.000000000000000000 ) ) ;
#4118 = CARTESIAN_POINT ( 'NONE',  ( 4.170212162216654583, 10.90000000000000036, -1.602155238295610129 ) ) ;
#4119 = CARTESIAN_POINT ( 'NONE',  ( 3.710701364758575149, 10.90000000000000036, -2.312229867812420014 ) ) ;
#4120 = FACE_OUTER_BOUND ( 'NONE', #1276, .T. ) ;
#4121 = ORIENTED_EDGE ( 'NONE', *, *, #504, .F. ) ;
#4122 = ORIENTED_EDGE ( 'NONE', *, *, #3192, .F. ) ;
#4123 = CARTESIAN_POINT ( 'NONE',  ( 1.550000000000000044, -7.516648189186459383, 0.2500000000000000000 ) ) ;
#4124 = DIRECTION ( 'NONE',  ( 1.000000000000000000, -0.000000000000000000, -0.000000000000000000 ) ) ;
#4125 = FACE_OUTER_BOUND ( 'NONE', #143, .T. ) ;
#4126 = ORIENTED_EDGE ( 'NONE', *, *, #2607, .T. ) ;
#4127 = CARTESIAN_POINT ( 'NONE',  ( 3.712190597147765114, 11.09999999999999964, -1.089066397686376142 ) ) ;
#4128 = CARTESIAN_POINT ( 'NONE',  ( 3.621725517846814846, 11.09999999999999964, -1.011206330708999790 ) ) ;
#4129 = EDGE_CURVE ( 'NONE', #3674, #1932, #3806, .T. ) ;
#4130 = DIRECTION ( 'NONE',  ( 1.927470528863119029E-14, 0.000000000000000000, 1.000000000000000000 ) ) ;
#4131 = CARTESIAN_POINT ( 'NONE',  ( 3.271963749032134938, 10.90000000000000036, -2.468587476016619764 ) ) ;
#4132 = VECTOR ( 'NONE', #3027, 1000.000000000000000 ) ;
#4133 = ADVANCED_FACE ( 'NONE', ( #1348 ), #1943, .T. ) ;
#4134 = ORIENTED_EDGE ( 'NONE', *, *, #3649, .F. ) ;
#4135 = ORIENTED_EDGE ( 'NONE', *, *, #2497, .F. ) ;
#4136 = CARTESIAN_POINT ( 'NONE',  ( 3.375000000000000000, 11.09999999999999964, 2.600000000000000089 ) ) ;
#4137 = PLANE ( 'NONE',  #1656 ) ;
#4138 = PLANE ( 'NONE',  #206 ) ;
#4139 = CARTESIAN_POINT ( 'NONE',  ( 9.500000000000000000, 3.100000000000000089, -1.650000000000000577 ) ) ;
#4140 = CARTESIAN_POINT ( 'NONE',  ( -9.500000000000000000, 3.100000000000000089, -1.650000000000000577 ) ) ;
#4141 = VECTOR ( 'NONE', #1122, 1000.000000000000000 ) ;
#4142 = VERTEX_POINT ( 'NONE', #3160 ) ;
#4143 = ORIENTED_EDGE ( 'NONE', *, *, #1818, .F. ) ;
#4144 = ADVANCED_FACE ( 'NONE', ( #4211 ), #3953, .F. ) ;
#4145 = CARTESIAN_POINT ( 'NONE',  ( 0.000000000000000000, -8.300000000000000711, 0.000000000000000000 ) ) ;
#4146 = DIRECTION ( 'NONE',  ( 0.000000000000000000, -1.000000000000000000, 0.000000000000000000 ) ) ;
#4147 = LINE ( 'NONE', #3808, #1293 ) ;
#4148 = VERTEX_POINT ( 'NONE', #1161 ) ;
#4149 = SURFACE_SIDE_STYLE ('',( #1250 ) ) ;
#4151 = VERTEX_POINT ( 'NONE', #81 ) ;
#4150 = LINE ( 'NONE', #678, #2761 ) ;
#4152 = DIRECTION ( 'NONE',  ( 0.000000000000000000, -1.000000000000000000, 0.000000000000000000 ) ) ;
#4153 = CARTESIAN_POINT ( 'NONE',  ( 2.812820512820514818, 11.09999999999999964, -0.9307692307692310152 ) ) ;
#4154 = VECTOR ( 'NONE', #4243, 1000.000000000000000 ) ;
#4156 = ORIENTED_EDGE ( 'NONE', *, *, #3337, .T. ) ;
#4155 = VECTOR ( 'NONE', #2821, 1000.000000000000000 ) ;
#4157 = EDGE_CURVE ( 'NONE', #1345, #430, #1257, .T. ) ;
#4158 = CARTESIAN_POINT ( 'NONE',  ( -9.500000000000000000, 3.100000000000000089, -1.650000000000000577 ) ) ;
#4159 = CARTESIAN_POINT ( 'NONE',  ( 3.462266912523559892, 11.09999999999999964, -0.9498855950119000635 ) ) ;
#4160 = VECTOR ( 'NONE', #3859, 1000.000000000000000 ) ;
#4162 = EDGE_LOOP ( 'NONE', ( #272, #3810, #1237, #369 ) ) ;
#4161 = LINE ( 'NONE', #1814, #1427 ) ;
#4163 = CARTESIAN_POINT ( 'NONE',  ( 3.697435897435895402, 10.90000000000000036, -1.072195512820512064 ) ) ;
#4164 = AXIS2_PLACEMENT_3D ( 'NONE', #1242, #4233, #172 ) ;
#4165 = DIRECTION ( 'NONE',  ( 0.000000000000000000, 1.000000000000000000, 0.000000000000000000 ) ) ;
#4166 = DIRECTION ( 'NONE',  ( 0.000000000000000000, 0.000000000000000000, 1.000000000000000000 ) ) ;
#4167 = DIRECTION ( 'NONE',  ( -1.000000000000000000, 0.000000000000000000, 0.000000000000000000 ) ) ;
#4168 = FACE_OUTER_BOUND ( 'NONE', #2248, .T. ) ;
#4169 = ADVANCED_FACE ( 'NONE', ( #1319 ), #105, .F. ) ;
#4170 = ORIENTED_EDGE ( 'NONE', *, *, #3326, .T. ) ;
#4171 = DIRECTION ( 'NONE',  ( -1.000000000000000000, -6.938893903907228378E-15, 0.000000000000000000 ) ) ;
#4172 = AXIS2_PLACEMENT_3D ( 'NONE', #267, #11, #292 ) ;
#4173 = DIRECTION ( 'NONE',  ( 0.000000000000000000, 1.000000000000000000, 0.000000000000000000 ) ) ;
#4174 = EDGE_CURVE ( 'NONE', #2481, #471, #2766, .T. ) ;
#4175 = CARTESIAN_POINT ( 'NONE',  ( -2.050000000000000266, 10.90000000000000036, 0.2500000000000000000 ) ) ;
#4176 = AXIS2_PLACEMENT_3D ( 'NONE', #4235, #1486, #2224 ) ;
#4177 = FACE_OUTER_BOUND ( 'NONE', #1310, .T. ) ;
#4179 = ORIENTED_EDGE ( 'NONE', *, *, #1934, .F. ) ;
#4178 = LINE ( 'NONE', #3141, #4155 ) ;
#4180 = EDGE_CURVE ( 'NONE', #110, #1897, #2679, .T. ) ;
#4181 = DIRECTION ( 'NONE',  ( 0.000000000000000000, -1.000000000000000000, 0.000000000000000000 ) ) ;
#4182 = VECTOR ( 'NONE', #3531, 1000.000000000000000 ) ;
#4183 = ORIENTED_EDGE ( 'NONE', *, *, #504, .T. ) ;
#4184 = EDGE_CURVE ( 'NONE', #4151, #136, #1247, .T. ) ;
#4185 = CARTESIAN_POINT ( 'NONE',  ( 2.050000000000000266, 7.100000000000000533, -0.2500000000000000000 ) ) ;
#4186 = CARTESIAN_POINT ( 'NONE',  ( -2.407692307692309797, 10.90000000000000036, 2.469230769230769784 ) ) ;
#4187 = FACE_OUTER_BOUND ( 'NONE', #1737, .T. ) ;
#4188 = VERTEX_POINT ( 'NONE', #3482 ) ;
#4189 = DIRECTION ( 'NONE',  ( 1.000000000000000000, 0.000000000000000000, 0.000000000000000000 ) ) ;
#4190 = DIRECTION ( 'NONE',  ( 0.000000000000000000, 0.000000000000000000, 1.000000000000000000 ) ) ;
#4191 = EDGE_CURVE ( 'NONE', #1635, #236, #4230, .T. ) ;
#4192 = DIRECTION ( 'NONE',  ( 0.000000000000000000, 0.000000000000000000, -1.000000000000000000 ) ) ;
#4193 = DIRECTION ( 'NONE',  ( 0.000000000000000000, 0.000000000000000000, 1.000000000000000000 ) ) ;
#4194 = LINE ( 'NONE', #4175, #4205 ) ;
#4195 = ORIENTED_EDGE ( 'NONE', *, *, #4191, .T. ) ;
#4196 = DIRECTION ( 'NONE',  ( 0.000000000000000000, -1.000000000000000000, 0.000000000000000000 ) ) ;
#4197 = EDGE_CURVE ( 'NONE', #1667, #360, #4245, .T. ) ;
#4198 = LINE ( 'NONE', #502, #1315 ) ;
#4199 = ADVANCED_FACE ( 'NONE', ( #4168 ), #1901, .T. ) ;
#4201 = ORIENTED_EDGE ( 'NONE', *, *, #3657, .F. ) ;
#4200 = LINE ( 'NONE', #3262, #1282 ) ;
#4202 = CARTESIAN_POINT ( 'NONE',  ( -4.000000000000000000, -8.300000000000000711, 1.495000000000000107 ) ) ;
#4203 = CARTESIAN_POINT ( 'NONE',  ( 3.710701364758575149, 10.90000000000000036, -2.312229867812420014 ) ) ;
#4204 = CARTESIAN_POINT ( 'NONE',  ( 3.600000000000000089, -8.300000000000000711, 1.044999999999999929 ) ) ;
#4205 = VECTOR ( 'NONE', #3771, 1000.000000000000000 ) ;
#4206 = ORIENTED_EDGE ( 'NONE', *, *, #1645, .T. ) ;
#4207 = DIRECTION ( 'NONE',  ( -1.000000000000000000, -0.000000000000000000, 0.000000000000000000 ) ) ;
#4208 = DIRECTION ( 'NONE',  ( 0.000000000000000000, 0.000000000000000000, 1.000000000000000000 ) ) ;
#4209 = CARTESIAN_POINT ( 'NONE',  ( -2.535897435897434882, 10.90000000000000036, 1.546153846153845102 ) ) ;
#4210 = AXIS2_PLACEMENT_3D ( 'NONE', #3175, #1300, #2496 ) ;
#4211 = FACE_OUTER_BOUND ( 'NONE', #1640, .T. ) ;
#4213 = ORIENTED_EDGE ( 'NONE', *, *, #1297, .F. ) ;
#4212 = SURFACE_STYLE_FILL_AREA ( #944 ) ;
#4214 = DIRECTION ( 'NONE',  ( 0.000000000000000000, 0.000000000000000000, 1.000000000000000000 ) ) ;
#4215 = CARTESIAN_POINT ( 'NONE',  ( -10.89999999999999147, 3.100000000000000089, -2.500000000000000888 ) ) ;
#4216 = CARTESIAN_POINT ( 'NONE',  ( 3.548798076923074696, 10.90000000000000036, -2.427964743589744678 ) ) ;
#4217 = VECTOR ( 'NONE', #4146, 1000.000000000000000 ) ;
#4218 = ORIENTED_EDGE ( 'NONE', *, *, #3638, .F. ) ;
#4219 = CARTESIAN_POINT ( 'NONE',  ( -3.375000000000000000, 24.78707656525730130, -0.8000000000000000444 ) ) ;
#4220 = STYLED_ITEM ( 'NONE', ( #3887 ), #3481 ) ;
#4221 = CARTESIAN_POINT ( 'NONE',  ( 3.742501825154679995, 11.09999999999999964, -1.123724997849969931 ) ) ;
#4222 = EDGE_CURVE ( 'NONE', #3890, #3359, #2802, .T. ) ;
#4223 = LINE ( 'NONE', #2194, #1298 ) ;
#4224 = PLANE ( 'NONE',  #2846 ) ;
#4225 = VECTOR ( 'NONE', #472, 1000.000000000000000 ) ;
#4226 = DIRECTION ( 'NONE',  ( -0.000000000000000000, 1.000000000000000000, -0.000000000000000000 ) ) ;
#4227 = DIRECTION ( 'NONE',  ( 1.000000000000000000, 0.000000000000000000, -1.752245935330111879E-16 ) ) ;
#4228 = CARTESIAN_POINT ( 'NONE',  ( 9.500000000000000000, 3.100000000000000089, 1.650000000000000577 ) ) ;
#4229 = EDGE_CURVE ( 'NONE', #3033, #3691, #1262, .T. ) ;
#4230 = LINE ( 'NONE', #2549, #2795 ) ;
#4231 = ORIENTED_EDGE ( 'NONE', *, *, #3130, .F. ) ;
#4232 =( LENGTH_UNIT ( ) NAMED_UNIT ( * ) SI_UNIT ( .MILLI., .METRE. ) );
#4233 = DIRECTION ( 'NONE',  ( -0.7071067811865500152, 0.000000000000000000, -0.7071067811865450192 ) ) ;
#4234 = VECTOR ( 'NONE', #218, 1000.000000000000000 ) ;
#4235 = CARTESIAN_POINT ( 'NONE',  ( 5.950000000000000178, 2.600000000000000089, -2.500000000000001776 ) ) ;
#4236 = EDGE_CURVE ( 'NONE', #111, #2330, #1272, .T. ) ;
#4238 = VECTOR ( 'NONE', #3090, 1000.000000000000000 ) ;
#4237 = FACE_OUTER_BOUND ( 'NONE', #1784, .T. ) ;
#4239 = CARTESIAN_POINT ( 'NONE',  ( 3.375000000000000000, 24.78707656525730130, 1.875000000000000000 ) ) ;
#4240 = PLANE ( 'NONE',  #1067 ) ;
#4241 = ADVANCED_FACE ( 'NONE', ( #4177 ), #3501, .T. ) ;
#4242 = DIRECTION ( 'NONE',  ( -1.000000000000000000, 0.000000000000000000, 0.000000000000000000 ) ) ;
#4243 = DIRECTION ( 'NONE',  ( 0.000000000000000000, 1.000000000000000000, 0.000000000000000000 ) ) ;
#4244 = CARTESIAN_POINT ( 'NONE',  ( 3.332830314730304888, 11.09999999999999964, -0.7009781573292650503 ) ) ;
#4245 = LINE ( 'NONE', #3172, #1342 ) ;
#4246 = ORIENTED_EDGE ( 'NONE', *, *, #2778, .T. ) ;
#4247 = EDGE_CURVE ( 'NONE', #2792, #672, #2721, .T. ) ;
#4248 = PLANE ( 'NONE',  #4076 ) ;
#4249 = VECTOR ( 'NONE', #1727, 1000.000000000000000 ) ;
#4250 = CARTESIAN_POINT ( 'NONE',  ( 3.838175647486650188, 11.09999999999999964, -2.544562183913274822 ) ) ;
#4252 = ORIENTED_EDGE ( 'NONE', *, *, #1466, .T. ) ;
#4251 = VECTOR ( 'NONE', #2585, 1000.000000000000000 ) ;
#4253 = EDGE_CURVE ( 'NONE', #1960, #2751, #1352, .T. ) ;
#4254 = PLANE ( 'NONE',  #1166 ) ;
#4255 = CARTESIAN_POINT ( 'NONE',  ( -3.024999999999999911, 24.78707656525730130, -2.600000000000000089 ) ) ;
#4257 = LINE ( 'NONE', #2877, #1368 ) ;
#4256 = FACE_OUTER_BOUND ( 'NONE', #3313, .T. ) ;
#4258 = CARTESIAN_POINT ( 'NONE',  ( 3.522859972016394892, 11.09999999999999964, -0.9659298696503940684 ) ) ;
#4259 = AXIS2_PLACEMENT_3D ( 'NONE', #1609, #2320, #2973 ) ;
#4260 = DIRECTION ( 'NONE',  ( 0.7071067811865444641, 0.000000000000000000, -0.7071067811865505703 ) ) ;
#4262 = ORIENTED_EDGE ( 'NONE', *, *, #4287, .F. ) ;
#4261 = VECTOR ( 'NONE', #135, 1000.000000000000000 ) ;
#4263 = DIRECTION ( 'NONE',  ( -0.000000000000000000, -1.000000000000000000, -0.000000000000000000 ) ) ;
#4264 = CARTESIAN_POINT ( 'NONE',  ( -2.458974358974360008, 24.78707656525730130, 0.6999999999999999556 ) ) ;
#4265 = DIRECTION ( 'NONE',  ( 0.000000000000000000, 0.000000000000000000, 1.000000000000000000 ) ) ;
#4266 = LINE ( 'NONE', #3443, #2797 ) ;
#4267 = CARTESIAN_POINT ( 'NONE',  ( -5.950000000000000178, 0.000000000000000000, 3.149999999999999911 ) ) ;
#4268 = EDGE_CURVE ( 'NONE', #3033, #2376, #4111, .T. ) ;
#4270 = ORIENTED_EDGE ( 'NONE', *, *, #3454, .F. ) ;
#4269 = LINE ( 'NONE', #2233, #4251 ) ;
#4271 = CARTESIAN_POINT ( 'NONE',  ( -11.75000000000000000, 2.600000000000000089, -1.650000000000000577 ) ) ;
#4272 = DIRECTION ( 'NONE',  ( 0.000000000000000000, 0.000000000000000000, -1.000000000000000000 ) ) ;
#4273 = CARTESIAN_POINT ( 'NONE',  ( -4.000000000000000000, -7.799999999999999822, -1.044999999999999929 ) ) ;
#4274 = DIRECTION ( 'NONE',  ( 0.000000000000000000, 0.000000000000000000, 1.000000000000000000 ) ) ;
#4275 = CARTESIAN_POINT ( 'NONE',  ( 2.050000000000000266, 3.100000000000000089, -3.149999999999999911 ) ) ;
#4277 = ORIENTED_EDGE ( 'NONE', *, *, #3266, .T. ) ;
#4276 = VECTOR ( 'NONE', #147, 1000.000000000000000 ) ;
#4278 = CARTESIAN_POINT ( 'NONE',  ( 1.550000000000000044, -7.516648189186459383, -0.2500000000000000000 ) ) ;
#4279 = CARTESIAN_POINT ( 'NONE',  ( 3.276240613098989840, 11.09999999999999964, -0.7003323698178309797 ) ) ;
#4280 = DIRECTION ( 'NONE',  ( 1.000000000000000000, 0.000000000000000000, 0.000000000000000000 ) ) ;
#4281 = EDGE_CURVE ( 'NONE', #1548, #894, #1278, .T. ) ;
#4283 = VERTEX_POINT ( 'NONE', #418 ) ;
#4282 = VECTOR ( 'NONE', #2931, 1000.000000000000000 ) ;
#4284 = PLANE ( 'NONE',  #1887 ) ;
#4285 = CARTESIAN_POINT ( 'NONE',  ( -10.90000000000000036, 3.100000000000000089, -1.650000000000000577 ) ) ;
#4286 = CARTESIAN_POINT ( 'NONE',  ( 3.218269230769230216, 10.90000000000000036, -2.469230769230769784 ) ) ;
#4287 = EDGE_CURVE ( 'NONE', #2124, #620, #2738, .T. ) ;
#4288 =( NAMED_UNIT ( * ) SI_UNIT ( $, .STERADIAN. ) SOLID_ANGLE_UNIT ( ) );
#4289 = ADVANCED_FACE ( 'NONE', ( #1245 ), #1411, .T. ) ;
#4290 = B_SPLINE_SURFACE_WITH_KNOTS ( 'NONE', 3, 1, ( 
 ( #3372, #1699 ),
 ( #35, #2668 ),
 ( #2758, #4118 ),
 ( #3706, #80 ),
 ( #751, #2043 ),
 ( #3026, #1613 ),
 ( #3671, #271 ),
 ( #3737, #1008 ),
 ( #1095, #2977 ),
 ( #3002, #603 ),
 ( #1033, #320 ),
 ( #1429, #1724 ),
 ( #1379, #640 ),
 ( #2452, #4088 ),
 ( #2788, #3079 ),
 ( #349, #2325 ),
 ( #4032, #984 ),
 ( #1333, #3310 ),
 ( #3282, #15 ),
 ( #1672, #1979 ),
 ( #4244, #1426 ),
 ( #201, #177 ),
 ( #100, #3532 ) ),
 .UNSPECIFIED., .F., .F., .F.,
 ( 4, 1, 1, 1, 1, 1, 1, 1, 1, 1, 1, 1, 1, 1, 1, 1, 1, 1, 1, 1, 4 ),
 ( 2, 2 ),
 ( 0.000000000000000000, 0.07053769134858839385, 0.1372646867459542119, 0.2004717800514644876, 0.2605726507386385005, 0.3172033328322664825, 0.3700059665960385158, 0.4198240769487199819, 0.4662405666681539995, 0.5101335732312349824, 0.5520810507302990056, 0.5918629642582050598, 0.6303363934104360133, 0.6687155633051180548, 0.7087060924827750519, 0.7508955766676820298, 0.7952853503774169885, 0.8419800983167449182, 0.8917647923814719935, 0.9442941902680850319, 1.000000000000000000 ),
 ( 0.000000000000000000, 1.000000000000000000 ),
 .UNSPECIFIED. ) ;
#4292 = VERTEX_POINT ( 'NONE', #2620 ) ;
#4291 = LINE ( 'NONE', #3505, #61 ) ;
#4293 = DIRECTION ( 'NONE',  ( 0.000000000000000000, 1.000000000000000000, 0.000000000000000000 ) ) ;
#4294 = CARTESIAN_POINT ( 'NONE',  ( 1.550000000000000044, 3.100000000000000089, -2.649999999999999911 ) ) ;
#4296 = ORIENTED_EDGE ( 'NONE', *, *, #16, .F. ) ;
#4295 = CYLINDRICAL_SURFACE ( 'NONE', #595, 1.350000000000000311 ) ;
#4297 = EDGE_CURVE ( 'NONE', #3588, #2617, #2686, .T. ) ;
#4298 = ADVANCED_FACE ( 'NONE', ( #3960 ), #1132, .T. ) ;
#4299 = CARTESIAN_POINT ( 'NONE',  ( 3.942788349660765856, 10.90000000000000036, -0.9614050155283649923 ) ) ;
#4300 = CARTESIAN_POINT ( 'NONE',  ( 3.548798076923074696, 11.09999999999999964, -2.427964743589744678 ) ) ;
#4302 = FACE_OUTER_BOUND ( 'NONE', #911, .T. ) ;
#4301 = LINE ( 'NONE', #898, #1412 ) ;
#4303 = EDGE_CURVE ( 'NONE', #1925, #3752, #2584, .T. ) ;
#4304 = CARTESIAN_POINT ( 'NONE',  ( 1.550000000000000044, 10.90000000000000036, -2.649999999999999911 ) ) ;
#4305 = DIRECTION ( 'NONE',  ( 0.000000000000000000, 1.000000000000000000, 0.000000000000000000 ) ) ;
#4307 = FACE_BOUND ( 'NONE', #168, .T. ) ;
#4306 = FACE_OUTER_BOUND ( 'NONE', #3504, .T. ) ;
#4308 = DIRECTION ( 'NONE',  ( 1.000000000000000000, 0.000000000000000000, 0.000000000000000000 ) ) ;
#4309 = CARTESIAN_POINT ( 'NONE',  ( 3.858894230769229772, 11.09999999999999964, -2.528125000000000178 ) ) ;
#4310 = AXIS2_PLACEMENT_3D ( 'NONE', #4101, #2773, #3652 ) ;
#4311 = DIRECTION ( 'NONE',  ( 0.000000000000000000, 1.000000000000000000, 0.000000000000000000 ) ) ;
#4312 = CARTESIAN_POINT ( 'NONE',  ( -2.050000000000000266, 10.90000000000000036, -0.2500000000000000000 ) ) ;
#4313 = EDGE_CURVE ( 'NONE', #846, #3636, #4090, .T. ) ;
#4315 = ORIENTED_EDGE ( 'NONE', *, *, #1269, .T. ) ;
#4314 = VECTOR ( 'NONE', #391, 1000.000000000000000 ) ;
#4316 = CARTESIAN_POINT ( 'NONE',  ( -3.587179487179489978, 24.78707656525730130, 0.9307692307692310152 ) ) ;
#4317 = DIRECTION ( 'NONE',  ( 0.000000000000000000, 0.000000000000000000, -1.000000000000000000 ) ) ;
ENDSEC;
END-ISO-10303-21;
